expression,reading,meaning,tags,guid,example_jp,example_reading_hiragana,example_ko
現像,げんぞう,필름 현상,JLPT_1 JLPT,v9bha+<cj},フィルムを暗室で現像した。,ふぃるむをあんしつでげんぞうした。,필름을 암실에서 현상했다.
原則,げんそく,원칙,JLPT_1 JLPT,dVC[`t${#`,申請は原則として本人が行ってください。,しんせいはげんそくとしてほんにんがおこなってください。,신청은 원칙적으로 본인이 해 주세요.
見地,けんち,견지·관점,JLPT_1 JLPT,wk)a!>hpi:,長期的な見地から計画を見直す必要がある。,ちょうきてきなけんちからけいかくをみなおすひつようがある。,장기적인 관점에서 계획을 재검토할 필요가 있다.
現地,げんち,현지·실제 장소,JLPT_1 JLPT,G$>SwAUY5:,担当者が現地で被害の状況を確認した。,たんとうしゃがげんちでひがいのじょうきょうをかくにんした。,담당자가 현지에서 피해 상황을 확인했다.
限定,げんてい,한정·제한,JLPT_1 JLPT,o%F/8(![P3,この商品は一日百個限定で販売する。,このしょうひんはいちにちひゃっこげんていではんばいする。,이 상품은 하루 백 개 한정으로 판매한다.
原点,げんてん,원점·기점,JLPT_1 JLPT,bXdt~Sz`DP,迷ったときは原点に戻って考えよう。,まよったときはげんてんにもどってかんがえよう。,망설여질 때는 원점으로 돌아가 생각해 보자.
原典,げんてん,원전·출처,JLPT_1 JLPT,EB`MVeV|+3,引用部分を原典と照らし合わせた。,いんようぶぶんをげんてんとてらしあわせた。,인용 부분을 원전과 대조했다.
原爆,げんばく,원자 폭탄 (원폭),JLPT_1 JLPT,qVu!~xa[nC,広島に投下された原爆について学んだ。,ひろしまにとうかされたげんばくについてまなんだ。,히로시마에 투하된 원폭에 대해 배웠다.
原文,げんぶん,원문,JLPT_1 JLPT,w>egRzs&//,翻訳だけでなく原文も確認してください。,ほんやくだけでなくげんぶんもかくにんしてください。,번역뿐만 아니라 원문도 확인해 주세요.
厳密,げんみつ,엄밀함·정밀함,JLPT_1 JLPT,k<}V}HBo:Y,二つの言葉は厳密には意味が異なる。,ふたつのことばはげんみつにはいみがことなる。,두 단어는 엄밀히 말하면 의미가 다르다.
賢明,けんめい,현명함·지혜,JLPT_1 JLPT,rF6VPIq@Kt,問題が深刻になる前に相談するのが賢明だ。,もんだいがしんこくになるまえにそうだんするのがけんめいだ。,문제가 심각해지기 전에 상담하는 것이 현명하다.
倹約,けんやく,검약·절약,JLPT_1 JLPT,G)qGN7wCPF,毎月の支出を見直して倹約に努めている。,まいつきのししゅつをみなおしてけんやくにつとめている。,매달 지출을 재검토하며 절약에 힘쓰고 있다.
原油,げんゆ,원유,JLPT_1 JLPT,mqzQ4phBV%,国際情勢の影響で原油の価格が上がった。,こくさいじょうせいのえいきょうでげんゆのかかくがあがった。,국제 정세의 영향으로 원유 가격이 올랐다.
兼用,けんよう,겸용,JLPT_1 JLPT,Q[mY;6;Blm,晴雨兼用の傘を一本持ち歩いている。,せいうけんようのかさをいっぽんもちあるいている。,맑은 날과 비 오는 날 모두 쓸 수 있는 우산 하나를 가지고 다닌다.
権力,けんりょく,권력·권세,JLPT_1 JLPT,zLBVbQJht),指導者に権力が集中する危険性を指摘した。,しどうしゃにけんりょくがしゅうちゅうするきけんせいをしてきした。,지도자에게 권력이 집중될 위험성을 지적했다.
言論,げんろん,언론,JLPT_1 JLPT,j=]X!_Sn:<,民主社会では言論の自由が保障されるべきだ。,みんしゅしゃかいではげんろんのじゆうがほしょうされるべきだ。,민주 사회에서는 언론의 자유가 보장되어야 한다.
故～,こ～,고(故)~,JLPT_1 JLPT,l<k2Hl<qF:,式には故山田氏の家族も参列した。,しきにはこやまだしのかぞくもさんれつした。,고 야마다 씨의 가족도 식에 참석했다.
語彙,ごい,어휘·단어장,JLPT_1 JLPT,dg-x#L-S>s,新聞を読むと専門的な語彙が身につく。,しんぶんをよむとせんもんてきなごいがみにつく。,신문을 읽으면 전문적인 어휘를 익힐 수 있다.
恋する,こいする,사랑에 빠지다·사랑하다,JLPT_1 JLPT,x>yH@(e$>B,彼は旅先で出会った女性に恋した。,かれはたびさきでであったじょせいにこいした。,그는 여행지에서 만난 여성을 사랑하게 되었다.
甲,こう,갑(첫 번째)·껍데기,JLPT_1 JLPT,gr(P$T&hE),甲は乙に対して代金を支払うものとする。,こうはおつにたいしてだいきんをしはらうものとする。,갑은 을에게 대금을 지급하는 것으로 한다.
～光,～こう,빛,JLPT_1 JLPT,dR[Ye:I0gD,太陽光を利用して電気をつくる。,たいようこうをりようしてでんきをつくる。,태양광을 이용해 전기를 만든다.
好意,こうい,호의·친절,JLPT_1 JLPT,f{|~G`MfSc,友人の好意に甘えて家に泊めてもらった。,ゆうじんのこういにあまえていえにとめてもらった。,친구의 호의로 그 집에서 하룻밤 묵었다.
行為,こうい,행위·행동,JLPT_1 JLPT,"x,?`vew_Y^",その行為は法律で固く禁じられている。,そのこういはほうりつでかたくきんじられている。,그 행위는 법률로 엄격히 금지되어 있다.
合意,ごうい,합의·동의,JLPT_1 JLPT,u5DPHkD^67,双方は新しい条件で合意に達した。,そうほうはあたらしいじょうけんでごういにたっした。,양측은 새로운 조건에 합의했다.
工学,こうがく,공학,JLPT_1 JLPT,nLBSX>%S~{,兄は大学で機械工学を学んでいる。,あにはだいがくできかいこうがくをまなんでいる。,형은 대학에서 기계 공학을 배우고 있다.
抗議,こうぎ,항의,JLPT_1 JLPT,N%yl^:99*x,住民は工事の騒音に抗議した。,じゅうみんはこうじのそうおんにこうぎした。,주민들은 공사 소음에 항의했다.
合議,ごうぎ,합의·회의,JLPT_1 JLPT,g]f7CW]TnO,委員全員の合議で方針を決めた。,いいんぜんいんのごうぎでほうしんをきめた。,위원 전원의 합의로 방침을 정했다.
皇居,こうきょ,고쿄 (황거),JLPT_1 JLPT,s3?rVk?BGD,皇居の周りを走る人が多い。,こうきょのまわりをはしるひとがおおい。,고쿄 주변을 달리는 사람이 많다.
好況,こうきょう,호황,JLPT_1 JLPT,w5c/V*0:/6,海外からの注文が増え、業界は好況だ。,かいがいからのちゅうもんがふえ、ぎょうかいはこうきょうだ。,해외 주문이 늘어 업계는 호황이다.
鉱業,こうぎょう,광업,JLPT_1 JLPT,w)+*p6qI~s,この地域ではかつて鉱業が盛んだった。,このちいきではかつてこうぎょうがさかんだった。,이 지역에서는 과거에 광업이 번성했다.
興業,こうぎょう,흥업·사업을 일으킴,JLPT_1 JLPT,qy~me*:#E{,国は殖産興業を重要な政策に掲げた。,くにはしょくさんこうぎょうをじゅうようなせいさくにかかげた。,국가는 식산흥업을 중요 정책으로 내걸었다.
高原,こうげん,고원,JLPT_1 JLPT,GF2Ak`BNv1,夏でも高原の朝は涼しい。,なつでもこうげんのあさはすずしい。,여름에도 고원의 아침은 서늘하다.
交互,こうご,상호의·교대로 하는,JLPT_1 JLPT,i<WWSGhMtl,二人は交互に車を運転した。,ふたりはこうごにくるまをうんてんした。,두 사람은 번갈아 차를 운전했다.
煌々と,こうこうと,휘황찬란하게·밝게,JLPT_1 JLPT,wYY;?*yl=I,街灯が夜道を煌々と照らしている。,がいとうがよみちをこうこうとてらしている。,가로등이 밤길을 환하게 비추고 있다.
考古学,こうこがく,고고학,JLPT_1 JLPT,CYD1fRQ8EC,遺跡を通して考古学の面白さを知った。,いせきをとおしてこうこがくのおもしろさをしった。,유적을 통해 고고학의 재미를 알게 되었다.
工作,こうさく,공작·수공예,JLPT_1 JLPT,wzz*)FRo9<,子どもたちは紙と木で工作を楽しんだ。,こどもたちはかみときでこうさくをたのしんだ。,아이들은 종이와 나무로 만들기를 즐겼다.
耕作,こうさく,경작·재배,JLPT_1 JLPT,hB|/|8Uy}2,農家はこの土地を何世代にもわたり耕作してきた。,のうかはこのとちをなんせだいにもわたりこうさくしてきた。,농가는 이 땅을 여러 세대에 걸쳐 경작해 왔다.
鉱山,こうざん,광산,JLPT_1 JLPT,"KT!enF:=,%",その鉱山では金が採掘されている。,そのこうざんではきんがさいくつされている。,그 광산에서는 금을 채굴하고 있다.
講習,こうしゅう,강습·훈련,JLPT_1 JLPT,g(z7%o&?^,新入社員向けの安全講習を受けた。,しんにゅうしゃいんむけのあんぜんこうしゅうをうけた。,신입 사원 대상 안전 교육을 받았다.
口述,こうじゅつ,구술·구두 진술,JLPT_1 JLPT,C~8oU(cK0?,事故の経緯を口述して記録に残した。,じこのけいいをこうじゅつしてきろくにのこした。,사고 경위를 구술해 기록으로 남겼다.
控除,こうじょ,공제·보조금,JLPT_1 JLPT,s2uW?Na1t%,確定申告で医療費控除を申請した。,かくていしんこくでいりょうひこうじょをしんせいした。,확정 신고에서 의료비 공제를 신청했다.
交渉,こうしょう,교섭·협상,JLPT_1 JLPT Intermediate_Japanese_Ln.8 Intermediate_Japanese,uv@U[?I@AF,労働条件について会社側と交渉した。,ろうどうじょうけんについてかいしゃがわとこうしょうした。,근로 조건을 두고 회사 측과 협상했다.
高尚,こうしょう,고상한·품격 있는,JLPT_1 JLPT,Ndw<}.:V2o,彼の高尚な理想は多くの人を動かした。,かれのこうしょうなりそうはおおくのひとをうごかした。,그의 고상한 이상은 많은 사람의 마음을 움직였다.
向上,こうじょう,향상·발전,JLPT_1 JLPT,Qcz@t2UD0),毎日の練習で技術が向上した。,まいにちのれんしゅうでぎじゅつがこうじょうした。,매일 연습해서 기술이 향상되었다.
行進,こうしん,행진·퍼레이드,JLPT_1 JLPT,A=w}ZE@917,楽隊が音楽に合わせて行進した。,がくたいがおんがくにあわせてこうしんした。,악대가 음악에 맞춰 행진했다.
香辛料,こうしんりょう,향신료,JLPT_1 JLPT,ce!{r.1}~3,この料理は香辛料の香りが強い。,このりょうりはこうしんりょうのかおりがつよい。,이 요리는 향신료 향이 강하다.
降水,こうすい,강수·강수량,JLPT_1 JLPT,"pb1#Y263n,",この地域は年間の降水量が少ない。,このちいきはねんかんのこうすいりょうがすくない。,이 지역은 연간 강수량이 적다.
洪水,こうずい,홍수,JLPT_1 JLPT,wakC-uKaq},大雨で川があふれ、洪水が起きた。,おおあめでかわがあふれ、こうずいがおきた。,폭우로 강이 넘쳐 홍수가 났다.
合成,ごうせい,합성의·혼합된,JLPT_1 JLPT,c^4E@A0[92,二つの画像を合成して一枚に仕上げた。,ふたつのがぞうをごうせいしていちまいにしあげた。,두 이미지를 합성해 한 장으로 완성했다.
公然,こうぜん,공공연하게·공개적으로,JLPT_1 JLPT,M(>QOkIhfA,彼は会議で公然と方針を批判した。,かれはかいぎでこうぜんとほうしんをひはんした。,그는 회의에서 공공연하게 방침을 비판했다.
抗争,こうそう,항쟁·분쟁,JLPT_1 JLPT,Ayw{S[ULVi,両国の抗争は長年にわたって続いた。,りょうこくのこうそうはながねんにわたってつづいた。,양국의 분쟁은 오랫동안 계속되었다.
構想,こうそう,구상·계획,JLPT_1 JLPT,HJ3]TaFI5x,新しい図書館の構想を市民に示した。,あたらしいとしょかんのこうそうをしみんにしめした。,새 도서관의 구상을 시민들에게 제시했다.
後退,こうたい,후퇴·퇴각,JLPT_1 JLPT,Hg(g(Ch73j,部隊は安全な場所まで後退した。,ぶたいはあんぜんなばしょまでこうたいした。,부대는 안전한 곳까지 후퇴했다.
光沢,こうたく,광택·윤기,JLPT_1 JLPT,sz+BIfx<J$,磨いた床に美しい光沢が出た。,みがいたゆかにうつくしいこうたくがでた。,닦은 바닥에 아름다운 광택이 났다.
公団,こうだん,공단·공공 단체,JLPT_1 JLPT,C&5}~^z)ts,公団が古い住宅を建て替えた。,こうだんがふるいじゅうたくをたてかえた。,공단이 오래된 주택을 새로 지었다.
好調,こうちょう,호조·순조로움,JLPT_1 JLPT,fn+k2uN^.*,新商品の売れ行きは好調だ。,しんしょうひんのうれゆきはこうちょうだ。,신상품의 판매는 호조를 보이고 있다.
口頭,こうとう,구두의·말로 하는,JLPT_1 JLPT,mWZ1nL&l+A,詳しい結果は口頭で報告します。,くわしいけっかはこうとうでほうこくします。,자세한 결과는 구두로 보고하겠습니다.
講読,こうどく,강독·읽기,JLPT_1 JLPT,"cbt]L<,==)",授業で古典文学を講読している。,じゅぎょうでこてんぶんがくをこうどくしている。,수업에서 고전 문학을 강독하고 있다.
購読,こうどく,구독,JLPT_1 JLPT,BPBnR~`=Cm,毎朝届く新聞を十年間購読している。,まいあさとどくしんぶんをじゅうねんかんこうどくしている。,매일 아침 배달되는 신문을 십 년째 구독하고 있다.
購入,こうにゅう,구입·구매,JLPT_1 JLPT,mN.]${Ep@o,必要な教材をオンラインで購入した。,ひつようなきょうざいをおんらいんでこうにゅうした。,필요한 교재를 온라인으로 구매했다.
公認,こうにん,공인·공식 승인,JLPT_1 JLPT,f=;(Z+KSn*,この記録は協会に公認されている。,このきろくはきょうかいにこうにんされている。,이 기록은 협회의 공인을 받았다.
光熱費,こうねつひ,광열비,JLPT_1 JLPT,CBInEbAiwn,冬は暖房で光熱費が高くなる。,ふゆはだんぼうでこうねつひがたかくなる。,겨울에는 난방으로 광열비가 많이 든다.
購買,こうばい,구매·구입,JLPT_1 JLPT,m|%voYE^yW,消費者の購買意欲が徐々に戻ってきた。,しょうひしゃのこうばいいよくがじょじょにもどってきた。,소비자의 구매 의욕이 서서히 회복되었다.
好評,こうひょう,호평,JLPT_1 JLPT,PN?X>r5#3$,新しい展示は来場者から好評を得た。,あたらしいてんじはらいじょうしゃからこうひょうをえた。,새 전시는 관람객들에게 호평을 받았다.
交付,こうふ,교부·발급,JLPT_1 JLPT,iWHq@iV7/S,窓口で新しい証明書が交付された。,まどぐちであたらしいしょうめいしょがこうふされた。,창구에서 새 증명서가 발급되었다.
公募,こうぼ,공모,JLPT_1 JLPT,zuO/%#|pw9,市は公募で施設の名称を決める。,しはこうぼでしせつのめいしょうをきめる。,시는 공모를 통해 시설 이름을 정한다.
巧妙,こうみょう,교묘한·영리한,JLPT_1 JLPT,K0cz7g4lOn,犯人は巧妙な手口で証拠を隠した。,はんにんはこうみょうなてぐちでしょうこをかくした。,범인은 교묘한 수법으로 증거를 숨겼다.
公用,こうよう,공용,JLPT_1 JLPT,E{n/tl9=Ih,この車は公用のため個人では使えない。,このくるまはこうようのためこじんではつかえない。,이 차는 공용이라 개인적으로 쓸 수 없다.
小売,こうり,소매,JLPT_1 JLPT,c_Z6-bZ>!E,この店は衣料品を小売している。,このみせはいりょうひんをこうりしている。,이 가게는 의류를 소매로 판매한다.
效率,こうりつ,효율,JLPT_1 JLPT,zkc6-]4~)6,作業の效率を高める方法を考えた。,さぎょうのこうりつをたかめるほうほうをかんがえた。,작업 효율을 높일 방법을 생각했다.
公立,こうりつ,공립,JLPT_1 JLPT,FUSldz(S$f,市内の公立高校に通っている。,しないのこうりつこうこうにかよっている。,시내의 공립 고등학교에 다니고 있다.
護衛,ごえい,호위·호송,JLPT_1 JLPT,Bs7a.5p1{r,要人を護衛するため警備員が同行した。,ようじんをごえいするためけいびいんがどうこうした。,요인을 호위하기 위해 경비원이 동행했다.
コーナー,コーナー,코너·모퉁이,JLPT_1 JLPT,n/T(.dj~.j,店の奥に子ども向けのコーナーがある。,みせのおくにこどもむけのこーなーがある。,가게 안쪽에 어린이용 코너가 있다.
小柄,こがら,작은 체구·작은 무늬,JLPT_1 JLPT,p|m2.?zBm2,彼女は小柄だが体力がある。,かのじょはこがらだがたいりょくがある。,그녀는 체구가 작지만 체력이 좋다.
小切手,こぎって,수표,JLPT_1 JLPT,vh>Pgi:y!n,支払いのため銀行で小切手を切った。,しはらいのためぎんこうでこぎってをきった。,대금을 치르려고 은행에서 수표를 발행했다.
国産,こくさん,국산,JLPT_1 JLPT,NVGuI`wyWr,この店では国産の野菜だけを使う。,このみせではこくさんのやさいだけをつかう。,이 가게에서는 국산 채소만 사용한다.
国定,こくてい,국정·국가 지정,JLPT_1 JLPT,K:.NA{MA#,この公園は国定公園に指定されている。,このこうえんはこくていこうえんにしていされている。,이 공원은 국정 공원으로 지정되어 있다.
告白,こくはく,고백,JLPT_1 JLPT,D/-Yon@zj7,長年隠していた秘密を友人に告白した。,ながねんかくしていたひみつをゆうじんにこくはくした。,오랫동안 숨겨 온 비밀을 친구에게 고백했다.
国防,こくぼう,국방,JLPT_1 JLPT,gB_-ioo>5E,国防の方針について議会で議論した。,こくぼうのほうしんについてぎかいでぎろんした。,국방 방침을 두고 의회에서 논의했다.
国有,こくゆう,국유,JLPT_1 JLPT,qhprC(Et1a,その森林は国有財産として管理されている。,そのしんりんはこくゆうざいさんとしてかんりされている。,그 산림은 국유 재산으로 관리되고 있다.
極楽,ごくらく,극락·낙원,JLPT_1 JLPT,MY-u/w:|X`,温泉に入ると極楽にいるような気分だ。,おんせんにはいるとごくらくにいるようなきぶんだ。,온천에 들어가면 극락에 있는 기분이다.
国連,こくれん,유엔·국제 연합,JLPT_1 JLPT,PWdSCAXCS{,国連は緊急支援の開始を発表した。,こくれんはきんきゅうしえんのかいしをはっぴょうした。,유엔은 긴급 지원 개시를 발표했다.
焦げ茶,こげちゃ,짙은 갈색·고동색,JLPT_1 JLPT,z#D(l+D|+d,焦げ茶の革靴はどんな服にも合わせやすい。,こげちゃのかわぐつはどんなふくにもあわせやすい。,고동색 가죽 구두는 어떤 옷에도 잘 어울린다.
語源,ごげん,어원,JLPT_1 JLPT,"wW7;mB,H-n",この言葉の語源を辞書で調べた。,このことばのごげんをじしょでしらべた。,이 단어의 어원을 사전에서 찾아봤다.
心地,ここち,기분·마음씨,JLPT_1 JLPT,HRZ-ZZ((63,窓から入る風が心地よい。,まどからはいるかぜがここちよい。,창으로 들어오는 바람이 기분 좋다.
心得,こころえ,소양·지식,JLPT_1 JLPT,r]B:&#9/Oj,接客の心得を新人に教えた。,せっきゃくのこころえをしんじんにおしえた。,손님을 응대하는 소양을 신입에게 가르쳤다.
心掛け,こころがけ,마음가짐·각오,JLPT_1 JLPT,v|gKw*kSA<,毎日の心掛けが健康を支える。,まいにちのこころがけがけんこうをささえる。,매일의 마음가짐이 건강을 지탱한다.
心掛ける,こころがける,유심하다·마음먹다,JLPT_1 JLPT,xF|-#cu_O[,相手の立場で考えるよう心掛けている。,あいてのたちばでかんがえるようこころがけている。,상대의 입장에서 생각하려고 늘 유념하고 있다.
志,こころざし,뜻·뜻함,JLPT_1 JLPT,J^EH*N|S>D,医師として人を救う志を忘れない。,いしとしてひとをすくうこころざしをわすれない。,의사로서 사람을 구하겠다는 뜻을 잊지 않는다.
志す,こころざす,뜻을 두다·목표로 하다,JLPT_1 JLPT,zc/071N?*?,幼い頃から研究者を志してきた。,おさないころからけんきゅうしゃをこころざしてきた。,어릴 때부터 연구자를 목표로 해 왔다.
心強い,こころづよい,든든한·마음 든든한,JLPT_1 JLPT,K>pZg]2z_[,経験豊かな先輩が一緒なら心強い。,けいけんゆたかなせんぱいがいっしょならこころづよい。,경험 많은 선배가 함께라면 든든하다.
心細い,こころぼそい,불안한·낙담한,JLPT_1 JLPT,ve[sU52iIO,初めての土地での一人暮らしは心細い。,はじめてのとちでのひとりぐらしはこころぼそい。,낯선 곳에서 혼자 사는 것은 불안하다.
試み,こころみ,시도·시련,JLPT_1 JLPT,LnQ-7#~J-i,新制度は国内初の試みとして注目された。,しんせいどはこくないはつのこころみとしてちゅうもくされた。,새 제도는 국내 최초의 시도로 주목받았다.
試みる,こころみる,시도하다·시험해 보다,JLPT_1 JLPT,qG!ugw]O{9,難しい課題にも新しい方法を試みた。,むずかしいかだいにもあたらしいほうほうをこころみた。,어려운 과제에도 새로운 방법을 시도했다.
快い,こころよい,기분 좋은·쾌적한,JLPT_1 JLPT,eXTY5f2Ubn,彼は私の頼みに快い返事をくれた。,かれはわたしのたのみにこころよいへんじをくれた。,그는 내 부탁에 흔쾌히 승낙하는 답을 주었다.
誤差,ごさ,오차,JLPT_1 JLPT,bE*}iimu/k,二つの測定値には小さな誤差がある。,ふたつのそくていちにはちいさなごさがある。,두 측정값에는 작은 오차가 있다.
ございます (かん),ございます (かん),있습니다·계십니다,JLPT_1 JLPT,g2<)LlaRj=,会議室は三階にございます。,かいぎしつはさんがいにございます。,회의실은 3층에 있습니다.
孤児,こじ,고아,JLPT_1 JLPT,Nru>c@<pc2,戦争で親を失った孤児を施設が保護した。,せんそうでおやをうしなったこじをしせつがほごした。,전쟁으로 부모를 잃은 고아를 시설에서 보호했다.
こじれる,こじれる,꼬이다·악화되다,JLPT_1 JLPT,jQE(/ITykr,話し合いがこじれて解決が遠のいた。,はなしあいがこじれてかいけつがとおのいた。,협상이 꼬여 해결이 멀어졌다.
漉す·濾す (みずを～),こす (みずを～),거르다·여과하다,JLPT_1 JLPT,P2WNAwMh[2,布で水を濾して不純物を取り除く。,ぬのでみずをこしてふじゅんぶつをとりのぞく。,천으로 물을 걸러 불순물을 제거한다.
梢,こずえ,나무 꼭대기,JLPT_1 JLPT,"P{..MI,|Mb",梢に止まった小鳥が朝から鳴いている。,こずえにとまったことりがあさからないている。,나뭇가지 끝에 앉은 작은 새가 아침부터 울고 있다.
個性,こせい,개성,JLPT_1 JLPT,EsL6l#sj?m,互いの個性を尊重することが大切だ。,たがいのこせいをそんちょうすることがたいせつだ。,서로의 개성을 존중하는 것이 중요하다.
戸籍,こせき,호적,JLPT_1 Intermediate_Japanese_Ln.14 JLPT Intermediate_Japanese,JOc{[NV4x8,役所で戸籍謄本を取得した。,やくしょでこせきとうほんをしゅとくした。,관공서에서 호적 등본을 발급받았다.
古代,こだい,고대,JLPT_1 JLPT,s_N1oO.lmA,古代の遺跡から土器が発見された。,こだいのいせきからどきがはっけんされた。,고대 유적에서 토기가 발견되었다.
こたつ,こたつ,코타츠,JLPT_1 JLPT,O}EMl{I]K-,寒い日はこたつに入って本を読む。,さむいひはこたつにはいってほんをよむ。,추운 날에는 코타츠에 들어가 책을 읽는다.
こだわる,こだわる,구애되다·고집하다,JLPT_1 JLPT,Dw-&[Gy8N`,細かい形式にこだわる必要はない。,こまかいけいしきにこだわるひつようはない。,세세한 형식에 얽매일 필요는 없다.
誇張,こちょう,과장,JLPT_1 JLPT,c]NsRC|}O%,彼の話には少し誇張が含まれている。,かれのはなしにはすこしこちょうがふくまれている。,그의 이야기에는 약간의 과장이 섞여 있다.
こつ (をつかむ),こつ (をつかむ),요령·비결,JLPT_1 JLPT,qPHur}V8b$,練習を重ねて道具を使うこつをつかんだ。,れんしゅうをかさねてどうぐをつかうこつをつかんだ。,연습을 거듭해 도구를 쓰는 요령을 익혔다.
滑稽,こっけい,익살스러운·우스꽝스러운,JLPT_1 JLPT,v>_m`mFbvz,真剣な場面で転んだ姿はどこか滑稽だった。,しんけんなばめんでころんだすがたはどこかこっけいだった。,진지한 장면에서 넘어진 모습은 어딘가 우스꽝스러웠다.
国交,こっこう,국교,JLPT_1 JLPT,d-(zI.D]7},両国は十年ぶりに国交を回復した。,りょうこくはじゅうねんぶりにこっこうをかいふくした。,양국은 10년 만에 국교를 회복했다.
骨董品,こっとうひん,골동품,JLPT_1 JLPT,Dr0mqScf_b,祖父は各地で骨董品を集めていた。,そふはかくちでこっとうひんをあつめていた。,할아버지는 여러 지역에서 골동품을 모았다.
固定,こてい,고정,JLPT_1 JLPT,g$6E|N|S:$,棚を壁に固定して転倒を防いだ。,たなをかべにこていしててんとうをふせいだ。,선반을 벽에 고정해 넘어지는 것을 막았다.
事柄,ことがら,사항·일,JLPT_1 JLPT,F=ad!I0A}O,事件に関係する事柄を順に説明した。,じけんにかんけいすることがらをじゅんにせつめいした。,사건과 관련된 사항을 차례로 설명했다.
孤独,こどく,고독,JLPT_1 JLPT,"cT&=x,mI2c",都会の人混みの中で孤独を感じた。,とかいのひとごみのなかでこどくをかんじた。,도시의 인파 속에서 고독을 느꼈다.
ことごとく,ことごとく,모조리·전부,JLPT_1 JLPT,dR[Sxf+^Ps,倉庫の品は火事でことごとく焼けた。,そうこのしなはかじでことごとくやけた。,창고의 물건은 화재로 모조리 불탔다.
言付け,ことづけ,전갈·말을 전함,JLPT_1 JLPT,kU+Y{Q}2@W,母への言付けを妹に頼んだ。,ははへのことづけをいもうとにたのんだ。,어머니께 전할 말을 여동생에게 부탁했다.
殊に,ことに,특히·각별히,JLPT_1 JLPT,en/8|n9S0h,今年の冬は殊に寒さが厳しい。,ことしのふゆはことにさむさがきびしい。,올겨울은 특히 추위가 심하다.
粉々,こなごな,산산조각·가루가 된,JLPT_1 JLPT,Kmg$=%neFc,花瓶が床に落ちて粉々に割れた。,かびんがゆかにおちてこなごなにわれた。,꽃병이 바닥에 떨어져 산산조각 났다.
好ましい,このましい,바람직한·호감이 가는,JLPT_1 JLPT,x#LKH<P4pQ,全員が意見を出せる環境が好ましい。,ぜんいんがいけんをだせるかんきょうがこのましい。,모두가 의견을 낼 수 있는 환경이 바람직하다.
碁盤,ごばん,바둑판,JLPT_1 JLPT,zlA@Kkn)Y,碁盤の上に黒と白の石を並べた。,ごばんのうえにくろとしろのいしをならべた。,바둑판 위에 검은 돌과 흰 돌을 놓았다.
個別,こべつ,개별,JLPT_1 JLPT,IS>`l#g_rF,問題が異なるため個別に対応します。,もんだいがことなるためこべつにたいおうします。,문제가 서로 달라 개별적으로 대응합니다.
ごまかす,ごまかす,속이다·얼버무리다,JLPT_1 JLPT,p$tB:Q(vZY,彼は都合の悪い質問を笑ってごまかした。,かれはつごうのわるいしつもんをわらってごまかした。,그는 곤란한 질문을 웃음으로 얼버무렸다.
細やか,こまやか,세밀한·정교한,JLPT_1 JLPT,w6sGv9Z]7>,店員の細やかな気配りに感心した。,てんいんのこまやかなきくばりにかんしんした。,점원의 세심한 배려에 감탄했다.
コマーシャル,コマーシャル,광고·커머셜,JLPT_1 JLPT,pmxm=&|P?L,新商品のコマーシャルがテレビで流れた。,しんしょうひんのこまーしゃるがてれびでながれた。,신상품 광고가 텔레비전에서 나왔다.
込める,こめる,담다·넣다,JLPT_1 JLPT,FCbb2pT+SZ,手紙に感謝の気持ちを込めた。,てがみにかんしゃのきもちをこめた。,편지에 감사의 마음을 담았다.
コメント,コメント,코멘트·의견,JLPT_1 JLPT,cplDpvT[1o,記事を読んで率直なコメントを寄せた。,きじをよんでそっちょくなこめんとをよせた。,기사를 읽고 솔직한 의견을 남겼다.
籠もる,こもる,박히다·가득 차다,JLPT_1 JLPT,KBSxgcpn$F,雨の日は部屋に籠もって本を読む。,あめのひはへやにこもってほんをよむ。,비 오는 날에는 방에 틀어박혀 책을 읽는다.
固有,こゆう,고유,JLPT_1 JLPT,yXV:}D_ozd,この植物は島固有の種類だ。,このしょくぶつはしまこゆうのしゅるいだ。,이 식물은 섬 고유의 종이다.
暦,こよみ,달력·역법,JLPT_1 JLPT,jx:{}3HoK:,暦の上では今日から春になる。,こよみのうえではきょうからはるになる。,달력상으로는 오늘부터 봄이다.
凝らす,こらす,집중시키다·응시하다,JLPT_1 JLPT,oJEMYEm^we,目を凝らすと遠くに船が見えた。,めをこらすととおくにふねがみえた。,눈여겨보니 멀리 배가 보였다.
ごらんなさい (かん),ごらんなさい (かん),보세요,JLPT_1 JLPT,N1BBvCZ=AZ,この写真をごらんなさい。,このしゃしんをごらんなさい。,이 사진을 보세요.
孤立,こりつ,고립,JLPT_1 JLPT,xYDSYkNe4i,周囲から孤立しないよう対話を続けた。,しゅういからこりつしないようたいわをつづけた。,주위에서 고립되지 않도록 대화를 이어 갔다.
懲りる,こりる,데이다·혼나다,JLPT_1 JLPT,vbJg<?=y%j,一度の失敗ですっかり懲りた。,いちどのしっぱいですっかりこりた。,한 번 실패하고 완전히 질렸다.
凝る,こる,엉기다·열중하다,JLPT_1 JLPT,p)T=z%i7F[,彼は最近料理に凝っている。,かれはさいきんりょうりにこっている。,그는 요즘 요리에 푹 빠져 있다.
根気,こんき,끈기,JLPT_1 JLPT,GDCM!r*##2,根気よく練習を続ければ上達する。,こんきよくれんしゅうをつづければじょうたつする。,끈기 있게 연습을 계속하면 실력이 는다.
根拠,こんきょ,근거,JLPT_1 JLPT,Grg-T-@C<M,その主張には十分な根拠がない。,そのしゅちょうにはじゅうぶんなこんきょがない。,그 주장에는 충분한 근거가 없다.
混血,こんけつ,혼혈,JLPT_1 JLPT,saDmLPZfe~,島では異なる集団の混血が進んだ。,しまではことなるしゅうだんのこんけつがすすんだ。,섬에서는 서로 다른 집단 간의 혼혈이 진행되었다.
コンタクト (レンズ),コンタクト (レンズ),콘택트 렌즈,JLPT_1 JLPT,DU{l0`Yee%,外出するときはコンタクトを使っている。,がいしゅつするときはこんたくとをつかっている。,외출할 때는 콘택트렌즈를 착용한다.
昆虫,こんちゅう,곤충,JLPT_1 JLPT,P^F+-mx?ec,夏になると庭に多くの昆虫が集まる。,なつになるとにわにおおくのこんちゅうがあつまる。,여름이 되면 정원에 많은 곤충이 모인다.
根底,こんてい,근저·뿌리,JLPT_1 JLPT,g6v%#_YbHK,問題の根底には深い不信感がある。,もんだいのこんていにはふかいふしんかんがある。,문제의 근저에는 깊은 불신감이 있다.
混同,こんどう,혼동,JLPT_1 JLPT,"M?|],Xch]L",二つの制度を混同してはいけない。,ふたつのせいどをこんどうしてはいけない。,두 제도를 혼동해서는 안 된다.
コントラスト,コントラスト,대비·대조,JLPT_1 JLPT,m2RkdF5Kfg,白い壁と黒い家具のコントラストが美しい。,しろいかべとくろいかぐのこんとらすとがうつくしい。,흰 벽과 검은 가구의 대비가 아름답다.
コントロール,コントロール,컨트롤·조절,JLPT_1 JLPT,hZ|i&d%@k8,感情をコントロールするのは難しい。,かんじょうをこんとろーるするのはむずかしい。,감정을 조절하기는 어렵다.
コンパス,コンパス,컴퍼스·나침반,JLPT_1 JLPT,L6kv/h{mWx,コンパスで円を正確に描いた。,こんぱすでえんをせいかくにえがいた。,컴퍼스로 원을 정확하게 그렸다.
根本,こんぽん,근본·뿌리,JLPT_1 JLPT,I>Va~AQW*%,問題を根本から見直す必要がある。,もんだいをこんぽんからみなおすひつようがある。,문제를 근본부터 재검토할 필요가 있다.
財,ざい,부·재물,JLPT_1 JLPT,Lg^]^#Fui$,知識は将来を切り開く大切な財だ。,ちしきはしょうらいをきりひらくたいせつなざいだ。,지식은 미래를 개척하는 소중한 자산이다.
再会,さいかい,재회,JLPT_1 JLPT,nK{EZH)j58,十年ぶりの再会を心から喜んだ。,じゅうねんぶりのさいかいをこころからよろこんだ。,10년 만의 재회를 진심으로 기뻐했다.
災害,さいがい,재해,JLPT_1 JLPT,s/:E%{jbbX,地震などの災害に備えて水を蓄える。,じしんなどのさいがいにそなえてみずをたくわえる。,지진 같은 재해에 대비해 물을 비축한다.
細菌,さいきん,세균,JLPT_1 JLPT,I!s+/_djx3,手を洗うと細菌の増殖を防げる。,てをあらうとさいきんのぞうしょくをふせげる。,손을 씻으면 세균 증식을 막을 수 있다.
細工,さいく,세공·공작,JLPT_1 JLPT,ouX.|>$33M,職人が木箱に細かな細工を施した。,しょくにんがきばこにこまかなさいくをほどこした。,장인이 나무 상자에 정교한 세공을 했다.
採掘,さいくつ,채굴,JLPT_1 JLPT,Qb&n#ag5.U,海底から資源を採掘する計画が進んでいる。,かいていからしげんをさいくつするけいかくがすすんでいる。,해저에서 자원을 채굴하는 계획이 진행되고 있다.
サイクル,サイクル,사이클·주기,JLPT_1 JLPT,CwR.:*^K)],景気は一定のサイクルで変動する。,けいきはいっていのさいくるでへんどうする。,경기는 일정한 주기로 변동한다.
採決,さいけつ,표결,JLPT_1 JLPT,dGyNtnPzfu,議長が議案の採決を求めた。,ぎちょうがぎあんのさいけつをもとめた。,의장이 의안의 표결을 요구했다.
再建,さいけん,재건,JLPT_1 JLPT,oY^(hGDwBB,地震で壊れた橋の再建が始まった。,じしんでこわれたはしのさいけんがはじまった。,지진으로 무너진 다리의 재건이 시작되었다.
再現,さいげん,재현,JLPT_1 JLPT,j$Iu*3{(HU,実験で当時の状況を再現した。,じっけんでとうじのじょうきょうをさいげんした。,실험으로 당시 상황을 재현했다.
財源,ざいげん,재원,JLPT_1 JLPT,gD`:Vm3DD=,福祉を充実させるには安定した財源が要る。,ふくしをじゅうじつさせるにはあんていしたざいげんがいる。,복지를 확충하려면 안정적인 재원이 필요하다.
在庫,ざいこ,재고,JLPT_1 JLPT,I`6&P}MLhB,人気商品の在庫は残りわずかだ。,にんきしょうひんのざいこはのこりわずかだ。,인기 상품의 재고는 얼마 남지 않았다.
採算,さいさん,채산·수지타산,JLPT_1 JLPT,z3sqnTBL(n,この価格では採算が取れない。,このかかくではさいさんがとれない。,이 가격으로는 수지가 맞지 않는다.
サイズ,サイズ,사이즈·크기,JLPT_1 JLPT,J0]k_!eDR<,靴のサイズが合わず交換を頼んだ。,くつのさいずがあわずこうかんをたのんだ。,신발 크기가 맞지 않아 교환을 요청했다.
再生,さいせい,재생,JLPT_1 JLPT,hGl1Th{bx@,古い映像を高画質で再生した。,ふるいえいぞうをこうがしつでさいせいした。,오래된 영상을 고화질로 재생했다.
財政,ざいせい,재정,JLPT_1 JLPT,PbUztxpH:],市の財政は年々厳しくなっている。,しのざいせいはねんねんきびしくなっている。,시의 재정은 해마다 어려워지고 있다.
最善,さいぜん,최선,JLPT_1 JLPT,M-1H]L<~pq,今できる最善の方法を選んだ。,いまできるさいぜんのほうほうをえらんだ。,지금 할 수 있는 최선의 방법을 택했다.
採択,さいたく,채택,JLPT_1 JLPT,e+cLZEXhDr,提案は会議で正式に採択された。,ていあんはかいぎでせいしきにさいたくされた。,제안은 회의에서 정식으로 채택되었다.
栽培,さいばい,재배,JLPT_1 JLPT,uC68c<~cH),温室で新しい品種のトマトを栽培する。,おんしつであたらしいひんしゅのとまとをさいばいする。,온실에서 새로운 품종의 토마토를 재배한다.
再発,さいはつ,재발,JLPT_1 JLPT,CS^Rshk:|8,治療後も病気が再発する恐れがある。,ちりょうごもびょうきがさいはつするおそれがある。,치료 후에도 병이 재발할 우려가 있다.
細胞,さいぼう,세포,JLPT_1 JLPT,CzyHns{dm!,人の体は多くの細胞でできている。,ひとのからだはおおくのさいぼうでできている。,사람의 몸은 많은 세포로 이루어져 있다.
採用,さいよう,채용,JLPT_1 JLPT,"vMLF5(iO,d",会社は経験のある技術者を採用した。,かいしゃはけいけんのあるぎじゅつしゃをさいようした。,회사는 경험이 있는 기술자를 채용했다.
遮る,さえぎる,가로막다·차단하다,JLPT_1 JLPT,QMaal]q?M$,高い壁が風を遮っている。,たかいかべがかぜをさえぎっている。,높은 벽이 바람을 막고 있다.
囀る,さえずる,지저귀다,JLPT_1 JLPT,r@Q>;L$}V-,小鳥が枝の上で楽しそうに囀っている。,ことりがえだのうえでたのしそうにさえずっている。,작은 새가 가지 위에서 즐겁게 지저귀고 있다.
冴える,さえる,맑아지다·선명해지다,JLPT_1 JLPT,F_K.fXalP!,冷たい水で顔を洗うと頭が冴える。,つめたいみずでかおをあらうとあたまがさえる。,찬물로 얼굴을 씻으면 정신이 맑아진다.
竿,さお,장대·대,JLPT_1 JLPT,v^.R1:=Y[p,釣り人が長い竿を川面に向けた。,つりびとがながいさおをかわもにむけた。,낚시꾼이 긴 낚싯대를 수면 쪽으로 향했다.
栄える,さかえる,번영하다·번창하다,JLPT_1 JLPT,w`<;(n%DdJ,港町は貿易によって大いに栄えた。,みなとまちはぼうえきによっておおいにさかえた。,항구 도시는 무역으로 크게 번영했다.
差額,さがく,차액,JLPT_1 JLPT,gAXt@5CeYh,二つの商品の差額を現金で支払った。,ふたつのしょうひんのさがくをげんきんでしはらった。,두 상품의 차액을 현금으로 지불했다.
杯,さかずき,술잔,JLPT_1 JLPT,QIw#3oSw.:,祝いの席で杯を交わした。,いわいのせきでさかずきをかわした。,축하 자리에서 술잔을 주고받았다.
逆立ち,さかだち,물구나무서기,JLPT_1 JLPT,ec~&YKW}51,子どもが庭で上手に逆立ちした。,こどもがにわでじょうずにさかだちした。,아이가 마당에서 능숙하게 물구나무를 섰다.
さきに (いぜん),さきに (いぜん),이전에·앞서,JLPT_1 JLPT,uh`5:/)TWv,その件はさきに電話でお伝えしました。,そのけんはさきにでんわでおつたえしました。,그 건은 앞서 전화로 알려 드렸습니다.
詐欺,さぎ,사기,JLPT_1 JLPT,w6]yB.g{E!,高額な投資詐欺に注意してください。,こうがくなとうしさぎにちゅういしてください。,고액 투자 사기를 조심하세요.
削減,さくげん,삭감,JLPT_1 JLPT,k7zRyZ_D=o,経費を一割削減する目標を立てた。,けいひをいちわりさくげんするもくひょうをたてた。,경비를 10퍼센트 삭감하는 목표를 세웠다.
錯誤,さくご,착오,JLPT_1 JLPT,IDfkC-Cw&L,重大な錯誤に気づいて契約を見直した。,じゅうだいなさくごにきづいてけいやくをみなおした。,중대한 착오를 발견해 계약을 재검토했다.
作戦,さくせん,작전,JLPT_1 JLPT,s$Xs?1nQ+e,救助隊は慎重に作戦を練った。,きゅうじょたいはしんちょうにさくせんをねった。,구조대는 신중하게 작전을 짰다.
叫び,さけび,외침·비명,JLPT_1 JLPT,nqYX]L]Y*r,暗闇から助けを求める叫びが聞こえた。,くらやみからたすけをもとめるさけびがきこえた。,어둠 속에서 도움을 청하는 외침이 들렸다.
捧げる,ささげる,바치다,JLPT_1 JLPT,KhanDj}|vd,彼は生涯を医学の研究に捧げた。,かれはしょうがいをいがくのけんきゅうにささげた。,그는 평생을 의학 연구에 바쳤다.
差し掛かる,さしかかる,다다르다·접어들다,JLPT_1 JLPT,IM%WW[zOZk,峠に差し掛かると急に霧が濃くなった。,とうげにさしかかるときゅうにきりがこくなった。,고개에 다다르자 갑자기 안개가 짙어졌다.
指図,さしず,지시·지도,JLPT_1 JLPT,N1]Ah`4~bh,上司の指図どおりに資料を並べた。,じょうしのさしずどおりにしりょうをならべた。,상사의 지시대로 자료를 정리했다.
差し出す,さしだす,내밀다·제출하다,JLPT_1 JLPT,A&xf;%;bo<,受付で身分証を差し出した。,うけつけでみぶんしょうをさしだした。,접수처에서 신분증을 내밀었다.
差し支える,さしつかえる,지장이 있다·방해되다,JLPT_1 JLPT,ve>x:VMBVJ,開始が少し遅れても差し支えない。,かいしがすこしおくれてもさしつかえない。,시작이 조금 늦어져도 지장이 없다.
授ける,さずける,수여하다·가르치다,JLPT_1 JLPT,h.+pAO9bEu,王は功績のあった者に称号を授けた。,おうはこうせきのあったものにしょうごうをさずけた。,왕은 공적을 세운 사람에게 칭호를 수여했다.
摩する,さする,문지르다·비비다,JLPT_1 JLPT,yQu&Wz5|+#,母は泣く子の背中を優しく摩った。,はははなくこのせなかをやさしくさすった。,엄마는 우는 아이의 등을 부드럽게 문질렀다.
嘸 (さぞや。さぞかし),さぞ (さぞや。さぞかし),추측건대·아마·분명,JLPT_1 JLPT,FE`C@V&t[f,長旅でさぞお疲れでしょう。,ながたびでさぞおつかれでしょう。,긴 여행으로 분명 많이 피곤하시겠지요.
定まる,さだまる,정해지다·안정되다,JLPT_1 JLPT,"Ly=j.,,]V@",話し合いの結果、方針が定まった。,はなしあいのけっか、ほうしんがさだまった。,논의 결과 방침이 정해졌다.
定める,さだめる,정하다·결정하다,JLPT_1 JLPT,MNqx6`F)B2,会議で今後の方針を定めた。,かいぎでこんごのほうしんをさだめた。,회의에서 앞으로의 방침을 정했다.
座談会,ざだんかい,좌담회,JLPT_1 JLPT,d!+{3%PNo},専門家を招いて教育について座談会を開いた。,せんもんかをまねいてきょういくについてざだんかいをひらいた。,전문가를 초청해 교육에 관한 좌담회를 열었다.
雑,ざつ,잡스러운·거친,JLPT_1 JLPT,PqMu^a?1a^,荷物を雑に扱わないでください。,にもつをざつにあつかわないでください。,짐을 함부로 다루지 마세요.
雑貨,ざっか,잡화,JLPT_1 JLPT,r5VCxxHAy|,駅前の店で日用品や雑貨を買った。,えきまえのみせでにちようひんやざっかをかった。,역 앞 가게에서 일용품과 잡화를 샀다.
殺人,さつじん,살인,JLPT_1 JLPT,tM%DouVsND,警察は殺人事件として捜査を始めた。,けいさつはさつじんじけんとしてそうさをはじめた。,경찰은 살인 사건으로 보고 수사를 시작했다.
察する,さっする,헤아리다·짐작하다,JLPT_1 JLPT,LGG(>{BjoV,表情から彼の不安を察した。,ひょうじょうからかれのふあんをさっした。,표정에서 그의 불안을 알아챘다.
雑談,ざつだん,잡담,JLPT_1 JLPT,DK#>y3UE4B,休憩中に同僚と雑談を楽しんだ。,きゅうけいちゅうにどうりょうとざつだんをたのしんだ。,쉬는 동안 동료와 잡담을 나눴다.
さっと,さっと,휙·재빨리,JLPT_1 JLPT,EKYb(VaO4Q,彼は質問にさっと答えた。,かれはしつもんにさっとこたえた。,그는 질문에 재빨리 답했다.
さっぱりする,さっぱりする,산뜻하게 하다·상쾌하다,JLPT_1 JLPT,H|ANTa=Wl{,シャワーで汗を流すと気分がさっぱりした。,しゃわーであせをながすときぶんがさっぱりした。,샤워로 땀을 씻어 내니 기분이 상쾌해졌다.
悟る,さとる,깨닫다,JLPT_1 JLPT,v:Q4euCfA7,長い経験から努力の大切さを悟った。,ながいけいけんからどりょくのたいせつさをさとった。,오랜 경험을 통해 노력의 중요성을 깨달았다.
最中,さなか,한창·한중간,JLPT_1 JLPT,A!j+&nF3Wn,嵐の最中に船が港へ戻った。,あらしのさなかにふねがみなとへもどった。,폭풍이 한창일 때 배가 항구로 돌아왔다.
座標,ざひょう,좌표,JLPT_1 JLPT,B0L0!.A0?},地図上の座標を入力してください。,ちずじょうのざひょうをにゅうりょくしてください。,지도상의 좌표를 입력해 주세요.
然程,さほど,그리·별로,JLPT_1 JLPT,Eqh)/a:JaN,結果は予想と然程変わらなかった。,けっかはよそうとさほどかわらなかった。,결과는 예상과 그리 다르지 않았다.
サボる,サボる,땡땡이치다·게으름 피우다,JLPT Genki_Ln.11 Intermediate_Japanese JLPT_1 Intermediate_Japanese_Ln.13 Genki,AVLvOaz~KF,授業をサボって映画を見に行った。,じゅぎょうをさぼってえいがをみにいった。,수업을 빼먹고 영화를 보러 갔다.
様,さま,모양·상태·~님,JLPT_1 JLPT Intermediate_Japanese Intermediate_Japanese_Ln.11,lj0_)hI7Ez,彼が働く様を黙って見守った。,かれがはたらくさまをだまってみまもった。,그가 일하는 모습을 말없이 지켜봤다.
寒気,さむけ,오한·추위,JLPT_1 JLPT,N#;$qw^KPE,急に寒気がして熱を測った。,きゅうにさむけがしてねつをはかった。,갑자기 오한이 들어 체온을 쟀다.
侍,さむらい,사무라이·무사,JLPT_1 JLPT Intermediate_Japanese_Ln.7 Intermediate_Japanese,g}?p(/xug4,昔の侍が使った刀が展示されている。,むかしのさむらいがつかったかたながてんじされている。,옛 사무라이가 쓰던 칼이 전시되어 있다.
然も,さも,마치·정말로,JLPT_1 JLPT,Gm-[^5Ln&h,彼は然も当然のように席に座った。,かれはさもとうぜんのようにせきにすわった。,그는 마치 당연하다는 듯 자리에 앉았다.
作用,さよう,작용,JLPT_1 JLPT,"Oof8u=,|uS",この薬には痛みを和らげる作用がある。,このくすりにはいたみをやわらげるさようがある。,이 약에는 통증을 완화하는 작용이 있다.
攫う∙掠う (こどもを～),さらう (こどもを～),납치하다·휩쓸다,JLPT_1 JLPT,B@RtBWjh/W,犯人は子どもを攫って逃走した。,はんにんはこどもをさらってとうそうした。,범인은 아이를 납치해 도주했다.
障る,さわる,방해가 되다·해롭다,JLPT_1 JLPT,Di(J(kaH;V,寝不足は健康に障る。,ねぶそくはけんこうにさわる。,수면 부족은 건강에 해롭다.
酸,さん,산,JLPT_1 JLPT,k/LaLYL|r#,レモンにはクエン酸が多く含まれる。,れもんにはくえんさんがおおくふくまれる。,레몬에는 구연산이 많이 들어 있다.
山岳,さんがく,산악,JLPT_1 JLPT,nJs0S#DzgO,山岳地帯では天候が急に変わる。,さんがくちたいではてんこうがきゅうにかわる。,산악 지대에서는 날씨가 갑자기 변한다.
参議院,さんぎいん,참의원,JLPT_1 JLPT,O7n.x?;S]&,法案は参議院で審議されている。,ほうあんはさんぎいんでしんぎされている。,법안은 참의원에서 심의되고 있다.
産休,さんきゅう,출산 휴가,JLPT_1 JLPT,k`Pzt}i$UW,来月から半年間の産休に入る。,らいげつからはんとしかんのさんきゅうにはいる。,다음 달부터 반년간 출산 휴가에 들어간다.
サンキュー,サンキュー,고맙습니다,JLPT_1 JLPT,rQ2myGNLp<,手伝ってくれてサンキュー。,てつだってくれてさんきゅー。,도와줘서 고마워.
残金,ざんきん,잔금·잔액,JLPT_1 JLPT,E</lr>b527,支払い後の残金を確認した。,しはらいごのざんきんをかくにんした。,지불 후 남은 잔액을 확인했다.
産後,さんご,산후,JLPT_1 JLPT,"Pge/h!,u.x",産後は十分な休養が必要だ。,さんごはじゅうぶんなきゅうようがひつようだ。,산후에는 충분한 휴식이 필요하다.
残酷,ざんこく,잔혹,JLPT_1 JLPT,snLE.]5(UV,動物を苦しめる残酷な行為を許せない。,どうぶつをくるしめるざんこくなこういをゆるせない。,동물을 괴롭히는 잔혹한 행위는 용납할 수 없다.
産出,さんしゅつ,산출,JLPT_1 JLPT,AItAE0vKn;,この地域は良質な石炭を産出する。,このちいきはりょうしつなせきたんをさんしゅつする。,이 지역은 양질의 석탄을 산출한다.
参照,さんしょう,참조,JLPT_1 JLPT,Q=29PP)W-_,詳細は添付の資料を参照してください。,しょうさいはてんぷのしりょうをさんしょうしてください。,자세한 내용은 첨부 자료를 참조해 주세요.
参上,さんじょう,방문·찾아뵘,JLPT_1 JLPT,w#SP~u0yM;,お招きいただき、喜んで参上いたします。,おまねきいただき、よろこんでさんじょういたします。,초대해 주셔서 기꺼이 찾아뵙겠습니다.
残高,ざんだか,잔고·잔액,JLPT_1 JLPT,K4gXaj[Vyi,口座の残高を端末で確認した。,こうざのざんだかをたんまつでかくにんした。,계좌 잔고를 단말기로 확인했다.
サンタクロース,サンタクロース,산타클로스,JLPT_1 JLPT Intermediate_Japanese_Ln.8 Intermediate_Japanese,f/QC`5/{Un,子どもはサンタクロースからの贈り物を待っている。,こどもはさんたくろーすからのおくりものをまっている。,아이는 산타클로스의 선물을 기다리고 있다.
桟橋,さんばし,잔교·부두,JLPT_1 JLPT,qY2!_v~;bZ,船が桟橋に着くのを待った。,ふねがさんばしにつくのをまった。,배가 부두에 닿기를 기다렸다.
賛美,さんび,찬미,JLPT_1 JLPT,e.-RuHb{48,詩人は自然の美しさを賛美した。,しじんはしぜんのうつくしさをさんびした。,시인은 자연의 아름다움을 찬미했다.
山腹,さんぷく,산 중턱,JLPT_1 JLPT,o2ZZ0`v<eS,山腹に小さな村が見える。,さんぷくにちいさなむらがみえる。,산 중턱에 작은 마을이 보인다.
産婦人科,さんふじんか,산부인과,JLPT_1 JLPT,C-(.5yIOQP,定期検診のため産婦人科を受診した。,ていきけんしんのためさんふじんかをじゅしんした。,정기 검진을 위해 산부인과에서 진료받았다.
産物,さんぶつ,산물·결과,JLPT_1 JLPT,E~s#%JNaV$,米はこの地域の主要な産物だ。,こめはこのちいきのしゅようなさんぶつだ。,쌀은 이 지역의 주요 산물이다.
山脈,さんみゃく,산맥,JLPT_1 JLPT,x1O?:5^y|C,飛行機から長い山脈が見えた。,ひこうきからながいさんみゃくがみえた。,비행기에서 긴 산맥이 보였다.
仕上がり,しあがり,마무리·완성된 상태,JLPT_1 JLPT,yea;?+baU4,職人は作品の仕上がりを丁寧に確認した。,しょくにんはさくひんのしあがりをていねいにかくにんした。,장인은 작품의 완성 상태를 꼼꼼히 확인했다.
仕上,しあげ,마무리,JLPT_1 JLPT,oEx[)E@iYE,料理は最後の仕上げで味が決まる。,りょうりはさいごのしあげであじがきまる。,요리는 마지막 마무리에서 맛이 결정된다.
仕上げる,しあげる,마무리하다·완성하다,JLPT_1 JLPT,hK4h`Zw:aS,締め切りまでに報告書を仕上げた。,しめきりまでにほうこくしょをしあげた。,마감까지 보고서를 완성했다.
飼育,しいく,사육,JLPT_1 JLPT,e5/Z)LI]cr,動物園では希少な鳥を飼育している。,どうぶつえんではきしょうなとりをしいくしている。,동물원에서는 희귀한 새를 사육하고 있다.
強いて,しいて,굳이·억지로,JLPT_1 JLPT,Bomwd0N#[6,強いて言えば、この案のほうが実現しやすい。,しいていえば、このあんのほうがじつげんしやすい。,굳이 말하자면 이 안이 더 실현하기 쉽다.
シート,シート,시트·좌석,JLPT_1 JLPT,u]dm-2Z@p[,窓側のシートを予約した。,まどがわのしーとをよやくした。,창가 쪽 좌석을 예약했다.
ジーパン,ジーパン,청바지,JLPT_1 JLPT,HXr(ew@{F#,作業しやすいよう古いジーパンに着替えた。,さぎょうしやすいようふるいじーぱんにきがえた。,작업하기 편하도록 낡은 청바지로 갈아입었다.
仕入れる,しいれる,매입하다·사들이다,JLPT_1 JLPT,IFIIG{$W)<,店は毎朝市場から新鮮な魚を仕入れる。,みせはまいあさいちばからしんせんなさかなをしいれる。,가게는 매일 아침 시장에서 신선한 생선을 사들인다.
強いる,しいる,강요하다,JLPT_1 JLPT,mim3NgV!o^,部下に危険な作業を強いてはいけない。,ぶかにきけんなさぎょうをしいてはいけない。,부하에게 위험한 작업을 강요해서는 안 된다.
潮,しお,조수·밀물과 썰물,JLPT_1 JLPT,bk[V+Gm9:@,潮が引くと岩場まで歩いて行ける。,しおがひくといわばまであるいていける。,썰물이 되면 바위 지대까지 걸어갈 수 있다.
歯科,しか,치과,JLPT_1 JLPT,OAZ`Wrx_o9,虫歯が痛むので歯科を予約した。,むしばがいたむのでしかをよやくした。,충치가 아파서 치과를 예약했다.
自我,じが,자아,JLPT_1 JLPT,b-m;dw=d{Y,幼い子どもにも次第に自我が芽生える。,おさないこどもにもしだいにじががめばえる。,어린아이에게도 차츰 자아가 싹튼다.
自覚,じかく,자각,JLPT_1 JLPT,i/]v!LT[`[,自分の責任をもっと自覚すべきだ。,じぶんのせきにんをもっとじかくすべきだ。,자신의 책임을 더 자각해야 한다.
仕掛,しかけ,장치·구조,JLPT_1 JLPT,Jsems8J4`^,箱を開けると中の仕掛けが動き出した。,はこをあけるとなかのしかけがうごきだした。,상자를 열자 안의 장치가 움직이기 시작했다.
仕掛ける,しかける,걸다·시작하다·장치하다,JLPT_1 JLPT,Ac40<_hm$3,敵は夜明け前に攻撃を仕掛けた。,てきはよあけまえにこうげきをしかけた。,적군은 동이 트기 전에 공격을 시작했다.
併し乍ら,しかしながら,그렇지만·하지만,JLPT_1 JLPT,Hq^C6[L3R8,併し乍ら、その計画には多くの課題がある。,しかしながら、そのけいかくにはおおくのかだいがある。,하지만 그 계획에는 과제가 많다.
色彩,しきさい,색채,JLPT_1 JLPT,G$Z8Bsx{4U,秋の山は豊かな色彩に包まれる。,あきのやまはゆたかなしきさいにつつまれる。,가을 산은 다채로운 색채에 둘러싸인다.
式場,しきじょう,식장,JLPT_1 JLPT,rHP.1FI!Xg,式場には多くの参列者が集まった。,しきじょうにはおおくのさんれつしゃがあつまった。,식장에는 많은 참석자가 모였다.
仕来り・為来り,しきたり,관습·관례,JLPT_1 JLPT,sw_]y<P?Kn,村の古い仕来りを今も守っている。,むらのふるいしきたりをいまもまもっている。,마을의 오랜 관습을 지금도 지키고 있다.
事業,じぎょう,사업,JLPT_1 JLPT,A#sQ/bEEtj,市は観光を支える新しい事業を始めた。,しはかんこうをささえるあたらしいじぎょうをはじめた。,시는 관광을 지원하는 새 사업을 시작했다.
軽蔑,けいべつ,경멸,JLPT_1 JLPT,"lOS,!wvUe[",他人を軽蔑するような態度は慎むべきだ。,たにんをけいべつするようなたいどはつつしむべきだ。,남을 경멸하는 태도는 삼가야 한다.
経歴,けいれき,경력,JLPT_1 JLPT,D*n(@DRyq`,応募書類にこれまでの経歴を記入した。,おうぼしょるいにこれまでのけいれきをきにゅうした。,지원 서류에 지금까지의 경력을 기입했다.
経路,けいろ,경로,JLPT_1 JLPT,AQ(D;C-S!0,避難所までの経路を地図で確認した。,ひなんじょまでのけいろをちずでかくにんした。,대피소까지의 경로를 지도에서 확인했다.
汚らわしい-穢らわしい,けがらわしい,추잡한·불결한,JLPT_1 JLPT,lJNQ&9#g@p,そんな汚らわしい手段は使いたくない。,そんなけがらわしいしゅだんはつかいたくない。,그런 추잡한 수단은 쓰고 싶지 않다.
劇団,げきだん,극단,JLPT_1 JLPT,%y17:4{hj,劇団は来月から全国を巡回する。,げきだんはらいげつからぜんこくをじゅんかいする。,극단은 다음 달부터 전국을 순회한다.
激励,げきれい,격려,JLPT_1 JLPT,C6/gh1N08I,監督は試合前に選手たちを激励した。,かんとくはしあいまえにせんしゅたちをげきれいした。,감독은 경기 전에 선수들을 격려했다.
ゲスト,ゲスト,게스트·손님,JLPT_1 JLPT,lW>d7fCUoL,今夜の番組には海外からゲストが来る。,こんやのばんぐみにはかいがいからげすとがくる。,오늘 밤 방송에는 해외에서 손님이 온다.
獣,けだもの,짐승,JLPT_1 JLPT,"o.IW_<j!,1",あの男は弱者を襲う獣のような人間だ。,あのおとこはじゃくしゃをおそうけだもののようなにんげんだ。,그 남자는 약자를 공격하는 짐승 같은 인간이다.
決,けつ,결·결정,JLPT_1 JLPT,h7W;[eV_6*,議長は挙手によって決を採った。,ぎちょうはきょしゅによってけつをとった。,의장은 거수로 표결에 부쳤다.
決意,けつい,결의,JLPT_1 JLPT,Gg{:k%<AT6,海外で働く決意を家族に伝えた。,かいがいではたらくけついをかぞくにつたえた。,해외에서 일하겠다는 결의를 가족에게 전했다.
結核,けっかく,결핵,JLPT_1 JLPT,dB99/5N;ta,結核は早期発見と適切な治療が重要だ。,けっかくはそうきはっけんとてきせつなちりょうがじゅうようだ。,결핵은 조기 발견과 적절한 치료가 중요하다.
決議,けつぎ,결의,JLPT_1 JLPT,tcKhTpRM%o,議会は全会一致で決議を採択した。,ぎかいはぜんかいいっちでけつぎをさいたくした。,의회는 만장일치로 결의를 채택했다.
結合,けつごう,결합,JLPT_1 JLPT,Q*@FzK(@81,二つの部品を強く結合させた。,ふたつのぶひんをつよくけつごうさせた。,두 부품을 단단히 결합했다.
決算,けっさん,결산,JLPT_1 JLPT,z2iqWC-nB~,年度末に会社の決算を確認する。,ねんどまつにかいしゃのけっさんをかくにんする。,연도 말에 회사의 결산을 확인한다.
月謝,げっしゃ,월사금,JLPT_1 JLPT,t[*0i:*.#i,毎月の月謝を教室の受付で払った。,まいつきのげっしゃをきょうしつのうけつけではらった。,매달 수강료를 교실 접수처에서 냈다.
決勝,けっしょう,결승,JLPT_1 JLPT,NFjb:+3q7*,決勝で去年の優勝者と対戦した。,けっしょうできょねんのゆうしょうしゃとたいせんした。,결승에서 지난해 우승자와 맞붙었다.
結晶,けっしょう,결정,JLPT_1 JLPT,x*(Q^EE$u3,冷えた窓に氷の結晶ができていた。,ひえたまどにこおりのけっしょうができていた。,차가워진 창문에 얼음 결정이 생겨 있었다.
結成,けっせい,결성,JLPT_1 JLPT,c_%F>ZhYyr,地域の若者が新しい楽団を結成した。,ちいきのわかものがあたらしいがくだんをけっせいした。,지역 청년들이 새로운 악단을 결성했다.
結束,けっそく,결속,JLPT_1 JLPT,JdP5@BTWkb,困難な時こそ仲間の結束が試される。,こんなんなときこそなかまのけっそくがためされる。,어려울 때일수록 동료들의 결속이 시험받는다.
げっそり,げっそり,홀쭉해짐·낙담함,JLPT_1 JLPT,EtlnVvKbZd,病気の後、彼はげっそり痩せていた。,びょうきのあと、かれはげっそりやせていた。,병을 앓은 뒤 그는 눈에 띄게 야위어 있었다.
決断,けつだん,결단,JLPT_1 JLPT,w;j;5-!>6(,長く迷った末に帰国を決断した。,ながくまよったすえにきこくをけつだんした。,오래 고민한 끝에 귀국을 결단했다.
月賦,げっぷ,월부,JLPT_1 JLPT,I{X4ZTn7X9,家具を月賦で購入し、一年かけて払った。,かぐをげっぷでこうにゅうし、いちねんかけてはらった。,가구를 할부로 구매해 일 년에 걸쳐 갚았다.
欠乏,けつぼう,결핍,JLPT_1 JLPT,x8kzLzQh~#,長い干ばつで食料が欠乏した。,ながいかんばつでしょくりょうがけつぼうした。,오랜 가뭄으로 식량이 부족해졌다.
蹴飛ばす,けとばす,걷어차다,JLPT_1 JLPT,b5){X3eg^W,怒って椅子を蹴飛ばした。,おこっていすをけとばした。,화가 나서 의자를 걷어찼다.
けなす,けなす,깎아내리다·헐뜯다,JLPT_1 JLPT,BA]o8V-nRc,努力した人を理由もなくけなすべきではない。,どりょくしたひとをりゆうもなくけなすべきではない。,노력한 사람을 이유 없이 깎아내려서는 안 된다.
煙たい,けむたい,거북한·연기 나는,JLPT_1 JLPT,M_8T~aeKk.,部屋の中が煙たくて目を開けられない。,へやのなかがけむたくてめをあけられない。,방 안이 연기로 자욱해 눈을 뜰 수 없다.
煙る,けむる,연기 나다·흐릿하다,JLPT_1 JLPT,"O+^L$,-au7",雨に煙る町を窓から眺めた。,あめにけむるまちをまどからながめた。,빗속에 희뿌옇게 흐려진 도시를 창문으로 바라봤다.
獣,けもの,짐승,JLPT_1 JLPT,q-7J3|/7Vg,森の奥に大きな獣が潜んでいる。,もりのおくにおおきなけものがひそんでいる。,숲속 깊은 곳에 큰 짐승이 숨어 있다.
家来,けらい,가신·하인,JLPT_1 JLPT,n|b=[)XZ>2,忠実な家来が主君の帰りを待っていた。,ちゅうじつなけらいがしゅくんのかえりをまっていた。,충성스러운 가신이 주군이 돌아오기를 기다렸다.
下痢,げり,설사,JLPT_1 JLPT Intermediate_Japanese_Ln.12 Intermediate_Japanese,D94n#KX+u`,下痢が続くので医師の診察を受けた。,げりがつづくのでいしのしんさつをうけた。,설사가 계속되어 의사의 진찰을 받았다.
権威,けんい,권위,JLPT_1 JLPT,lZZG^l>c$z,彼はこの分野で権威のある研究者だ。,かれはこのぶんやでけんいのあるけんきゅうしゃだ。,그는 이 분야에서 권위 있는 연구자다.
兼業,けんぎょう,겸업,JLPT_1 Intermediate_Japanese_Ln.14 JLPT Intermediate_Japanese,x9DFE@YYzp,彼は会社勤めの傍ら農業を兼業している。,かれはかいしゃづとめのかたわらのうぎょうをけんぎょうしている。,그는 회사에 다니면서 농업을 겸업하고 있다.
原形,げんけい,원형,JLPT_1 JLPT,"y2|y)U#`,-",動詞を原形に戻して辞書で調べた。,どうしをげんけいにもどしてじしょでしらべた。,동사를 원형으로 되돌려 사전에서 찾아봤다.
原型,げんけい,원형·모델,JLPT_1 JLPT,"d5x_w+I&U,",この模型が新製品の原型になった。,このもけいがしんせいひんのげんけいになった。,이 모형이 신제품의 원형이 되었다.
権限,けんげん,권한,JLPT_1 JLPT,wsBe&qWS]u,この操作を行う権限は管理者だけにある。,このそうさをおこなうけんげんはかんりしゃだけにある。,이 작업을 수행할 권한은 관리자에게만 있다.
現行,げんこう,현행,JLPT_1 JLPT,cB#>jxDt}],現行の制度では申請に印鑑が必要だ。,げんこうのせいどではしんせいにいんかんがひつようだ。,현행 제도에서는 신청에 도장이 필요하다.
健在,けんざい,건재한,JLPT_1 JLPT,K?xI8~wHA>,九十歳を過ぎても祖父は健在だ。,きゅうじゅっさいをすぎてもそふはけんざいだ。,아흔 살이 넘었지만 할아버지는 건재하시다.
原作,げんさく,원작,JLPT_1 JLPT,"K<e+,WSWtr",映画は原作の雰囲気を忠実に再現した。,えいがはげんさくのふんいきをちゅうじつにさいげんした。,영화는 원작의 분위기를 충실히 재현했다.
検事,けんじ,검사,JLPT_1 JLPT,H[xn?@;-+x,検事は証拠を詳しく調べた。,けんじはしょうこをくわしくしらべた。,검사는 증거를 자세히 조사했다.
原子,げんし,원자,JLPT_1 JLPT,"b[T}G,9]G?",すべての物質は原子からできている。,すべてのぶっしつはげんしからできている。,모든 물질은 원자로 이루어져 있다.
元首,げんしゅ,원수·군주,JLPT_1 JLPT,cJ-$.|^5r+,大統領は国家の元首として式典に出席した。,だいとうりょうはこっかのげんしゅとしてしきてんにしゅっせきした。,대통령은 국가 원수로서 식전에 참석했다.
原書,げんしょ,원서,JLPT_1 JLPT,wBia;+PSDE,この小説を原書で読んでみたい。,このしょうせつをげんしょでよんでみたい。,이 소설을 원서로 읽어 보고 싶다.
懸賞,けんしょう,현상·현상금,JLPT_1 JLPT,B7|NMN9B[B,懸賞に応募して旅行券が当たった。,けんしょうにおうぼしてりょこうけんがあたった。,경품 행사에 응모해 여행권에 당첨되었다.
健全,けんぜん,건전한,JLPT_1 JLPT,u-bm~%/EH(,子どもの健全な成長を地域で支える。,こどものけんぜんなせいちょうをちいきでささえる。,아이의 건전한 성장을 지역에서 지원한다.
元素,げんそ,원소,JLPT_1 JLPT,B2tvGhK[&9,水は水素と酸素という元素からできている。,みずはすいそとさんそというげんそからできている。,물은 수소와 산소라는 원소로 이루어져 있다.
同調,どうちょう,동조·찬성,JLPT_1 JLPT,n#0+>4}sN5,周囲の意見に安易に同調しなかった。,しゅういのいけんにあんいにどうちょうしなかった。,주변 의견에 쉽게 동조하지 않았다.
到底,とうてい,도저히·도대체,JLPT_1 JLPT,C.#O<.PWZ+,この荷物を一人で運ぶのは到底無理だ。,このにもつをひとりではこぶのはとうていむりだ。,이 짐을 혼자 옮기는 것은 도저히 무리다.
動的,どうてき,동적인,JLPT_1 JLPT,k^9j&Q>>|N,市場の動的な変化を分析する。,しじょうのどうてきなへんかをぶんせきする。,시장의 동적인 변화를 분석한다.
尊い,とうとい,귀중한·존귀한,JLPT_1 JLPT,o/:X}@s/ud,人の命は何よりも尊い。,ひとのいのちはなによりもとうとい。,사람의 생명은 무엇보다 존귀하다.
貴い,とうとい,귀중한·존귀한,JLPT_1 JLPT,uE?!53}hB@,先人が残した貴い教えを胸に刻む。,せんじんがのこしたとうといおしえをむねにきざむ。,선인이 남긴 귀중한 가르침을 마음에 새긴다.
同等,どうとう,동등,JLPT_1 JLPT,sS(wNIrQN<,両者は法律上同等の権利を持つ。,りょうしゃはほうりつじょうどうとうのけんりをもつ。,양측은 법률상 동등한 권리를 가진다.
堂々,どうどう,당당한,JLPT_1 JLPT,O@p/U*&n{h,彼は大勢の前で堂々と意見を述べた。,かれはおおぜいのまえでどうどうといけんをのべた。,그는 많은 사람 앞에서 당당하게 의견을 밝혔다.
尊ぶ,とうとぶ,존중하다·공경하다,JLPT_1 JLPT,NH2!B2Yh2E,先人の知恵を尊ぶ心を忘れてはいけない。,せんじんのちえをとうとぶこころをわすれてはいけない。,선인의 지혜를 존중하는 마음을 잊어서는 안 된다.
どうにか,どうにか,어떻게든,JLPT_1 JLPT,l_xfmqX[ub,電車に乗り遅れたが、どうにか会議に間に合った。,でんしゃにのりおくれたが、どうにかかいぎにまにあった。,전철을 놓쳤지만 어떻게든 회의에 맞춰 도착했다.
投入,とうにゅう,투입,JLPT_1 JLPT,mwsjMMb<d>,工場は新しい設備に多額の資金を投入した。,こうじょうはあたらしいせつびにたがくのしきんをとうにゅうした。,공장은 새 설비에 많은 자금을 투입했다.
導入,どうにゅう,도입,JLPT_1 JLPT Intermediate_Japanese_Ln.12 Intermediate_Japanese,m1+j$HqcF;,学校は新しい学習制度を導入した。,がっこうはあたらしいがくしゅうせいどをどうにゅうした。,학교는 새로운 학습 제도를 도입했다.
当人,とうにん,당사자·본인,JLPT_1 JLPT,l]4=/bCF3a,事情は当人から直接聞いてください。,じじょうはとうにんからちょくせつきいてください。,사정은 당사자에게 직접 물어보세요.
同封,どうふう,동봉,JLPT_1 JLPT,hnY+6g21h_,返信用の封筒を同封しました。,へんしんようのふうとうをどうふうしました。,회신용 봉투를 동봉했습니다.
逃亡,とうぼう,도망,JLPT_1 JLPT,qqqC#4{p[V,容疑者は国外へ逃亡した。,ようぎしゃはこくがいへとうぼうした。,용의자는 국외로 도주했다.
冬眠,とうみん,동면,JLPT_1 JLPT,"B+T>Lb-B&,",熊は冬眠に備えて秋に多く食べる。,くまはとうみんにそなえてあきにおおくたべる。,곰은 동면에 대비해 가을에 많이 먹는다.
同盟,どうめい,동맹,JLPT_1 JLPT,oBig^AFvC5,両国は安全保障を目的に同盟を結んだ。,りょうこくはあんぜんほしょうをもくてきにどうめいをむすんだ。,양국은 안전 보장을 목적으로 동맹을 맺었다.
どうやら,どうやら,아무래도·간신히,JLPT_1 JLPT,LZH$.!k~sm,空が暗いので、どうやら雨になりそうだ。,そらがくらいので、どうやらあめになりそうだ。,하늘이 어두운 것을 보니 아무래도 비가 올 듯하다.
動力,どうりょく,동력,JLPT_1 JLPT,gcbdGzw%jw,この機械は水の流れを動力にしている。,このきかいはみずのながれをどうりょくにしている。,이 기계는 물의 흐름을 동력으로 삼고 있다.
登録,とうろく,등록,JLPT_1 JLPT,w(]v<(of^0,利用するには会員登録が必要です。,りようするにはかいいんとうろくがひつようです。,이용하려면 회원 등록이 필요합니다.
討論,とうろん,토론,JLPT_1 JLPT Intermediate_Japanese_Ln.15 Intermediate_Japanese,ft/}AOp*ZE,学生たちは環境問題について討論した。,がくせいたちはかんきょうもんだいについてとうろんした。,학생들은 환경 문제에 관해 토론했다.
遠ざかる,とおざかる,멀어지다,JLPT_1 JLPT,nANBsXm^[4,電車の音が次第に遠ざかっていった。,でんしゃのおとがしだいにとおざかっていった。,전철 소리가 점차 멀어져 갔다.
遠回り,とおまわり,멀리 돌아감·우회,JLPT_1 JLPT,u;(Y+10j3P,工事中なので駅まで遠回りした。,こうじちゅうなのでえきまでとおまわりした。,공사 중이라 역까지 돌아서 갔다.
トーン,トーン,톤·어조,JLPT_1 JLPT,O1)Y~lZnk@,彼は落ち着いたトーンで説明した。,かれはおちついたとーんでせつめいした。,그는 차분한 어조로 설명했다.
とかく,とかく,어쨌든·여하튼,JLPT_1 JLPT,Jhr>yBj`X[,人はとかく他人の欠点に目を向けがちだ。,ひとはとかくたにんのけってんにめをむけがちだ。,사람은 흔히 남의 결점에 눈을 돌리기 쉽다.
とがめる,とがめる,책망하다·비난하다,JLPT_1 JLPT,tCyhd<KEBb,誰も彼の判断をとがめなかった。,だれもかれのはんだんをとがめなかった。,아무도 그의 판단을 비난하지 않았다.
時折,ときおり,때때로·가끔,JLPT_1 JLPT,cBC8l)@|Bd,時折、昔の友人から便りが届く。,ときおり、むかしのゆうじんからたよりがとどく。,가끔 옛 친구에게서 소식이 온다.
とぎれる,とぎれる,끊기다,JLPT_1 JLPT,M`gmYE]A0;,山道では携帯の電波がとぎれる。,やまみちではけいたいのでんぱがとぎれる。,산길에서는 휴대전화 전파가 끊긴다.
研ぐ,とぐ,갈다·닦다,JLPT_1 JLPT,lUJgFysD==,料理の前に包丁をよく研いだ。,りょうりのまえにほうちょうをよくといだ。,요리하기 전에 식칼을 잘 갈았다.
特技,とくぎ,특기,JLPT_1 JLPT Intermediate_Japanese_Ln.8 Intermediate_Japanese,"iyF,MXDXX4",私の特技は初対面の人の顔を覚えることだ。,わたしのとくぎはしょたいめんのひとのかおをおぼえることだ。,내 특기는 처음 만난 사람의 얼굴을 기억하는 것이다.
独裁,どくさい,독재,JLPT_1 JLPT,"c+G[A,i*M0",国民は長年の独裁に反対して立ち上がった。,こくみんはながねんのどくさいにはんたいしてたちあがった。,국민은 오랜 독재에 반대해 일어섰다.
特産,とくさん,특산물,JLPT_1 JLPT,Cyr8}5s:<j,甘いりんごはこの地方の特産だ。,あまいりんごはこのちほうのとくさんだ。,달콤한 사과는 이 지방의 특산물이다.
独自,どくじ,독자적인,JLPT_1 JLPT,iCBdeKS#GI,各社が独自の技術を競っている。,かくしゃがどくじのぎじゅつをきそっている。,각 회사가 독자적인 기술을 겨루고 있다.
特集,とくしゅう,특집,JLPT_1 JLPT,wi!>SN]gEF,雑誌で地域の伝統料理が特集された。,ざっしでちいきのでんとうりょうりがとくしゅうされた。,잡지에서 지역 전통 요리가 특집으로 다뤄졌다.
独占,どくせん,독점,JLPT_1 JLPT,j~8Pw]-mt@,一社が市場を独占するのは望ましくない。,いっしゃがしじょうをどくせんするのはのぞましくない。,한 회사가 시장을 독점하는 것은 바람직하지 않다.
独創,どくそう,독창,JLPT_1 JLPT,gXnxl+EiHr,彼の作品には豊かな独創性がある。,かれのさくひんにはゆたかなどくそうせいがある。,그의 작품에는 풍부한 독창성이 있다.
得点,とくてん,득점,JLPT_1 JLPT,"u`t,J1?=>5",後半の得点で試合を逆転した。,こうはんのとくてんでしあいをぎゃくてんした。,후반의 득점으로 경기를 뒤집었다.
特派,とくは,특파,JLPT_1 JLPT,HzEPo`9b]p,新聞社は現地に特派記者を送った。,しんぶんしゃはげんちにとくはきしゃをおくった。,신문사는 현지에 특파 기자를 보냈다.
特有,とくゆう,특유,JLPT_1 JLPT,s!rvO*5;{%,この花には特有の強い香りがある。,このはなにはとくゆうのつよいかおりがある。,이 꽃에는 특유의 강한 향기가 있다.
刺·棘 (をさす),とげ (をさす),가시,JLPT_1 JLPT,hJ#iZ92?#q,バラの棘が指に刺さった。,ばらのとげがゆびにささった。,장미 가시가 손가락에 박혔다.
遂げる,とげる,이루다·성취하다,JLPT_1 JLPT,xrXbhn4rr4,彼は長年の努力で目的を遂げた。,かれはながねんのどりょくでもくてきをとげた。,그는 오랜 노력으로 목적을 이루었다.
～どころか,～どころか,~은커녕,JLPT_1 JLPT,EHH{[82H7I,彼は謝るどころか、私を責め始めた。,かれはあやまるどころか、わたしをせめはじめた。,그는 사과하기는커녕 나를 탓하기 시작했다.
年頃,としごろ,나이 때·적령기,JLPT_1 JLPT,etGaTJBp9c,彼はちょうど進路に悩む年頃だ。,かれはちょうどしんろになやむとしごろだ。,그는 한창 진로를 고민할 나이다.
戸締り,とじまり,문단속,JLPT_1 JLPT,br8:Ms=|$#,外出前に戸締りを確かめた。,がいしゅつまえにとじまりをたしかめた。,외출 전에 문단속을 확인했다.
途上,とじょう,도상-도중,JLPT_1 JLPT,u0JdXEY0c~,その国は経済発展の途上にある。,そのくにはけいざいはってんのとじょうにある。,그 나라는 경제가 발전하는 과정에 있다.
土台,どだい,토대,JLPT_1 JLPT,cvkea1V_|{,信頼が協力関係の土台になる。,しんらいがきょうりょくかんけいのどだいになる。,신뢰가 협력 관계의 토대가 된다.
途絶える,とだえる,끊기다·두절되다,JLPT_1 JLPT,G6Wu+!]SF@,大雪で村への交通が途絶えた。,おおゆきでむらへのこうつうがとだえた。,폭설로 마을로 향하는 교통이 두절되었다.
特許,とっきょ,특허,JLPT_1 JLPT,y;*Z>uq]4W,新しい技術で特許を取得した。,あたらしいぎじゅつでとっきょをしゅとくした。,새로운 기술로 특허를 취득했다.
特権,とっけん,특권,JLPT_1 JLPT,k%B0csu$EA,地位を利用して特権を得るべきではない。,ちいをりようしてとっけんをえるべきではない。,지위를 이용해 특권을 얻어서는 안 된다.
とっさに,とっさに,순간적으로·즉시,JLPT_1 JLPT,q}5LIfDsGB,ボールが飛んできて、とっさに身を伏せた。,ぼーるがとんできて、とっさにみをふせた。,공이 날아와 순간적으로 몸을 숙였다.
突如,とつじょ,돌연·갑자기,JLPT_1 JLPT,vs{$6V?ZhH,晴れた空に突如黒い雲が現れた。,はれたそらにとつじょくろいくもがあらわれた。,맑은 하늘에 갑자기 검은 구름이 나타났다.
とって,とって,손잡이,JLPT_1 JLPT,G05L%<Kvt?,鍋のとってが熱くなっていた。,なべのとってがあつくなっていた。,냄비 손잡이가 뜨거워져 있었다.
突破,とっぱ,돌파,JLPT_1 JLPT,BUU#!_nB`?,チームは予選を突破して決勝へ進んだ。,ちーむはよせんをとっぱしてけっしょうへすすんだ。,팀은 예선을 통과해 결승에 진출했다.
土手,どて,제방·둑,JLPT_1 JLPT,P7Y3[uoFO/,子どもたちが土手に座って川を眺めた。,こどもたちがどてにすわってかわをながめた。,아이들이 둑에 앉아 강을 바라봤다.
届,とどけ,신고·신고서,JLPT_1 JLPT,k&rtuoJHn+,引っ越したら住所変更の届を出してください。,ひっこしたらじゅうしょへんこうのとどけをだしてください。,이사하면 주소 변경 신고서를 제출해 주세요.
滞る,とどこおる,정체되다·지체되다,JLPT_1 JLPT,K*Hz>u1V/7,事故の影響で荷物の配送が滞っている。,じこのえいきょうでにもつのはいそうがとどこおっている。,사고의 영향으로 화물 배송이 지체되고 있다.
整える,ととのえる,조절하다·정돈하다·마련하다,JLPT_1 JLPT,yz)tg)bvJH,客を迎える前に部屋を整えた。,きゃくをむかえるまえにへやをととのえた。,손님을 맞기 전에 방을 정돈했다.
止める,とどめる,그치다·멈추다·머무르게 하다,JLPT_1 JLPT,IgE:xC]C-g,被害を最小限に止める努力が必要だ。,ひがいをさいしょうげんにとどめるどりょくがひつようだ。,피해를 최소한으로 억제하려는 노력이 필요하다.
唱える,となえる,주창하다·읊다,JLPT_1 JLPT,Gg`8L(I3?q,市民団体は制度の改革を唱えた。,しみんだんたいはせいどのかいかくをとなえた。,시민 단체는 제도 개혁을 주장했다.
殿様,とのさま,영주·어르신,JLPT_1 JLPT,xjLi|(N)Y!,昔の殿様が暮らした屋敷が残っている。,むかしのとのさまがくらしたやしきがのこっている。,옛 영주가 살던 저택이 남아 있다.
土俵,どひょう,씨름판 (도표),JLPT_1 JLPT,kt7if2NoDZ,力士が土俵に上がると歓声が響いた。,りきしがどひょうにあがるとかんせいがひびいた。,스모 선수가 씨름판에 오르자 함성이 울렸다.
扉,とびら,문·속표지,JLPT_1 JLPT,I24=_qRNG{,重い扉をゆっくり押し開けた。,おもいとびらをゆっくりおしあけた。,무거운 문을 천천히 밀어 열었다.
溝,どぶ,도랑·시궁창,JLPT_1 JLPT,Hzol[}&YZl,大雨で道路脇の溝があふれた。,おおあめでどうろわきのどぶがあふれた。,폭우로 길가의 도랑이 넘쳤다.
徒歩,とほ,도보,JLPT_1 JLPT,Fjm7hAD%fu,駅から会場まで徒歩で十分かかる。,えきからかいじょうまでとほでじゅっぷんかかる。,역에서 행사장까지 걸어서 10분 걸린다.
土木,どぼく,토목,JLPT_1 JLPT,jgd#[Gmw^^,大規模な土木工事が川沿いで始まった。,だいきぼなどぼくこうじがかわぞいではじまった。,대규모 토목 공사가 강변에서 시작되었다.
恍ける·惚ける,とぼける,시치미 떼다·얼빠진 짓을 하다,JLPT_1 JLPT,HA39$4<O7S,彼は事情を知っているのにとぼけた。,かれはじじょうをしっているのにとぼけた。,그는 사정을 알면서도 시치미를 뗐다.
乏しい,とぼしい,부족한·가난한,JLPT_1 JLPT,"wt#tsoF,$N",この地域は水資源に乏しい。,このちいきはみずしげんにとぼしい。,이 지역은 수자원이 부족하다.
富,とみ,부·재산,JLPT_1 JLPT,kl&?2R4Ul?,健康はお金では買えない大切な富だ。,けんこうはおかねではかえないたいせつなとみだ。,건강은 돈으로 살 수 없는 소중한 재산이다.
富む,とむ,풍부하다·부유하다,JLPT_1 JLPT,Q?~wK|+t|p,この海は多様な生物に富んでいる。,このうみはたようなせいぶつにとんでいる。,이 바다는 다양한 생물이 풍부하다.
共稼ぎ,ともかせぎ,맞벌이,JLPT_1 JLPT,"K<|&apg,,5",共稼ぎの夫婦が家事を分担している。,ともかせぎのふうふがかじをぶんたんしている。,맞벌이 부부가 집안일을 분담하고 있다.
伴う,ともなう,동반하다·수반하다,JLPT_1 JLPT,ntk-`u.Caj,技術の進歩には新たな危険が伴う。,ぎじゅつのしんぽにはあらたなきけんがともなう。,기술의 발전에는 새로운 위험이 따른다.
共働き,ともばたらき,맞벌이,JLPT_1 Intermediate_Japanese_Ln.14 JLPT Intermediate_Japanese,KsJK.WMk9k,共働きなので朝は二人とも忙しい。,ともばたらきなのであさはふたりともいそがしい。,맞벌이라 아침에는 두 사람 모두 바쁘다.
ドライ,ドライ,드라이·건조한,JLPT_1 JLPT,uyF82nwuCT,彼は感情に流されないドライな性格だ。,かれはかんじょうにながされないどらいなせいかくだ。,그는 감정에 휩쓸리지 않는 냉정한 성격이다.
ドライクリーニング,ドライクリーニング,드라이클리닝,JLPT_1 JLPT,hI<4F;7$M(,このコートはドライクリーニングに出した。,このこーとはどらいくりーにんぐにだした。,이 코트는 드라이클리닝을 맡겼다.
ドライバー,ドライバー,드라이버,JLPT_1 JLPT,JR*AC1{b!P,ネジをドライバーでしっかり締めた。,ねじをどらいばーでしっかりしめた。,나사를 드라이버로 단단히 조였다.
ドライブイン,ドライブイン,드라이브인,JLPT_1 JLPT,lGQ5H]umJ,高速道路沿いのドライブインで休憩した。,こうそくどうろぞいのどらいぶいんできゅうけいした。,고속도로변의 드라이브인에서 쉬었다.
トラブル,トラブル,트러블·분쟁,JLPT_1 JLPT,fF~?5;]hHp,旅先で財布をなくすトラブルに遭った。,たびさきでさいふをなくすとらぶるにあった。,여행지에서 지갑을 잃어버리는 문제를 겪었다.
トランジスター,トランジスター,트랜지스터,JLPT_1 JLPT,G8*[Jm%i5[,ラジオには小型のトランジスターが使われている。,らじおにはこがたのとらんじすたーがつかわれている。,라디오에는 소형 트랜지스터가 사용되고 있다.
とりあえず,とりあえず,우선·당분간,JLPT_1 JLPT,"A3E,EB~Q2G",とりあえず必要な資料だけ先に送ります。,とりあえずひつようなしりょうだけさきにおくります。,우선 필요한 자료만 먼저 보내겠습니다.
取扱,とりあつかい,취급,JLPT_1 JLPT,rBTr^DU*Cx,商品の取扱には十分注意してください。,しょうひんのとりあつかいにはじゅうぶんちゅういしてください。,상품 취급에 충분히 주의해 주세요.
取り扱う,とりあつかう,취급하다·다루다,JLPT_1 JLPT,f<xt2FJB#W,当店では海外の商品も取り扱っている。,とうてんではかいがいのしょうひんもとりあつかっている。,이 가게에서는 해외 상품도 취급한다.
鳥居,とりい,토리이,JLPT_1 JLPT,bwgFGu0jgU,石段を上ると赤い鳥居が見えた。,いしだんをのぼるとあかいとりいがみえた。,돌계단을 오르자 붉은 토리이가 보였다.
取り替え,とりかえ,교체,JLPT_1 JLPT,"LmK#s,9;im",古い部品の取り替えを業者に頼んだ。,ふるいぶひんのとりかえをぎょうしゃにたのんだ。,낡은 부품의 교체를 업체에 부탁했다.
取り組む,とりくむ,맞붙다·몰두하다,JLPT_1 JLPT,FUhxb`Icnx,チーム全体で難しい課題に取り組んだ。,ちーむぜんたいでむずかしいかだいにとりくんだ。,팀 전체가 어려운 과제에 몰두했다.
取締り,とりしまり,단속,JLPT_1 JLPT,Nn_#J1j`cb,警察は飲酒運転の取締りを強化した。,けいさつはいんしゅうんてんのとりしまりをきょうかした。,경찰은 음주 운전 단속을 강화했다.
取り締まる,とりしまる,단속하다·관리하다,JLPT_1 JLPT,u>YtS}dO87,警察が違法な駐車を厳しく取り締まる。,けいさつがいほうなちゅうしゃをきびしくとりしまる。,경찰이 불법 주차를 엄격히 단속한다.
取り調べる,とりしらべる,조사하다·심문하다,JLPT_1 JLPT,"lTv.J/i,RR",警察は容疑者を詳しく取り調べた。,けいさつはようぎしゃをくわしくとりしらべた。,경찰은 용의자를 자세히 심문했다.
取り立てる,とりたてる,징수하다·발탁하다,JLPT_1 JLPT,u]pjW8@;4G,係員が未払いの料金を取り立てた。,かかりいんがみばらいのりょうきんをとりたてた。,담당자가 미납 요금을 징수했다.
取り次ぐ,とりつぐ,중개하다·전하다·접수하다,JLPT_1 JLPT,h81vV]thLx,担当者に電話を取り次いでください。,たんとうしゃにでんわをとりついでください。,담당자에게 전화를 연결해 주세요.
取り付ける,とりつける,설치하다·확정하다,JLPT_1 JLPT,OLVn)Sl<l<,玄関に新しい照明を取り付けた。,げんかんにあたらしいしょうめいをとりつけた。,현관에 새 조명을 설치했다.
取り除く,とりのぞく,제거하다·없애다,JLPT_1 JLPT,hNl.|rVPKI,庭から枯れた枝を取り除いた。,にわからかれたえだをとりのぞいた。,정원에서 마른 가지를 제거했다.
取引,とりひき,거래,JLPT_1 JLPT,QK;D?PC(Iv,海外の会社と新しい取引を始めた。,かいがいのかいしゃとあたらしいとりひきをはじめた。,해외 회사와 새로운 거래를 시작했다.
取り巻く,とりまく,둘러싸다,JLPT_1 JLPT,E%Fl$NJpIJ,記者たちが受賞者を取り巻いた。,きしゃたちがじゅしょうしゃをとりまいた。,기자들이 수상자를 둘러쌌다.
取り混ぜる,とりまぜる,뒤섞다,JLPT_1 JLPT,Bo(wYaa}Ah,赤と白の花を取り混ぜて飾った。,あかとしろのはなをとりまぜてかざった。,빨간 꽃과 흰 꽃을 섞어 장식했다.
取り戻す,とりもどす,되찾다,JLPT_1 JLPT,pPlunQ{V=M,深呼吸して落ち着きを取り戻した。,しんこきゅうしておちつきをとりもどした。,심호흡을 하고 평정을 되찾았다.
取り寄せる,とりよせる,주문하여 가져오다,JLPT_1 JLPT,M^8;v4K?HH,店にない本を出版社から取り寄せた。,みせにないほんをしゅっぱんしゃからとりよせた。,가게에 없는 책을 출판사에서 주문해 받았다.
ドリル,ドリル,드릴·훈련,JLPT_1 JLPT,tLuvrWP-bR,壁に穴を開けるためドリルを使った。,かべにあなをあけるためどりるをつかった。,벽에 구멍을 뚫기 위해 드릴을 사용했다.
取(り)分け,とりわけ,유독·특히,JLPT_1 JLPT,I|~T6euZ&R,今年の夏は取り分け暑い。,ことしのなつはとりわけあつい。,올여름은 유난히 덥다.
蕩ける·盪ける,とろける,녹다·황홀해지다,JLPT_1 JLPT,zCt%1bEngS,口に入れるとチョコレートが蕩けた。,くちにいれるとちょこれーとがとろけた。,입에 넣자 초콜릿이 녹았다.
鈍感,どんかん,둔감,JLPT_1 JLPT,AGgv#X94Iv,彼は周囲の視線に鈍感だ。,かれはしゅういのしせんにどんかんだ。,그는 주변의 시선에 둔감하다.
とんだ,とんだ,엉뚱한·지독한,JLPT_1 JLPT,H?67/UOJ%d,約束を忘れ、とんだ失礼をしました。,やくそくをわすれ、とんだしつれいをしました。,약속을 잊어 큰 실례를 저질렀습니다.
度忘れ,どわすれ,깜빡 잊음,JLPT_1 JLPT,O3@@XzGoQO,知人の名前を度忘れして困った。,ちじんのなまえをどわすれしてこまった。,아는 사람의 이름이 갑자기 생각나지 않아 곤란했다.
問屋,とんや,도매점,JLPT_1 JLPT,L]HWWc9|Rk,問屋から商品をまとめて仕入れた。,とんやからしょうひんをまとめてしいれた。,도매점에서 상품을 한꺼번에 사들였다.
内閣,ないかく,내각,JLPT_1 JLPT,y)df|:D=Sq,内閣は新しい経済対策を発表した。,ないかくはあたらしいけいざいたいさくをはっぴょうした。,내각은 새로운 경제 대책을 발표했다.
乃至,ないし,내지·또는,JLPT_1 JLPT,iAOF?Qa_8q,参加者は十人乃至十五人を見込んでいる。,さんかしゃはじゅうにんないしじゅうごにんをみこんでいる。,참가자는 10명 내지 15명으로 예상하고 있다.
内緒,ないしょ,비밀·내밀함,JLPT_1 JLPT,u~2eY8N1H4,この話は家族にも内緒にしてください。,このはなしはかぞくにもないしょにしてください。,이 이야기는 가족에게도 비밀로 해 주세요.
内心,ないしん,내심,JLPT_1 JLPT,qVMnXwPQkx,内心では結果に納得していなかった。,ないしんではけっかになっとくしていなかった。,내심 결과를 납득하지 못하고 있었다.
内蔵,ないぞう,내장,JLPT_1 JLPT,L]Dm~E_?j[,この機器には小型カメラが内蔵されている。,このききにはこがたかめらがないぞうされている。,이 기기에는 소형 카메라가 내장되어 있다.
ナイター,ナイター,야간 경기·나이터,JLPT_1 JLPT,w71YMp^g^|,雨で今夜のナイターが中止になった。,あめでこんやのないたーがちゅうしになった。,비 때문에 오늘 밤 야간 경기가 취소되었다.
内部,ないぶ,내부,JLPT_1 JLPT,Qc_^Hv.8K<,箱の内部に小さな傷があった。,はこのないぶにちいさなきずがあった。,상자 내부에 작은 흠집이 있었다.
内乱,ないらん,내란,JLPT_1 JLPT,"nyNNE_],O!",長い内乱で多くの町が荒廃した。,ながいないらんでおおくのまちがこうはいした。,오랜 내란으로 많은 도시가 황폐해졌다.
内陸,ないりく,내륙,JLPT_1 JLPT,G}P5V$Jk?4,内陸では海沿いより寒暖差が大きい。,ないりくではうみぞいよりかんだんさがおおきい。,내륙은 해안보다 일교차가 크다.
苗,なえ,모종·벼의 모,JLPT_1 JLPT,D`y6b-_J-},畑に野菜の苗を植えた。,はたけにやさいのなえをうえた。,밭에 채소 모종을 심었다.
なおさら,なおさら,더욱더·한층 더,JLPT_1 JLPT,D3]|seyAVE,雨の日は道が暗く、夜はなおさら危険だ。,あめのひはみちがくらく、よるはなおさらきけんだ。,비 오는 날에는 길이 어둡고 밤에는 더욱 위험하다.
流し,ながし,싱크대·개수대,JLPT_1 JLPT,sUm$!Jp0[},食器を流しに置いた。,しょっきをながしにおいた。,식기를 싱크대에 놓았다.
長々,ながなが,길게·오랫동안,JLPT_1 JLPT,OTwM?YMLfQ,彼は同じ話を長々と続けた。,かれはおなじはなしをながながとつづけた。,그는 같은 이야기를 장황하게 이어 갔다.
中程,なかほど,중간쯤,JLPT_1 JLPT,A)F$iP@]z@,列の中程に空いている席がある。,れつのなかほどにあいているせきがある。,줄 중간쯤에 빈자리가 있다.
渚,なぎさ,바닷가·물가,JLPT_1 JLPT,zd22=yfA9n,夕暮れの渚を裸足で歩いた。,ゆうぐれのなぎさをはだしであるいた。,해 질 녘 물가를 맨발로 걸었다.
嘆く,なげく,한탄하다·슬퍼하다,JLPT_1 JLPT,ilzJ;<!YjV,失敗を嘆くより次の方法を考えよう。,しっぱいをなげくよりつぎのほうほうをかんがえよう。,실패를 한탄하기보다 다음 방법을 생각하자.
投げ出す,なげだす,내던지다·포기하다,JLPT_1 JLPT,vl-:<#dR[!,難しいからと途中で仕事を投げ出した。,むずかしいからととちゅうでしごとをなげだした。,어렵다는 이유로 도중에 일을 내팽개쳤다.
仲人,なこうど,중매인,JLPT_1 JLPT,kknZLw#*&s,仲人の紹介で二人は知り合った。,なこうどのしょうかいでふたりはしりあった。,중매인의 소개로 두 사람은 알게 되었다.
和やか,なごやか,온화한·화기애애한,JLPT_1 JLPT,EbN._V9![%,会議は終始和やかな雰囲気だった。,かいぎはしゅうしなごやかなふんいきだった。,회의는 내내 화기애애한 분위기였다.
名残,なごり,흔적·자취,JLPT_1 JLPT,oz>_]^qFZM,古い町並みに昔の名残が感じられる。,ふるいまちなみにむかしのなごりがかんじられる。,오래된 거리에서 옛 흔적이 느껴진다.
情け,なさけ,인정·자비,JLPT_1 JLPT,D|r~;|9R]k,困っている旅人に情けをかけた。,こまっているたびびとになさけをかけた。,곤경에 처한 여행자에게 자비를 베풀었다.
情無い,なさけない,한심한·비참한,JLPT_1 JLPT,N<_jdqMHiS,こんな簡単な失敗をするとは情無い。,こんなかんたんなしっぱいをするとはなさけない。,이렇게 간단한 실수를 하다니 한심하다.
情深い,なさけぶかい,인정 많은,JLPT_1 JLPT,P:u6w48-M4,彼は困った人を放っておけない情深い人だ。,かれはこまったひとをほうっておけないなさけぶかいひとだ。,그는 어려운 사람을 그냥 지나치지 못하는 인정 많은 사람이다.
詰る,なじる,힐책하다·따지다,JLPT_1 JLPT,m2ug%F|{:P,彼は約束を破った相手を厳しく詰った。,かれはやくそくをやぶったあいてをきびしくなじった。,그는 약속을 어긴 상대를 엄하게 힐책했다.
名高い,なだかい,유명한·이름 높은,JLPT_1 JLPT,CAOqe%9eXa,この町は美しい陶器で名高い。,このまちはうつくしいとうきでなだかい。,이 마을은 아름다운 도자기로 유명하다.
雪崩,なだれ,눈사태,JLPT_1 JLPT,i|el8n-PMm,大雪の後に山で雪崩が発生した。,おおゆきのあとにやまでなだれがはっせいした。,폭설 뒤 산에서 눈사태가 발생했다.
懐く,なつく,따르다·길들다,JLPT_1 JLPT,g];Z(M#sXQ,子犬はすぐに家族に懐いた。,こいぬはすぐにかぞくになついた。,강아지는 금세 가족을 따랐다.
名付ける,なづける,이름 짓다,JLPT_1 JLPT,NJQx_8`$@d,生まれた子を祖父にちなんで名付けた。,うまれたこをそふにちなんでなづけた。,태어난 아이에게 할아버지를 기려 이름을 지어 주었다.
何気ない,なにげない,아무렇지도 않은·무심한,JLPT_1 JLPT,GCR5kv%JGq,何気ない一言が彼を傷つけてしまった。,なにげないひとことがかれをきずつけてしまった。,무심코 한 말 한마디가 그에게 상처를 주고 말았다.
なにとぞ,なにとぞ,부디·제발,JLPT_1 JLPT,lQ*Q=lmCB7,なにとぞご理解くださいますようお願いします。,なにとぞごりかいくださいますようおねがいします。,부디 이해해 주시기를 부탁드립니다.
なにより,なにより,무엇보다도,JLPT_1 JLPT,Ifj=x)`!7.,家族が無事だったことがなにより嬉しい。,かぞくがぶじだったことがなによりうれしい。,가족이 무사했다는 것이 무엇보다 기쁘다.
ナプキン,ナプキン,냅킨,JLPT_1 JLPT,dY;w6ETO=:,食事の前に膝にナプキンを広げた。,しょくじのまえにひざになぷきんをひろげた。,식사 전에 무릎 위에 냅킨을 펼쳤다.
名札,なふだ,명찰,JLPT_1 JLPT,"H,LzU#iC|r",受付で名前の書かれた名札を受け取った。,うけつけでなまえのかかれたなふだをうけとった。,접수처에서 이름이 적힌 명찰을 받았다.
生臭い,なまぐさい,비린내 나는,JLPT_1 JLPT,vDPDWlb?&h,台所に魚の生臭いにおいが残っている。,だいどころにさかなのなまぐさいにおいがのこっている。,부엌에 생선의 비린내가 남아 있다.
生温い,なまぬるい,미지근한,JLPT_1 JLPT,G~a-u$_3U#,お茶が生温くておいしくなかった。,おちゃがなまぬるくておいしくなかった。,차가 미지근해서 맛이 없었다.
生身,なまみ,살아 있는 몸·생신,JLPT_1 JLPT,mdk5@{-d$q,生身の人間には休息が必要だ。,なまみのにんげんにはきゅうそくがひつようだ。,살아 있는 인간에게는 휴식이 필요하다.
鉛,なまり,납,JLPT_1 JLPT,clLq6d~d8L,鉛は重くて柔らかい金属だ。,なまりはおもくてやわらかいきんぞくだ。,납은 무겁고 부드러운 금속이다.
滑らか,なめらか,매끄러움·유창함,JLPT_1 JLPT,F~B/LW)1su,熟練した職人の動きは滑らかだ。,じゅくれんしたしょくにんのうごきはなめらかだ。,숙련된 장인의 움직임은 매끄럽다.
嘗める,なめる,핥다·얕보다·겪다,JLPT_1 JLPT,"h&h,RaX>m(",猫が皿の水を嘗めている。,ねこがさらのみずをなめている。,고양이가 접시의 물을 핥고 있다.
悩ましい,なやましい,매혹적인·괴로운·고민스러운,JLPT_1 JLPT,vf@^4N2dLC,どちらを選ぶべきか悩ましい問題だ。,どちらをえらぶべきかなやましいもんだいだ。,어느 쪽을 골라야 할지 고민스러운 문제다.
悩ます,なやます,괴롭히다,JLPT_1 JLPT,jR2E;(CfhM,夜中の騒音が住民を悩ませている。,よなかのそうおんがじゅうみんをなやませている。,한밤중의 소음이 주민들을 괴롭히고 있다.
悩み,なやみ,고민·괴로움,JLPT_1 JLPT Genki_Ln.19 Genki,"rYH,[!J71-",仕事の悩みを友人に相談した。,しごとのなやみをゆうじんにそうだんした。,직장 고민을 친구에게 상담했다.
並びに,ならびに,및·아울러,JLPT_1 JLPT,Ny*4D`O(3Y,申請書並びに身分証を提出してください。,しんせいしょならびにみぶんしょうをていしゅつしてください。,신청서 및 신분증을 제출해 주세요.
成り立つ,なりたつ,이루어지다·성립하다,JLPT_1 JLPT,m1{^Hc5[&f,この制度は多くの人の協力で成り立っている。,このせいどはおおくのひとのきょうりょくでなりたっている。,이 제도는 많은 사람의 협력으로 성립되어 있다.
なるたけ,なるたけ,될 수 있는 대로,JLPT_1 JLPT,y(q.AD0L#F,なるたけ早く返事をください。,なるたけはやくへんじをください。,되도록 빨리 답해 주세요.
慣れ,なれ,익숙해짐·습관,JLPT_1 JLPT,j7[97Xg7/>,作業には経験と慣れが必要だ。,さぎょうにはけいけんとなれがひつようだ。,작업에는 경험과 익숙함이 필요하다.
馴々しい,なれなれしい,서글서글한·너무 친한 척하는,JLPT_1 JLPT,shT?wsHw[_,初対面なのに馴々しい態度を取られた。,しょたいめんなのになれなれしいたいどをとられた。,처음 만났는데도 지나치게 친한 척하는 태도를 보였다.
～なんか,～なんか,~따위·~같은 건,JLPT_1 JLPT,d.Q@D)R`y/,私なんかにはとても務まらない。,わたしなんかにはとてもつとまらない。,나 같은 사람은 도저히 해낼 수 없다.
ナンセンス,ナンセンス,넌센스·무의미함,JLPT_1 JLPT,moW2Xjtt^+,根拠のないうわさを信じるのはナンセンスだ。,こんきょのないうわさをしんじるのはなんせんすだ。,근거 없는 소문을 믿는 것은 무의미하다.
何だか,なんだか,왠지·어쩐지,JLPT_1 JLPT Intermediate_Japanese Intermediate_Japanese_Ln.11,hYSEqVkL.V,今日は何だか体が重い。,きょうはなんだかからだがおもい。,오늘은 왠지 몸이 무겁다.
なんだかんだ,なんだかんだ,이러쿵저러쿵·이것저것,JLPT_1 JLPT,Hjnd-`9LXB,なんだかんだ言って皆が手伝ってくれた。,なんだかんだいってみんながてつだってくれた。,이러쿵저러쿵하면서도 모두가 도와주었다.
なんなり,なんなり,무엇이든,JLPT_1 JLPT,w_?<3$dc`X,困ったことがあればなんなりとお申し付けください。,こまったことがあればなんなりとおもうしつけください。,어려운 일이 있으면 무엇이든 말씀해 주세요.
荷,に,짐,JLPT_1 JLPT,yqk%}[]JXT,重い荷を背負って山道を登った。,おもいにをせおってやまみちをのぼった。,무거운 짐을 지고 산길을 올랐다.
似通う,にかよう,서로 닮다,JLPT_1 JLPT,Dm9*/_j8S;,二つの案は内容がよく似通っている。,ふたつのあんはないようがよくにかよっている。,두 안은 내용이 매우 비슷하다.
面皰,にきび,여드름,JLPT_1 JLPT,e&g:V:ku_],思春期に顔の面皰が増えた。,ししゅんきにかおのにきびがふえた。,사춘기에 얼굴의 여드름이 늘었다.
賑わう,にぎわう,북적이다·활기를 띠다,JLPT_1 JLPT,g#ovh${-3n,休日の商店街は買い物客で賑わう。,きゅうじつのしょうてんがいはかいものきゃくでにぎわう。,휴일의 상점가는 쇼핑객으로 붐빈다.
憎しみ,にくしみ,증오·미움,JLPT_1 JLPT,QPkVwq]vjj,長年の憎しみを捨てて和解した。,ながねんのにくしみをすててわかいした。,오랜 증오를 버리고 화해했다.
肉親,にくしん,육친·혈육,JLPT_1 JLPT,uWXLxRMJ+O,事故の知らせを聞いて肉親が駆けつけた。,じこのしらせをきいてにくしんがかけつけた。,사고 소식을 듣고 혈육이 달려왔다.
肉体,にくたい,육체,JLPT_1 JLPT,gnN00<v<{9,健全な精神は健康な肉体に宿る。,けんぜんなせいしんはけんこうなにくたいにやどる。,건전한 정신은 건강한 육체에 깃든다.
逃げ出す,にげだす,도망치다,JLPT_1 JLPT,fl)eIr9*lI,犬が開いた門から逃げ出した。,いぬがあいたもんからにげだした。,개가 열린 문으로 도망쳤다.
西日,にしび,석양·서쪽으로 지는 해,JLPT_1 JLPT,K3I7nq2l;L,午後の西日が部屋の奥まで差し込む。,ごごのにしびがへやのおくまでさしこむ。,오후의 석양빛이 방 안쪽까지 들어온다.
滲む,にじむ,번지다·스며 나오다,JLPT_1 JLPT,o9up<Sz=ve,雨で看板の文字が滲んで読めない。,あめでかんばんのもじがにじんでよめない。,비에 간판 글자가 번져 읽을 수 없다.
にせ物,にせもの,가짜·모조품,JLPT_1 JLPT,A=&EK6O#1I,その時計は本物に見えるがにせ物だ。,そのとけいはほんものにみえるがにせものだ。,그 시계는 진짜처럼 보이지만 가짜다.
日夜,にちや,밤낮·언제나,JLPT_1 JLPT,i%dEbeqYtB,研究者たちは日夜新薬の開発に励んでいる。,けんきゅうしゃたちはにちやしんやくのかいはつにはげんでいる。,연구자들은 밤낮으로 신약 개발에 힘쓰고 있다.
荷造り,にづくり,짐 꾸리기·포장,JLPT_1 JLPT,qOwG&WZKL2,旅行の前夜に急いで荷造りした。,りょこうのぜんやにいそいでにづくりした。,여행 전날 밤에 서둘러 짐을 꾸렸다.
担う,になう,짊어지다·떠맡다,JLPT_1 JLPT,F#SgKxy?S*,若い世代が社会の未来を担う。,わかいせだいがしゃかいのみらいをになう。,젊은 세대가 사회의 미래를 짊어진다.
鈍る,にぶる,둔해지다·무뎌지다,JLPT_1 JLPT,L.(Z=bmrwj,疲れると判断力が鈍る。,つかれるとはんだんりょくがにぶる。,피곤하면 판단력이 둔해진다.
にも関わらず,にもかかわらず,~임에도 불구하고,JLPT_1 JLPT,KlWPE-D`h0,大雨にも関わらず試合は続けられた。,おおあめにもかかわらずしあいはつづけられた。,폭우에도 불구하고 경기는 계속되었다.
ニュアンス,ニュアンス,뉘앙스,JLPT_1 JLPT,LUTAFMalyV,同じ言葉でも使い方でニュアンスが変わる。,おなじことばでもつかいかたでにゅあんすがかわる。,같은 말도 쓰임에 따라 뉘앙스가 달라진다.
ニュー,ニュー,뉴·새로운,JLPT_1 JLPT,"Gfvoid,rAZ",車のニューモデルが来月発売される。,くるまのにゅーもでるがらいげつはつばいされる。,자동차의 신형 모델이 다음 달 출시된다.
入手,にゅうしゅ,입수,JLPT_1 JLPT,KYs]w;nq{f,希少な資料をようやく入手した。,きしょうなしりょうをようやくにゅうしゅした。,희귀한 자료를 마침내 입수했다.
入賞,にゅうしょう,입상,JLPT_1 JLPT,"QQ,s.4v3{f",写真コンテストで入賞した。,しゃしんこんてすとでにゅうしょうした。,사진 대회에서 입상했다.
入浴,にゅうよく,입욕·목욕,JLPT_1 JLPT,K$j=e4Tdlp,入浴前にお湯の温度を確かめた。,にゅうよくまえにおゆのおんどをたしかめた。,목욕하기 전에 물의 온도를 확인했다.
尿,にょう,소변·뇨,JLPT_1 JLPT,jT5|c!zG9i,検査のため尿を容器に採取した。,けんさのためにょうをようきにさいしゅした。,검사를 위해 소변을 용기에 채취했다.
認識,にんしき,인식,JLPT_1 JLPT,"sX|,Qiq}<w",問題の深刻さを皆が認識している。,もんだいのしんこくさをみんながにんしきしている。,모두가 문제의 심각성을 인식하고 있다.
妊娠,にんしん,임신,JLPT_1 JLPT,j|`SG%:20Y,妊娠中は定期的に検診を受ける。,にんしんちゅうはていきてきにけんしんをうける。,임신 중에는 정기적으로 검진을 받는다.
任務,にんむ,임무,JLPT_1 JLPT,h6lc;]{2nu,隊員は無事に任務を終えた。,たいいんはぶじににんむをおえた。,대원은 무사히 임무를 마쳤다.
任命,にんめい,임명,JLPT_1 JLPT,En]Zo|mh[y,彼女が新しい部長に任命された。,かのじょがあたらしいぶちょうににんめいされた。,그녀가 새로운 부장으로 임명되었다.
抜かす,ぬかす,빼먹다·생략하다,JLPT_1 JLPT,B_-9.@R#h`,一人抜かして名前を呼んでしまった。,ひとりぬかしてなまえをよんでしまった。,한 사람을 빼먹고 이름을 불러 버렸다.
抜け出す,ぬけだす,빠져나가다·살짝 도망치다,JLPT_1 JLPT,pLSh/TV^OR,混雑した会場から外へ抜け出した。,こんざつしたかいじょうからそとへぬけだした。,붐비는 행사장에서 밖으로 빠져나왔다.
主,ぬし,주인·임자,JLPT_1 JLPT Intermediate_Japanese_Ln.13 Intermediate_Japanese,f$iPQS#{]6,この池の主と呼ばれる大きな魚がいる。,このいけのぬしとよばれるおおきなさかながいる。,이 연못의 주인이라 불리는 큰 물고기가 있다.
沼,ぬま,늪,JLPT_1 JLPT,q-TqHFf#eJ,沼の周りには多くの水鳥がいる。,ぬまのまわりにはおおくのみずどりがいる。,늪 주변에는 많은 물새가 있다.
音色,ねいろ,음색,JLPT_1 JLPT,C=~bfd:qmo,古い楽器の柔らかな音色が響いた。,ふるいがっきのやわらかなねいろがひびいた。,오래된 악기의 부드러운 음색이 울렸다.
値打ち,ねうち,가치·값어치,JLPT_1 JLPT,s_}27&HmzM,この絵には高い値打ちがある。,このえにはたかいねうちがある。,이 그림에는 높은 가치가 있다.
ネガ,ネガ,네거티브·네가,JLPT_1 JLPT,tRtoeF@*NA,古い写真のネガを大切に保管している。,ふるいしゃしんのねがをたいせつにほかんしている。,오래된 사진의 네거티브 필름을 소중히 보관하고 있다.
寝かせる,ねかせる,재우다·눕히다·발효시키다,JLPT_1 JLPT,i8aC;^zTA&,パン生地を一晩寝かせてから焼く。,ぱんきじをひとばんねかせてからやく。,빵 반죽을 하룻밤 숙성한 뒤 굽는다.
ねじまわし,ねじまわし,나사돌개·드라이버,JLPT_1 JLPT,lC3$+z.Dp9,ねじまわしで緩んだネジを締めた。,ねじまわしでゆるんだねじをしめた。,드라이버로 느슨해진 나사를 조였다.
捩れる,ねじれる,비틀리다·뒤틀리다,JLPT_1 JLPT,Shp4gNU#M,強い風で看板の支柱が捩れた。,つよいかぜでかんばんのしちゅうがねじれた。,강한 바람에 간판 지지대가 뒤틀렸다.
妬む,ねたむ,시기하다·질투하다,JLPT_1 JLPT,LkwOsP2luZ,他人の成功を妬んでも何も変わらない。,たにんのせいこうをねたんでもなにもかわらない。,남의 성공을 질투해도 아무것도 달라지지 않는다.
強請る,ねだる,조르다,JLPT_1 JLPT,bqJI({hGlV,子どもがおもちゃを買ってほしいと強請った。,こどもがおもちゃをかってほしいとねだった。,아이가 장난감을 사 달라고 졸랐다.
熱意,ねつい,열의,JLPT_1 JLPT,rd11dz%oP<,彼は仕事に強い熱意を持っている。,かれはしごとにつよいねついをもっている。,그는 일에 강한 열의를 가지고 있다.
熱湯,ねっとう,열탕·끓는 물,JLPT_1 JLPT,yBQ@*k[rMd,熱湯を扱うときは十分注意してください。,ねっとうをあつかうときはじゅうぶんちゅういしてください。,끓는 물을 다룰 때는 충분히 주의해 주세요.
熱量,ねつりょう,열량,JLPT_1 JLPT,yVC<gDS.Nb,運動量に応じて必要な熱量も変わる。,うんどうりょうにおうじてひつようなねつりょうもかわる。,운동량에 따라 필요한 열량도 달라진다.
粘り,ねばり,끈기,JLPT_1 JLPT,BvIS%RjDgh,最後まで諦めない粘りを見せた。,さいごまであきらめないねばりをみせた。,끝까지 포기하지 않는 끈기를 보였다.
粘る,ねばる,끈적거리다·버티다,JLPT_1 JLPT,q5idXyJ?~3,彼は最後まで粘って好機を待った。,かれはさいごまでねばってこうきをまった。,그는 끝까지 버티며 기회를 기다렸다.
値引き,ねびき,할인·가격 인하,JLPT_1 JLPT,ppHz}aRok7,店員に頼んで少し値引きしてもらった。,てんいんにたのんですこしねびきしてもらった。,점원에게 부탁해 조금 할인받았다.
根回し,ねまわし,사전 교섭·밑작업,JLPT_1 JLPT,k|jB&4ScOn,会議の前に関係者への根回しを済ませた。,かいぎのまえにかんけいしゃへのねまわしをすませた。,회의 전에 관계자들과 사전 교섭을 마쳤다.
眠たい,ねむたい,졸린,JLPT_1 JLPT,A:U[i:g3Mu,昨夜は眠れなかったので朝から眠たい。,さくやはねむれなかったのであさからねむたい。,어젯밤 잠을 못 자서 아침부터 졸리다.
練る,ねる,반죽하다·누이다·무두질하다,JLPT_1 JLPT,OcA{._U(He,小麦粉に水を加えて生地をよく練る。,こむぎこにみずをくわえてきじをよくねる。,밀가루에 물을 더해 반죽을 잘 치댄다.
念,ねん,생각·일념·주의,JLPT_1 JLPT,uVWX2{yDLk,念のため出発時刻をもう一度確認した。,ねんのためしゅっぱつじこくをもういちどかくにんした。,혹시 몰라 출발 시각을 한 번 더 확인했다.
年賀,ねんが,신년 축하·연하장,JLPT_1 JLPT,P$?kkzx-4;,年賀の挨拶を手紙で送った。,ねんがのあいさつをてがみでおくった。,새해 인사를 편지로 보냈다.
念願,ねんがん,염원,JLPT_1 JLPT,N2]ye^.%%-,長年の念願だった店をついに開いた。,ながねんのねんがんだったみせをついにひらいた。,오랜 염원이던 가게를 마침내 열었다.
年号,ねんごう,연호,JLPT_1 JLPT,bLo0`T)GZr,新しい年号が正式に発表された。,あたらしいねんごうがせいしきにはっぴょうされた。,새로운 연호가 정식으로 발표되었다.
燃焼,ねんしょう,연소,JLPT_1 JLPT,zKpI9!^gxJ,酸素が足りないと燃料は十分に燃焼しない。,さんそがたりないとねんりょうはじゅうぶんにねんしょうしない。,산소가 부족하면 연료는 충분히 연소하지 않는다.
年長,ねんちょう,연장·고령,JLPT_1 JLPT,L5;%C?!rKM,年長の子が小さい子の面倒を見た。,ねんちょうのこがちいさいこのめんどうをみた。,나이가 더 많은 아이가 어린아이를 돌봤다.
燃料,ねんりょう,연료,JLPT_1 JLPT,rltcX_fvi[,災害に備えて車の燃料を満タンにした。,さいがいにそなえてくるまのねんりょうをまんたんにした。,재해에 대비해 자동차 연료를 가득 채웠다.
年輪,ねんりん,연륜·나이테,JLPT_1 JLPT,b+fwXle>0o,切り株の年輪を数えて木の年齢を調べた。,きりかぶのねんりんをかぞえてきのねんれいをしらべた。,나이테를 세어 나무의 나이를 알아봤다.
ノイローゼ,ノイローゼ,노이로제,JLPT_1 JLPT,"J+@dVGG,?/",仕事の悩みでノイローゼになった。,しごとのなやみでのいろーぜになった。,직장 고민으로 노이로제에 걸렸다.
農耕,のうこう,농경,JLPT_1 JLPT,s|V;EQ<DFG,農耕の始まりによって人々の生活は大きく変わった。,のうこうのはじまりによってひとびとのせいかつはおおきくかわった。,농경의 시작으로 사람들의 생활은 크게 바뀌었다.
農場,のうじょう,농장,JLPT_1 JLPT,f{r<5W&Bpu,叔父は広い農場で牛を育てている。,おじはひろいのうじょうでうしをそだてている。,삼촌은 넓은 농장에서 소를 기르고 있다.
農地,のうち,농지,JLPT_1 JLPT,gFlV*(m#WE,使われていない農地を畑として再生した。,つかわれていないのうちをはたけとしてさいせいした。,쓰이지 않던 농지를 밭으로 되살렸다.
納入,のうにゅう,납입,JLPT_1 JLPT,K9YdM1s/F>,期限までに授業料を納入してください。,きげんまでにじゅぎょうりょうをのうにゅうしてください。,기한까지 수업료를 납부해 주세요.
逃す,のがす,놓치다,JLPT_1 JLPT,cfjj1lW1R,絶好の得点機会を逃してしまった。,ぜっこうのとくてんきかいをのがしてしまった。,절호의 득점 기회를 놓치고 말았다.
逃れる,のがれる,벗어나다·면하다,JLPT_1 JLPT,ur0/yS?G.F,彼は事故の責任を逃れようとした。,かれはじこのせきにんをのがれようとした。,그는 사고의 책임을 피하려 했다.
軒並,のきなみ,집집마다·일제히,JLPT_1 JLPT,gYh0C^=J<1,原料価格の上昇で商品が軒並み値上がりした。,げんりょうかかくのじょうしょうでしょうひんがのきなみねあがりした。,원료 가격 상승으로 상품 가격이 일제히 올랐다.
望ましい,のぞましい,바람직한,JLPT_1 JLPT,O~bUfdZRZc,双方が納得できる解決が望ましい。,そうほうがなっとくできるかいけつがのぞましい。,양측이 납득할 수 있는 해결이 바람직하다.
乗っ取る,のっとる,빼앗다·가로채다·점거하다,JLPT_1 JLPT,D>275*`Xs9,反乱軍が放送局を乗っ取った。,はんらんぐんがほうそうきょくをのっとった。,반란군이 방송국을 점거했다.
長閑,のどか,화창한·평온한,JLPT_1 JLPT,IT.<Z@]SZ.,春の長閑な田園をゆっくり歩いた。,はるののどかなでんえんをゆっくりあるいた。,봄의 평온한 전원을 천천히 걸었다.
罵る,ののしる,욕설을 퍼붓다·매도하다,JLPT_1 JLPT,o]7]HcCGpH,彼は怒って相手を激しく罵った。,かれはおこってあいてをはげしくののしった。,그는 화가 나 상대에게 심하게 욕설을 퍼부었다.
延べ,のべ,늘리다·합계,JLPT_1 JLPT,Eb3R}G~vq&,展示会には延べ一万人が訪れた。,てんじかいにはのべいちまんにんがおとずれた。,전시회에는 연인원 만 명이 방문했다.
飲み込む,のみこむ,삼키다·납득하다,JLPT_1 JLPT Intermediate_Japanese_Ln.12 Intermediate_Japanese,fwLCsj3c:^,説明を聞いてようやく仕組みを飲み込んだ。,せつめいをきいてようやくしくみをのみこんだ。,설명을 듣고서야 구조를 이해했다.
乗り込む,のりこむ,타다·올라타다·몰려 들어가다,JLPT_1 JLPT,"P^t~AIQ,:b",発車直前の電車に急いで乗り込んだ。,はっしゃちょくぜんのでんしゃにいそいでのりこんだ。,출발 직전의 전철에 서둘러 올라탔다.
刃,は,칼날·날,JLPT_1 JLPT,s8NuMFbIpb,刃が欠けた包丁を新しいものに替えた。,はがかけたほうちょうをあたらしいものにかえた。,날이 깨진 식칼을 새것으로 바꿨다.
～派,～は,파·정파,JLPT_1 JLPT,qMeKLND8O$,社内では改革派と保守派が議論を続けている。,しゃないではかいかくはとほしゅはがぎろんをつづけている。,회사에서는 개혁파와 보수파가 논의를 이어 가고 있다.
バー,バー,바·술집,JLPT_1 JLPT,xD;./&*C~},仕事帰りに友人とバーで一杯飲んだ。,しごとがえりにゆうじんとばーでいっぱいのんだ。,퇴근길에 친구와 바에서 한잔했다.
把握,はあく,파악,JLPT_1 JLPT,DFve{Ag1B(,まず現場の状況を正確に把握する。,まずげんばのじょうきょうをせいかくにはあくする。,먼저 현장 상황을 정확히 파악한다.
パート,パート,파트타임·아르바이트,JLPT_1 JLPT Intermediate_Japanese_Ln.8 Intermediate_Japanese,OK)Lf1Yk5g,週に三日パートで働いている。,しゅうにみっかぱーとではたらいている。,일주일에 사흘 파트타임으로 일한다.
廃棄,はいき,폐기,JLPT_1 JLPT,"t,]x!4!SsB",古くなった機械を安全に廃棄した。,ふるくなったきかいをあんぜんにはいきした。,낡은 기계를 안전하게 폐기했다.
配給,はいきゅう,배급,JLPT_1 JLPT,BIJAh&96+q,災害後、住民に水と食料が配給された。,さいがいご、じゅうみんにみずとしょくりょうがはいきゅうされた。,재해 후 주민들에게 물과 식량이 배급되었다.
ばい菌·黴菌,ばいきん,미균(세균),JLPT_1 JLPT,F@%B4+?fE|,外から帰ったら手を洗ってばい菌を落とす。,そとからかえったらてをあらってばいきんをおとす。,밖에서 돌아오면 손을 씻어 세균을 없앤다.
配偶者,はいぐうしゃ,배우자,JLPT_1 JLPT,j5as3|4RM2,申請には配偶者の署名も必要です。,しんせいにははいぐうしゃのしょめいもひつようです。,신청에는 배우자의 서명도 필요합니다.
拝啓,はいけい,배계 (삼가 아룁니다),Intermediate_Japanese_Ln.4 JLPT_1 JLPT Intermediate_Japanese,+.sAx2wLV,拝啓、皆様にはお変わりなくお過ごしでしょうか。,はいけい、みなさまにはおかわりなくおすごしでしょうか。,삼가 아룁니다. 여러분 모두 별고 없이 지내시는지요.
背景,はいけい,배경,JLPT_1 JLPT,B;EWwcKw8a,この小説には当時の社会背景が描かれている。,このしょうせつにはとうじのしゃかいはいけいがえがかれている。,이 소설에는 당시의 사회적 배경이 그려져 있다.
背後,はいご,배후·뒤편,JLPT_1 JLPT,"l$UvE^.,2i",背後から足音が近づいてきた。,はいごからあしおとがちかづいてきた。,뒤에서 발소리가 가까워졌다.
廃止,はいし,폐지,JLPT_1 JLPT,"D{,71BeMS8",利用者の減少で路線が廃止された。,りようしゃのげんしょうでろせんがはいしされた。,이용자 감소로 노선이 폐지되었다.
拝借,はいしゃく,빌림 (겸양어),JLPT_1 JLPT,"w!,O.|Pr}V",資料を拝借してもよろしいでしょうか。,しりょうをはいしゃくしてもよろしいでしょうか。,자료를 빌려도 괜찮겠습니까.
排除,はいじょ,배제,JLPT_1 JLPT,"e(cIaHsE,F",年齢を理由に応募者を排除してはいけない。,ねんれいをりゆうにおうぼしゃをはいじょしてはいけない。,나이를 이유로 지원자를 배제해서는 안 된다.
賠償,ばいしょう,배상,JLPT_1 JLPT,i0;;9:0(Yb,会社は事故の被害者に賠償金を支払った。,かいしゃはじこのひがいしゃにばいしょうきんをしはらった。,회사는 사고 피해자에게 배상금을 지급했다.
排水,はいすい,배수,JLPT_1 JLPT,CI{]`I5(&E,大雨に備えて道路の排水設備を点検した。,おおあめにそなえてどうろのはいすいせつびをてんけんした。,폭우에 대비해 도로 배수 시설을 점검했다.
敗戦,はいせん,패전,JLPT_1 JLPT,JSMF6y%Lj~,敗戦を機に国の制度が大きく変わった。,はいせんをきにくにのせいどがおおきくかわった。,패전을 계기로 국가 제도가 크게 바뀌었다.
配置,はいち,배치,JLPT_1 JLPT,wZ<r/Id^hw,会場の入口に案内係を配置した。,かいじょうのいりぐちにあんないがかりをはいちした。,행사장 입구에 안내원을 배치했다.
配布,はいふ,배포,JLPT_1 JLPT,j3UYv2B1e{,駅前でイベントのチラシを配布した。,えきまえでいべんとのちらしをはいふした。,역 앞에서 행사 전단지를 배포했다.
配分,はいぶん,배분,JLPT_1 JLPT,sPEejO/d9<,利益を出資額に応じて公平に配分した。,りえきをしゅっしがくにおうじてこうへいにはいぶんした。,이익을 출자액에 따라 공평하게 배분했다.
敗北,はいぼく,패배,JLPT_1 JLPT,=90:_^P$k,決勝での敗北を次の試合に生かす。,けっしょうでのはいぼくをつぎのしあいにいかす。,결승에서의 패배를 다음 경기에 활용한다.
倍率,ばいりつ,배율,JLPT_1 JLPT,h`ahPtUY;b,この顕微鏡は千倍まで倍率を上げられる。,このけんびきょうはせんばいまでばいりつをあげられる。,이 현미경은 천 배까지 배율을 높일 수 있다.
配慮,はいりょ,배려,JLPT_1 JLPT,poW=.ChJSm,高齢者に配慮して入口に手すりを設けた。,こうれいしゃにはいりょしていりぐちにてすりをもうけた。,고령자를 배려해 입구에 손잡이를 설치했다.
配列,はいれつ,배열,JLPT_1 JLPT,cC<!?;J:<g,名前を五十音順に配列した。,なまえをごじゅうおんじゅんにはいれつした。,이름을 오십음도 순서로 배열했다.
破壊,はかい,파괴,JLPT_1 JLPT,v!Zp^6YAqE,地震で多くの建物が破壊された。,じしんでおおくのたてものがはかいされた。,지진으로 많은 건물이 파괴되었다.
労る,いたわる,돌보다·위로하다,JLPT_1 JLPT,wcGai|q>xT,疲れている家族を労って夕食を作った。,つかれているかぞくをいたわってゆうしょくをつくった。,지친 가족을 배려해 저녁을 만들었다.
一概に,いちがいに,일괄적으로·단정적으로,JLPT_1 JLPT,hLV>poM3Dq,一つの例だけで一概に判断できない。,ひとつのれいだけでいちがいにはんだんできない。,한 가지 사례만으로 단정해서 판단할 수 없다.
著しい,いちじるしい,현저한·두드러진,JLPT_1 JLPT,"kPPz=m,gRR",この地域では人口の減少が著しい。,このちいきではじんこうのげんしょうがいちじるしい。,이 지역에서는 인구 감소가 현저하다.
一同,いちどう,일동,JLPT_1 JLPT,O|v*CB_J$V,参加者一同が心から感謝しています。,さんかしゃいちどうがこころからかんしゃしています。,참가자 일동이 진심으로 감사드립니다.
一部分,いちぶぶん,일부분,JLPT_1 JLPT,kC:AyoQ(VZ,壁の一部分だけ色が変わっている。,かべのいちぶぶんだけいろがかわっている。,벽의 일부분만 색이 변해 있다.
一別,いちべつ,작별·일별,JLPT_1 JLPT,P}9Ns5lV8E,友人とは一別以来、会っていない。,ゆうじんとはいちべついらい、あっていない。,친구와 헤어진 이후 만나지 못했다.
一面,いちめん,일면·한쪽 면,JLPT_1 JLPT,Nx0OsZUH*E,物事には明るい一面と暗い一面がある。,ものごとにはあかるいいちめんとくらいいちめんがある。,사물에는 밝은 면과 어두운 면이 있다.
一目,いちもく,일목·한눈,JLPT_1 JLPT,saAg*cc00y,専門家も彼の技術には一目置いている。,せんもんかもかれのぎじゅつにはいちもくおいている。,전문가도 그의 기술을 높이 평가하고 있다.
一様,いちよう,일양·한결같음,JLPT_1 JLPT,4Npj$}s^v,全員が一様に驚いた表情を見せた。,ぜんいんがいちようにおどろいたひょうじょうをみせた。,모두가 한결같이 놀란 표정을 지었다.
一律,いちりつ,일률·일제히,JLPT_1 JLPT,s7Bp#3`c^s,年齢に関係なく料金は一律だ。,ねんれいにかんけいなくりょうきんはいちりつだ。,나이와 관계없이 요금은 일률적이다.
一連,いちれん,일련,JLPT_1 JLPT,"K`?fU[;],#",警察は一連の事件の関連を調べている。,けいさつはいちれんのじけんのかんれんをしらべている。,경찰은 일련의 사건 사이의 연관성을 조사하고 있다.
一括,いっかつ,일괄,JLPT_1 JLPT,hhovzuJKNB,複数の請求書を一括で処理した。,ふくすうのせいきゅうしょをいっかつでしょりした。,여러 청구서를 일괄 처리했다.
一気,いっき,단숨에·한꺼번에,JLPT_1 JLPT,CgBD$%2<51,坂道を一気に駆け上がった。,さかみちをいっきにかけあがった。,비탈길을 단숨에 뛰어올랐다.
一挙に,いっきょに,일거에·단번에,JLPT_1 JLPT,F:IKX%#S}~,新制度で複数の問題を一挙に解決した。,しんせいどでふくすうのもんだいをいっきょにかいけつした。,새 제도로 여러 문제를 단번에 해결했다.
一見,いっけん,일견·한번 봄·첫 대면,JLPT_1 JLPT,NZ6>sHobC*,一見簡単そうだが、実は難しい問題だ。,いっけんかんたんそうだが、じつはむずかしいもんだいだ。,언뜻 간단해 보이지만 사실은 어려운 문제다.
一切,いっさい,일체·전부,JLPT_1 JLPT,v}WLTgJ@1I,その件については一切話せません。,そのけんについてはいっさいはなせません。,그 건에 관해서는 일절 말할 수 없습니다.
一心,いっしん,일심·전심전력,JLPT_1 JLPT,cClq^_-/LZ,選手たちは一心にゴールを目指した。,せんしゅたちはいっしんにごーるをめざした。,선수들은 한마음으로 결승점을 향했다.
いっそ,いっそ,차라리·도리어,JLPT_1 JLPT,Ii]&B%6J^H,修理に時間がかかるなら、いっそ買い替えよう。,しゅうりにじかんがかかるなら、いっそかいかえよう。,수리에 시간이 걸린다면 차라리 새것으로 바꾸자.
一変,いっぺん,일변·돌변,JLPT_1 JLPT,ek#.`h}8]>,再開発で町の景色が一変した。,さいかいはつでまちのけしきがいっぺんした。,재개발로 마을 풍경이 완전히 달라졌다.
意図,いと,의도,JLPT_1 JLPT,"Nv%*-6B!(,",質問の意図を正しく理解した。,しつもんのいとをただしくりかいした。,질문의 의도를 정확히 이해했다.
営む,いとなむ,(사업을) 영위하다·경영하다,JLPT_1 JLPT,DwKEu03*|H,祖父は町で小さな旅館を営んでいる。,そふはまちでちいさなりょかんをいとなんでいる。,할아버지는 마을에서 작은 여관을 운영하신다.
挑む,いどむ,도전하다,JLPT_1 JLPT,c_-t#iEGZZ,強い相手にも恐れず勝負を挑んだ。,つよいあいてにもおそれずしょうぶをいどんだ。,강한 상대에게도 두려움 없이 승부를 걸었다.
稲光,いなびかり,번개·번갯불,JLPT_1 JLPT,c#^JVd1}UB,夜空に稲光が走り、雷鳴が響いた。,よぞらにいなびかりがはしり、らいめいがひびいた。,밤하늘에 번개가 번쩍이고 천둥소리가 울렸다.
祈り,いのり,기도,JLPT_1 JLPT,Ma]tANx6d6,家族の無事を願って祈りを捧げた。,かぞくのぶじをねがっていのりをささげた。,가족의 무사를 바라며 기도를 올렸다.
鼾,いびき,코골이,JLPT_1 JLPT,C/{&bugX+},隣の部屋から大きな鼾が聞こえる。,となりのへやからおおきないびきがきこえる。,옆방에서 큰 코 고는 소리가 들린다.
今更,いまさら,이제 와서·새삼스럽게,JLPT_1 JLPT,hj*29Ug#1R,今更後悔しても時間は戻らない。,いまさらこうかいしてもじかんはもどらない。,이제 와서 후회해도 시간은 돌아오지 않는다.
未だ,いまだ,아직,JLPT_1 JLPT,p:dli@Jl!z,事故の原因は未だ明らかになっていない。,じこのげんいんはいまだあきらかになっていない。,사고 원인은 아직 밝혀지지 않았다.
移民,いみん,이민,JLPT_1 JLPT,CLJ[Ns`Z6Z,多くの移民が新しい土地に定住した。,おおくのいみんがあたらしいとちにていじゅうした。,많은 이민자가 새로운 땅에 정착했다.
嫌々,いやいや,마지못해·싫어싫어,JLPT_1 JLPT,QjHKtey?XJ,彼は嫌々ながら掃除を手伝った。,かれはいやいやながらそうじをてつだった。,그는 마지못해 청소를 도왔다.
卑しい,いやしい,천한·야비한,JLPT_1 JLPT,vBh9gD/$!+,弱い立場の人をだます卑しい行為だ。,よわいたちばのひとをだますいやしいこういだ。,약자를 속이는 비열한 행위다.
いやに,いやに,묘하게·지독하게,JLPT_1 JLPT,qpdLL_V*P#,今日はいやに外が静かだ。,きょうはいやにそとがしずかだ。,오늘은 이상하리만큼 밖이 조용하다.
いやらしい,いやらしい,불쾌한·추잡한,JLPT_1 JLPT,D<T6@Y-YD4,人の失敗を笑うのはいやらしい態度だ。,ひとのしっぱいをわらうのはいやらしいたいどだ。,남의 실패를 비웃는 것은 불쾌한 태도다.
意欲,いよく,의욕,JLPT_1 JLPT,Fq(`u%{Obm,新しい仕事への意欲に満ちている。,あたらしいしごとへのいよくにみちている。,새로운 일에 대한 의욕으로 가득 차 있다.
威力,いりょく,위력,JLPT_1 JLPT,r5er8dT<)9,新型の機械は旧型より大きな威力を発揮した。,しんがたのきかいはきゅうがたよりおおきないりょくをはっきした。,신형 기계는 구형보다 큰 위력을 발휘했다.
衣類,いるい,의류,JLPT_1 JLPT,QbNSCWqQ4!,季節外れの衣類を箱にしまった。,きせつはずれのいるいをはこにしまった。,철 지난 옷을 상자에 넣었다.
異論,いろん,이론·이견,JLPT_1 JLPT,A?E^7mu[K@,その方針に異論を唱える人はいなかった。,そのほうしんにいろんをとなえるひとはいなかった。,그 방침에 이의를 제기하는 사람은 없었다.
印鑑,いんかん,인감·도장,JLPT_1 JLPT,cTR~#z|<0M,書類に印鑑を押して提出した。,しょるいにいんかんをおしてていしゅつした。,서류에 도장을 찍어 제출했다.
陰気,いんき,음침함·우울함,JLPT_1 JLPT,A-+&-Fy%1r,日当たりが悪く陰気な部屋だった。,ひあたりがわるくいんきなへやだった。,햇볕이 잘 들지 않는 음침한 방이었다.
隠居,いんきょ,은거,JLPT_1 JLPT,b^vje[Ox#X,祖父は仕事を退いて田舎で隠居した。,そふはしごとをしりぞいていなかでいんきょした。,할아버지는 일을 그만두고 시골에 은거하셨다.
インターチェンジ,インターチェンジ,인터체인지·나들목,JLPT_1 JLPT,"rBKXdv$/G,",次のインターチェンジで高速道路を降りる。,つぎのいんたーちぇんじでこうそくどうろをおりる。,다음 나들목에서 고속도로를 빠져나간다.
インターナショナル,インターナショナル,인터내셔널·국제적인,JLPT_1 JLPT,JmV&U~p0X$,会議にはインターナショナルな顔ぶれが集まった。,かいぎにはいんたーなしょなるなかおぶれがあつまった。,회의에는 국제적인 인사들이 모였다.
インターフォン,インターフォン,인터폰,JLPT_1 JLPT,AO3rDw-;8U,来客がインターフォンを鳴らした。,らいきゃくがいんたーふぉんをならした。,방문객이 인터폰을 울렸다.
インテリ,インテリ,인텔리·지식인,JLPT_1 JLPT,piGc%@]7]l,彼は社会問題に詳しいインテリとして知られる。,かれはしゃかいもんだいにくわしいいんてりとしてしられる。,그는 사회 문제에 밝은 지식인으로 알려져 있다.
インフォメーション,インフォメーション,인포메이션·정보,JLPT_1 JLPT,KO4Fli5w!*,駅のインフォメーションで道を尋ねた。,えきのいんふぉめーしょんでみちをたずねた。,역 안내소에서 길을 물었다.
インフレ,インフレ,인플레·인플레이션,JLPT_1 JLPT,QC}1+m@@J*,インフレで生活費が大きく上がった。,いんふれでせいかつひがおおきくあがった。,인플레이션으로 생활비가 크게 올랐다.
受かる,うかる,합격하다·붙다,JLPT_1 JLPT,gIq*pkmfp{,努力の末に第一志望の大学に受かった。,どりょくのすえにだいいちしぼうのだいがくにうかった。,노력 끝에 첫 번째 지망 대학에 합격했다.
受け入れ,うけいれ,수용·받아들임,JLPT_1 JLPT,j&5piEC:H:,避難者の受け入れ準備を進めている。,ひなんしゃのうけいれじゅんびをすすめている。,피난민 수용 준비를 진행하고 있다.
受け入れる,うけいれる,받아들이다,JLPT_1 JLPT,i_JCrJB_9E,地域は新しい住民を温かく受け入れた。,ちいきはあたらしいじゅうみんをあたたかくうけいれた。,지역 사회는 새 주민들을 따뜻하게 받아들였다.
受け継ぐ,うけつぐ,계승하다·이어받다,JLPT_1 JLPT,x6H#Y*OpNS,父の店と技術を息子が受け継いだ。,ちちのみせとぎじゅつをむすこがうけついだ。,아들이 아버지의 가게와 기술을 물려받았다.
受け付ける,うけつける,접수하다·받아들이다,JLPT_1 JLPT,wJiQ/5Nn/x,申込書は窓口で受け付けています。,もうしこみしょはまどぐちでうけつけています。,신청서는 창구에서 접수하고 있습니다.
受け止める,うけとめる,받아내다·받아들이다,JLPT_1 JLPT,kQB/rB@6#x,批判を真剣に受け止めて改善した。,ひはんをしんけんにうけとめてかいぜんした。,비판을 진지하게 받아들여 개선했다.
受身,うけみ,수동·피동,JLPT_1 JLPT,AB05ev+c>K,指示を待つだけの受身の姿勢では成長できない。,しじをまつだけのうけみのしせいではせいちょうできない。,지시만 기다리는 수동적인 자세로는 성장할 수 없다.
受持ち,うけもち,담당·맡은 바,JLPT_1 JLPT,"DiB3?u$z,A",今年は一年生の受持ちになった。,ことしはいちねんせいのうけもちになった。,올해는 1학년 담임을 맡았다.
動き,うごき,움직임·동향,JLPT_1 JLPT,u]mcX[(LyK,市場の動きを注意深く見守る。,しじょうのうごきをちゅういぶかくみまもる。,시장의 움직임을 주의 깊게 지켜본다.
埋める,うずめる,메우다·묻다,JLPT_1 JLPT,s1}PR|XGjV,彼女は枕に顔を埋めて泣いた。,かのじょはまくらにかおをうずめてないた。,그녀는 베개에 얼굴을 파묻고 울었다.
嘘つき,うそつき,거짓말쟁이,JLPT_1 JLPT,huy&f$4B!!,あの嘘つきの話はもう信じない。,あのうそつきのはなしはもうしんじない。,저 거짓말쟁이의 말은 더는 믿지 않는다.
うたた寝,うたたね,꾸벅꾸벅 졸음,JLPT_1 JLPT,g>}T9.Ly4K,暖かい午後に椅子でうたた寝した。,あたたかいごごにいすでうたたねした。,따뜻한 오후에 의자에서 깜빡 졸았다.
打ち明ける,うちあける,털어놓다·고백하다,JLPT_1 JLPT,m>OKlxKk@!,長年隠していた悩みを友人に打ち明けた。,ながねんかくしていたなやみをゆうじんにうちあけた。,오랫동안 숨겨 온 고민을 친구에게 털어놓았다.
打ち切る,うちきる,중단하다·끝내다,JLPT_1 JLPT,NY3MFaZc*o,予算不足で計画を途中で打ち切った。,よさんぶそくでけいかくをとちゅうでうちきった。,예산 부족으로 계획을 도중에 중단했다.
打ち消し,うちけし,부정,JLPT_1 JLPT,FFlOc.L!8+,文末の「ない」は打ち消しを表す。,ぶんまつの「ない」はうちけしをあらわす。,문장 끝의 ‘ない’는 부정을 나타낸다.
打ち込む,うちこむ,몰두하다·박다,JLPT_1 JLPT,"iV,JA!*tZ)",彼女は若い頃から研究に打ち込んできた。,かのじょはわかいころからけんきゅうにうちこんできた。,그녀는 젊을 때부터 연구에 몰두해 왔다.
団扇,うちわ,부채,JLPT_1 JLPT,AXix@CPuvn,暑いので団扇で顔をあおいだ。,あついのでうちわでかおをあおいだ。,더워서 부채로 얼굴에 바람을 쐬었다.
内訳,うちわけ,내역,JLPT_1 JLPT,"kc.tS5mj},",見積書で費用の内訳を確認した。,みつもりしょでひようのうちわけをかくにんした。,견적서에서 비용 내역을 확인했다.
写し,うつし,사본·복사본,JLPT_1 JLPT,o]mr>S?=4H,契約書の写しを一部保管した。,けいやくしょのうつしをいちぶほかんした。,계약서 사본 한 부를 보관했다.
訴え,うったえ,호소·소송,JLPT_1 JLPT,L0%2@MBXxQ,住民の訴えを受けて市が調査を始めた。,じゅうみんのうったえをうけてしがちょうさをはじめた。,주민들의 호소를 듣고 시가 조사를 시작했다.
鬱陶しい,うっとうしい,음울한·지루한,JLPT_1 JLPT,D_nkEIxjCi,湿気が多くて鬱陶しい天気だ。,しっけがおおくてうっとうしいてんきだ。,습기가 많아 답답한 날씨다.
うつむく,うつむく,고개를 숙이다,JLPT_1 JLPT,vZ9f:pDf9{,彼は何も言わずにうつむいた。,かれはなにもいわずにうつむいた。,그는 아무 말 없이 고개를 숙였다.
空ろ,うつろ,공허한·텅 빈,JLPT_1 JLPT,gT)UMo=-nJ,彼は空ろな目で遠くを見ていた。,かれはうつろなめでとおくをみていた。,그는 공허한 눈으로 먼 곳을 보고 있었다.
器,うつわ,그릇·기구,JLPT_1 JLPT,wCFSLHrDCy,大きな器に野菜を盛り付けた。,おおきなうつわにやさいをもりつけた。,큰 그릇에 채소를 담았다.
腕前,うでまえ,솜씨·기량,JLPT_1 JLPT,M#fh/cwlNl,職人が見事な腕前を披露した。,しょくにんがみごとなうでまえをひろうした。,장인이 훌륭한 솜씨를 선보였다.
雨天,うてん,우천·비 오는 날씨,JLPT_1 JLPT,w*!:re!1<+,雨天の場合は試合を中止します。,うてんのばあいはしあいをちゅうしします。,비가 올 경우에는 경기를 취소합니다.
促す,うながす,재촉하다·촉구하다,JLPT_1 JLPT,wV^GWyWg_j,医師は患者に十分な休養を促した。,いしはかんじゃにじゅうぶんなきゅうようをうながした。,의사는 환자에게 충분한 휴식을 권했다.
自惚れ·己惚れ,うぬぼれ,자만심,JLPT_1 JLPT,m]YR4b{=@z,彼の自惚れが仲間との関係を悪くした。,かれのうぬぼれがなかまとのかんけいをわるくした。,그의 자만심이 동료들과의 관계를 악화시켰다.
生まれつき,うまれつき,타고난·태어날 때부터의,JLPT_1 JLPT,vf1rqkwzEV,彼女は生まれつき耳がよい。,かのじょはうまれつきみみがよい。,그녀는 선천적으로 청력이 좋다.
埋め込む,うめこむ,박아 넣다·매몰하다,JLPT_1 JLPT,xua#+HlIBN,壁に小さな金庫を埋め込んだ。,かべにちいさなきんこをうめこんだ。,벽에 작은 금고를 박아 넣었다.
梅干し,うめぼし,우메보시·매실장아찌,JLPT_1 JLPT,y[D$6jL9AV,朝食に梅干しを一つ食べた。,ちょうしょくにうめぼしをひとつたべた。,아침 식사로 우메보시를 하나 먹었다.
裏返し,うらがえし,뒤집힘·거꾸로 됨,JLPT_1 JLPT,x!`i3g6fj/,シャツを裏返しにして洗った。,しゃつをうらがえしにしてあらった。,셔츠를 뒤집어서 빨았다.
売り出し,うりだし,발매·특가 판매,JLPT_1 JLPT,e#9|l1/ymz,開店記念の売り出しで靴を安く買った。,かいてんきねんのうりだしでくつをやすくかった。,개점 기념 특가 판매에서 신발을 싸게 샀다.
売り出す,うりだす,발매하다·시판하다,JLPT_1 JLPT,gIddcx*`Ct,新しい商品を来月から売り出す。,あたらしいしょうひんをらいげつからうりだす。,새 상품을 다음 달부터 판매한다.
潤う,うるおう,습해지다·혜택을 입다,JLPT_1 JLPT,iEM[52wf::,観光客が増えて地域の商店も潤った。,かんこうきゃくがふえてちいきのしょうてんもうるおった。,관광객이 늘어 지역 상점들도 혜택을 보았다.
浮気,うわき,바람기,JLPT_1 JLPT,niMRrvhuXD,彼の浮気が原因で二人は別れた。,かれのうわきがげんいんでふたりはわかれた。,그의 외도가 원인이 되어 두 사람은 헤어졌다.
上回る,うわまわる,웃돌다·상회하다,JLPT_1 JLPT,xvIWa_An&S,今年の売上は去年を大きく上回った。,ことしのうりあげはきょねんをおおきくうわまわった。,올해 매출은 지난해를 크게 웃돌았다.
植わる,うわる,심어지다,JLPT_1 JLPT,q/mwW_I)&k,庭には季節の花が植わっている。,にわにはきせつのはながうわっている。,정원에는 계절 꽃이 심겨 있다.
運営,うんえい,운영,JLPT_1 JLPT,m*%9#Uxp/F,市民が協力して祭りを運営している。,しみんがきょうりょくしてまつりをうんえいしている。,시민들이 협력해 축제를 운영하고 있다.
うんざり,うんざり,지긋지긋함·신물 남,JLPT_1 JLPT,G<U}3bYTX=,同じ説明を何度も聞かされてうんざりした。,おなじせつめいをなんどもきかされてうんざりした。,같은 설명을 몇 번이나 들어서 지긋지긋해졌다.
運送,うんそう,운송,JLPT_1 JLPT,DH/^v}5V5H,大型の荷物は専門の会社が運送する。,おおがたのにもつはせんもんのかいしゃがうんそうする。,대형 화물은 전문 회사가 운송한다.
運賃,うんちん,운임,JLPT_1 Intermediate_Japanese_Ln.10 Intermediate_Japanese,"OS<,k|.D(5",距離に応じてバスの運賃が変わる。,きょりにおうじてばすのうんちんがかわる。,거리에 따라 버스 운임이 달라진다.
云々,うんぬん,운운·이러쿵저러쿵,JLPT_1 JLPT,LiOOViPg]s,細かな条件を云々する前に目的を確認しよう。,こまかなじょうけんをうんぬんするまえにもくてきをかくにんしよう。,세부 조건을 이러쿵저러쿵 말하기 전에 목적을 확인하자.
運搬,うんぱん,운반,JLPT_1 JLPT,KHqZvxZ@6.,重い機材を現場まで運搬した。,おもいきざいをげんばまでうんぱんした。,무거운 장비를 현장까지 운반했다.
運命,うんめい,운명,JLPT_1 JLPT,l3_#00|#9V,この出会いに運命を感じた。,このであいにうんめいをかんじた。,이 만남에서 운명을 느꼈다.
運輸,うんゆ,운수,JLPT_1 JLPT,"M~H0atu}?,",鉄道は人と物を運ぶ重要な運輸手段だ。,てつどうはひととものをはこぶじゅうようなうんゆしゅだんだ。,철도는 사람과 물자를 나르는 중요한 운송 수단이다.
運用,うんよう,운용,JLPT_1 JLPT,P{!{:>o!_q,集めた資金を安全に運用する。,あつめたしきんをあんぜんにうんようする。,모은 자금을 안전하게 운용한다.
エアメール,エアメール,항공 우편,JLPT_1 JLPT,q`%AC;;9Ta,海外の友人にエアメールを送った。,かいがいのゆうじんにえあめーるをおくった。,해외 친구에게 항공 우편을 보냈다.
～営,～えい,~영 (경영),JLPT_1 JLPT,dP^UCy0C~l,この温泉は町営の施設です。,このおんせんはちょうえいのしせつです。,이 온천은 마을에서 운영하는 시설입니다.
英字,えいじ,영자,JLPT_1 JLPT,"J1lN,M8$1h",名前を英字で入力してください。,なまえをえいじでにゅうりょくしてください。,이름을 영문자로 입력해 주세요.
映写,えいしゃ,영사,JLPT_1 JLPT,x`Mnz)m&qb,古い映画を公民館で映写した。,ふるいえいがをこうみんかんでえいしゃした。,오래된 영화를 공민관에서 상영했다.
映像,えいぞう,영상,JLPT_1 JLPT,m?:Se-SQN4,防犯カメラの映像を確認した。,ぼうはんかめらのえいぞうをかくにんした。,방범 카메라 영상을 확인했다.
英雄,えいゆう,영웅,JLPT_1 JLPT,lpc:禮iI>>Z,彼は国を救った英雄として語り継がれる。,かれはくにをすくったえいゆうとしてかたりつがれる。,그는 나라를 구한 영웅으로 전해진다.
液,えき,액체·액,JLPT_1 JLPT,r(jP%;ZEI5,容器から透明な液が漏れている。,ようきからとうめいなえきがもれている。,용기에서 투명한 액체가 새고 있다.
閲覧,えつらん,열람,JLPT_1 JLPT,hDsmHpZ7Os,貴重な資料は館内でのみ閲覧できる。,きちょうなしりょうはかんないでのみえつらんできる。,귀중한 자료는 관내에서만 열람할 수 있다.
獲物,えもの,사냥감·획득물,JLPT_1 JLPT,5*sGNpi>A,鷹が獲物を狙って空を旋回している。,たかがえものをねらってそらをせんかいしている。,매가 먹잇감을 노리며 하늘을 선회하고 있다.
襟,えり,깃·칼라,JLPT_1 JLPT,tRB]@ee=lY,上着の襟を正して面接に臨んだ。,うわぎのえりをただしてめんせつにのぞんだ。,윗옷의 옷깃을 바로잡고 면접에 임했다.
エレガント,エレガント,우아한·엘레강트,JLPT_1 JLPT,efgo>`$5}C,彼女はエレガントな服装で会場に現れた。,かのじょはえれがんとなふくそうでかいじょうにあらわれた。,그녀는 우아한 차림으로 행사장에 나타났다.
円滑,えんかつ,원활,JLPT_1 JLPT,Kb_Dvgh:lA,交渉が円滑に進むよう資料を準備した。,こうしょうがえんかつにすすむようしりょうをじゅんびした。,협상이 원활하게 진행되도록 자료를 준비했다.
縁側,えんがわ,툇마루,JLPT_1 JLPT,wyHg^[mZl2,祖母は縁側に座って庭を眺めていた。,そぼはえんがわにすわってにわをながめていた。,할머니는 툇마루에 앉아 정원을 바라보고 계셨다.
沿岸,えんがん,연안,JLPT_1 JLPT,AovU9kG]Un,台風が沿岸地域に大きな被害を与えた。,たいふうがえんがんちいきにおおきなひがいをあたえた。,태풍이 연안 지역에 큰 피해를 주었다.
婉曲,えんきょく,완곡한,JLPT_1 JLPT,G;:<3(vTfF,彼は断りの意思を婉曲に伝えた。,かれはことわりのいしをえんきょくにつたえた。,그는 거절 의사를 완곡하게 전했다.
演出,えんしゅつ,연출,JLPT_1 JLPT,"wf^,)@RdCb",照明の演出で舞台の雰囲気が変わった。,しょうめいのえんしゅつでぶたいのふんいきがかわった。,조명 연출로 무대 분위기가 달라졌다.
エンジニア,エンジニア,엔지니어·기사,JLPT_1 JLPT,B{mLrpXMY9,エンジニアが機械の故障を直した。,えんじにあがきかいのこしょうをなおした。,엔지니어가 기계의 고장을 고쳤다.
演じる,えんじる,연기하다,JLPT_1 JLPT,"w/:3TeD,r|",彼女は映画で医師の役を演じた。,かのじょはえいがでいしのやくをえんじた。,그녀는 영화에서 의사 역할을 연기했다.
演ずる,えんずる,연기하다,JLPT_1 JLPT,D7;+x/XKhh,俳優が舞台で難しい役を演ずる。,はいゆうがぶたいでむずかしいやくをえんずる。,배우가 무대에서 어려운 역할을 연기한다.
沿線,えんせん,철도 노선 주변,JLPT_1 JLPT,ALo8teWhD7,沿線に新しい住宅地が広がっている。,えんせんにあたらしいじゅうたくちがひろがっている。,철도 노선 주변에 새로운 주택지가 펼쳐져 있다.
縁談,えんだん,혼담,JLPT_1 JLPT,noJgGKIj8x,知人から息子の縁談を持ち込まれた。,ちじんからむすこのえんだんをもちこまれた。,지인이 아들의 혼담을 가져왔다.
遠方,えんぽう,먼 곳·원방,JLPT_1 JLPT,OzC<9.M=Ar,遠方から式に来てくださり感謝します。,えんぽうからしきにきてくださりかんしゃします。,먼 곳에서 식에 와 주셔서 감사합니다.
円満,えんまん,원만,JLPT_1 JLPT,Ct:pLi;{3A,両家の話し合いは円満にまとまった。,りょうけのはなしあいはえんまんにまとまった。,양가의 논의는 원만하게 마무리되었다.
追い込む,おいこむ,몰아넣다,JLPT_1 JLPT,AR1qUDM@P),厳しい競争で会社は窮地に追い込まれた。,きびしいきょうそうでかいしゃはきゅうちにおいこまれた。,치열한 경쟁으로 회사는 궁지에 몰렸다.
追い出す,おいだす,쫓아내다,JLPT_1 JLPT,"riRN3`p,`k",店員は騒いでいた客を店から追い出した。,てんいんはさわいでいたきゃくをみせからおいだした。,점원은 소란을 피우던 손님을 가게에서 내쫓았다.
於いて,おいて,~에서·~에 있어서,JLPT_1 JLPT,ijyE>WQ}KT,現代社会に於いて情報は重要な資源だ。,げんだいしゃかいにおいてじょうほうはじゅうようなしげんだ。,현대 사회에서 정보는 중요한 자원이다.
老いる,おいる,늙다,JLPT_1 JLPT,Fq*tJ8V7V$,人は誰でも老いることを避けられない。,ひとはだれでもおいることをさけられない。,누구나 늙는 것을 피할 수 없다.
応急,おうきゅう,응급,JLPT_1 JLPT,P7w*v4FZJr,けが人に応急処置を施した。,けがにんにおうきゅうしょちをほどこした。,부상자에게 응급 처치를 했다.
黄金,おうごん,황금,JLPT_1 JLPT,mYt_k*xkZ.,夕日に照らされて海が黄金に輝いた。,ゆうひにてらされてうみがおうごんにかがやいた。,석양에 비친 바다가 황금빛으로 빛났다.
往診,おうしん,왕진,JLPT_1 JLPT,KYeqnnZ=-9,医師が高齢の患者の家へ往診に来た。,いしがこうれいのかんじゃのいえへおうしんにきた。,의사가 고령 환자의 집으로 왕진을 왔다.
応募,おうぼ,응모,JLPT_1 JLPT,b[VDDlfAs0,写真コンテストに自信作で応募した。,しゃしんこんてすとにじしんさくでおうぼした。,사진 대회에 자신작으로 응모했다.
おおい (かん),おおい (かん),어이·야,JLPT_1 JLPT,"oI,HaDOI/S",おおい、こっちを手伝ってくれ。,おおい、こっちをてつだってくれ。,"어이, 이쪽을 좀 도와줘."
大方,おおかた,대개·대부분,JLPT_1 JLPT,xJaUka+CN:,参加者は大方そろったようだ。,さんかしゃはおおかたそろったようだ。,참가자는 대부분 모인 듯하다.
大柄,おおがら,큰 체구·큰 무늬,JLPT_1 JLPT,"GWS,d=cM(:",彼は大柄だが動きはとても素早い。,かれはおおがらだがうごきはとてもすばやい。,그는 체격이 크지만 움직임은 매우 재빠르다.
おおげさ,おおげさ,과장된·허풍 떠는,JLPT_1 JLPT,oddUsiCw^V,少し転んだだけで、おおげさに騒がないで。,すこしころんだだけで、おおげさにさわがないで。,조금 넘어진 것뿐이니 과장되게 소란 피우지 마.
大筋,おおすじ,대강·요지,JLPT_1 JLPT,Hs`P|H+T!],計画の大筋は会議で決まった。,けいかくのおおすじはかいぎできまった。,계획의 큰 줄기는 회의에서 정해졌다.
大空,おおぞら,대공·넓은 하늘,JLPT_1 JLPT,x&4e(F[|Hd,鳥が大空を自由に飛んでいる。,とりがおおぞらをじゆうにとんでいる。,새가 넓은 하늘을 자유롭게 날고 있다.
オートマチック,オートマチック,오토매틱·자동의,JLPT_1 JLPT,Ma<]_+LJWL,この車はオートマチックなので運転しやすい。,このくるまはおーとまちっくなのでうんてんしやすい。,이 차는 자동 변속이라 운전하기 쉽다.
大幅,おおはば,대폭·큰 폭,JLPT JLPT_1 MediaMissing,c`*FbFL7!*,制度の見直しで費用を大幅に削減した。,せいどのみなおしでひようをおおはばにさくげんした。,제도 재검토를 통해 비용을 대폭 줄였다.
大まかな,おおまかな,대략적인,JLPT_1 JLPT,h|xK)[LK#`,まず大まかな予定を決めよう。,まずおおまかなよていをきめよう。,먼저 대략적인 일정을 정하자.
大水,おおみず,홍수·큰물,JLPT_1 JLPT,lHnH3YrPE%,大雨で川があふれ、町は大水に見舞われた。,おおあめでかわがあふれ、まちはおおみずにみまわれた。,폭우로 강이 넘쳐 마을이 큰물 피해를 입었다.
公,おおやけ,공적인·공식적인,JLPT_1 JLPT,oI.<`;>b`b,事件の内容が公になった。,じけんのないようがおおやけになった。,사건의 내용이 공개되었다.
犯す,おかす,범하다·어기다,JLPT_1 JLPT,r}qWP|]B{j,法を犯した者は責任を問われる。,ほうをおかしたものはせきにんをとわれる。,법을 어긴 사람은 책임을 추궁받는다.
侵す,おかす,침범하다·침해하다,JLPT_1 JLPT,JP!&.Z9_)1,他国の領土を侵してはならない。,たこくのりょうどをおかしてはならない。,다른 나라의 영토를 침범해서는 안 된다.
臆病,おくびょう,겁·소심함,JLPT_1 JLPT,DR9F4{>w8i,彼は臆病で暗い道を一人で歩けない。,かれはおくびょうでくらいみちをひとりであるけない。,그는 겁이 많아 어두운 길을 혼자 걷지 못한다.
遅らす,おくらす,늦추다,JLPT_1 JLPT,BxX=0Td:Ra,出発を一時間遅らすことにした。,しゅっぱつをいちじかんおくらすことにした。,출발을 한 시간 늦추기로 했다.
厳か,おごそか,엄숙한,JLPT_1 JLPT,k^}q{Z*:ZU,寺では厳かな儀式が行われた。,てらではおごそかなぎしきがおこなわれた。,절에서는 엄숙한 의식이 거행되었다.
行い,おこない,행실·행동,JLPT_1 JLPT,EPt}Y|moZw,普段の行いが人からの信頼につながる。,ふだんのおこないがひとからのしんらいにつながる。,평소의 행실이 남의 신뢰로 이어진다.
おごる (ゆうしょくを～),おごる (ゆうしょくを～),한턱내다,JLPT_1 JLPT,nplO^(LG?d,合格祝いに夕食をおごった。,ごうかくいわいにゆうしょくをおごった。,합격 축하로 저녁을 한턱냈다.
収まる,おさまる,수습되다·거두어지다,JLPT_1 JLPT,blHU8/+m@I,騒ぎは警察が来るとすぐに収まった。,さわぎはけいさつがくるとすぐにおさまった。,소동은 경찰이 오자 금세 수습되었다.
納まる,おさまる,수납되다·납입되다,JLPT_1 JLPT,cv8FX+R{$0,荷物が棚にきれいに納まった。,にもつがたなにきれいにおさまった。,짐이 선반에 깔끔하게 들어갔다.
治まる,おさまる,가라앉다·다스려지다,JLPT_1 JLPT,vn/~]L;$eG,薬を飲んだら痛みが治まった。,くすりをのんだらいたみがおさまった。,약을 먹자 통증이 가라앉았다.
お産,おさん,해산·출산,JLPT_1 JLPT,euz]Ka!XAe,姉は来月初めてのお産を迎える。,あねはらいげつはじめてのおさんをむかえる。,언니는 다음 달 첫 출산을 앞두고 있다.
押し切る,おしきる,끝까지 밀어붙이다,JLPT_1 JLPT,djU<$hJj6~,彼は周囲の反対を押し切って出発した。,かれはしゅういのはんたいをおしきってしゅっぱつした。,그는 주변의 반대를 무릅쓰고 출발했다.
押し込む,おしこむ,밀어넣다·침입하다,JLPT_1 JLPT,xrb|Hb|isj,荷物を無理に箱へ押し込んだ。,にもつをむりにはこへおしこんだ。,짐을 억지로 상자에 밀어 넣었다.
惜しむ,おしむ,아끼다·아쉬워하다,JLPT_1 JLPT,eSj?}z3f2/,彼は努力を惜しまず研究を続けた。,かれはどりょくをおしまずけんきゅうをつづけた。,그는 노력을 아끼지 않고 연구를 계속했다.
押し寄せる,おしよせる,몰려들다·밀어닥치다,JLPT_1 JLPT,G6S^.J|&^/,開店と同時に客が店へ押し寄せた。,かいてんとどうじにきゃくがみせへおしよせた。,개점과 동시에 손님들이 가게로 몰려들었다.
雄,おす,수컷,JLPT_1 JLPT,gZ*7YqB0w(,この鳥は雄のほうが羽の色が鮮やかだ。,このとりはおすのほうがはねのいろがあざやかだ。,이 새는 수컷 쪽이 깃털 색이 선명하다.
御世辞,おせじ,빈말·아첨,JLPT_1 JLPT,d$tF`<~=wO,彼の褒め言葉は御世辞だと分かっていた。,かれのほめことばはおせじだとわかっていた。,그의 칭찬은 빈말이라는 것을 알고 있었다.
襲う,おそう,습격하다·덮치다,JLPT_1 JLPT,d*HJIF;zrC,群れから離れた羊を狼が襲った。,むれからはなれたひつじをおおかみがおそった。,무리에서 떨어진 양을 늑대가 습격했다.
遅くとも,おそくとも,늦어도,JLPT_1 JLPT,"p,08OPe)d%",遅くとも金曜日までに返事をください。,おそくともきんようびまでにへんじをください。,늦어도 금요일까지 답해 주세요.
恐れ,おそれ,두려움·우려,JLPT_1 JLPT,mG1{:BxE;,工事の遅れで開業できない恐れがある。,こうじのおくれでかいぎょうできないおそれがある。,공사 지연으로 개업하지 못할 우려가 있다.
恐れ入る,おそれいる,송구스러워하다·황송해하다,JLPT_1 JLPT,o7$@i&/e=j,ご配慮いただき、恐れ入ります。,ごはいりょいただき、おそれいります。,배려해 주셔서 송구스럽습니다.
煽てる,おだてる,치켜세우다·비행기 태우다,JLPT_1 JLPT,"c}qANB`J7,",彼を煽てたらすぐに引き受けてくれた。,かれをおだてたらすぐにひきうけてくれた。,그를 치켜세우자 바로 맡아 주었다.
落ち込む,おちこむ,우울해지다·침체되다,JLPT_1 Genki_Ln.16 JLPT Genki,B0Aq~FM[^o,試験に落ちてひどく落ち込んだ。,しけんにおちてひどくおちこんだ。,시험에 떨어져 몹시 낙담했다.
落ち着き,おちつき,침착함·차분함,JLPT_1 JLPT,"k)L1,/cgqd",彼は若いのに落ち着きがある。,かれはわかいのにおちつきがある。,그는 젊지만 침착하다.
落葉,おちば,낙엽,JLPT_1 JLPT,qPS6$v<zNn,公園の道が赤い落葉で覆われている。,こうえんのみちがあかいおちばでおおわれている。,공원 길이 붉은 낙엽으로 덮여 있다.
乙,おつ,을(두 번째)·세련된,JLPT_1 JLPT,"CTIZFIH,kM",契約書では甲が乙に商品を渡す。,けいやくしょではこうがおつにしょうひんをわたす。,계약서에서는 갑이 을에게 상품을 건넨다.
お使い,おつかい,심부름,JLPT_1 JLPT,"Q3Uu~eV;,,",母に頼まれて近所へお使いに行った。,ははにたのまれてきんじょへおつかいにいった。,어머니의 부탁으로 이웃에 심부름을 갔다.
おっかない,おっかない,무서운,JLPT_1 JLPT,r<$W[mdg(3,夜の山道は暗くておっかない。,よるのやまみちはくらくておっかない。,밤의 산길은 어둡고 무섭다.
お手上げ,おてあげ,손들다·포기하다,JLPT_1 JLPT,J({SY<_/!4,複雑すぎる問題に皆がお手上げだった。,ふくざつすぎるもんだいにみんながおてあげだった。,너무 복잡한 문제에 모두가 손을 들었다.
おどおど,おどおど,쭈뼛쭈뼛·벌벌,JLPT_1 JLPT,hFdj&!1iUO,彼は面接で終始おどおどしていた。,かれはめんせつでしゅうしおどおどしていた。,그는 면접 내내 안절부절못했다.
脅す,おどす,위협하다·협박하다,JLPT_1 JLPT,l9J?^6gNw8,犯人は店員を脅して金を奪った。,はんにんはてんいんをおどしてかねをうばった。,범인은 점원을 협박해 돈을 빼앗았다.
訪れる,おとずれる,방문하다·찾아오다,JLPT_1 JLPT,M;`!*}::|V,春が訪れると庭の花が咲き始める。,はるがおとずれるとにわのはながさきはじめる。,봄이 찾아오면 정원의 꽃이 피기 시작한다.
お供,おとも,수행·동행,JLPT_1 JLPT,x[kh8D~cRx,買い物のお供に妹を連れて行った。,かいもののおともにいもうとをつれていった。,쇼핑에 동행하도록 여동생을 데려갔다.
衰える,おとろえる,쇠퇴하다·약해지다,JLPT_1 JLPT,pxXWt`7[Xh,年を取って視力が少し衰えた。,としをとってしりょくがすこしおとろえた。,나이가 들며 시력이 조금 약해졌다.
同い年,おないどし,동갑,JLPT_1 JLPT,uOL4]ka~4C,私たちは同い年ですぐに親しくなった。,わたしたちはおないどしですぐにしたしくなった。,우리는 동갑이라 금세 친해졌다.
自ずから,おのずから,저절로·자연히,JLPT_1 JLPT,CsPmT^E4si,努力を続ければ結果は自ずからついてくる。,どりょくをつづければけっかはおのずからついてくる。,노력을 계속하면 결과는 자연히 따라온다.
怯える,おびえる,겁내다·주눅 들다,JLPT_1 JLPT,Bil>aIK.P>,子どもは雷の音に怯えて泣いた。,こどもはかみなりのおとにおびえてないた。,아이는 천둥소리에 겁먹어 울었다.
夥しい,おびただしい,엄청난·허다한,JLPT_1 JLPT,F0E@v8v<tK,会場には夥しい数の人が集まった。,かいじょうにはおびただしいかずのひとがあつまった。,행사장에는 엄청나게 많은 사람이 모였다.
脅かす,おびやかす,위협하다·위태롭게 하다,JLPT_1 JLPT,y}AqB/U_jH,感染症が人々の生活を脅かしている。,かんせんしょうがひとびとのせいかつをおびやかしている。,감염병이 사람들의 생활을 위협하고 있다.
帯びる,おびる,띠다·머금다,JLPT_1 JLPT,zXZ(?*QD)1,夕焼けの空が赤みを帯びている。,ゆうやけのそらがあかみをおびている。,저녁노을 진 하늘이 붉은빛을 띠고 있다.
お袋,おふくろ,어머니 (정겨운 표현),JLPT_1 JLPT,Iky=(#jNrr,久しぶりにお袋の料理が食べたい。,ひさしぶりにおふくろのりょうりがたべたい。,오랜만에 어머니의 요리가 먹고 싶다.
覚え,おぼえ,기억·평판·경험,JLPT_1 JLPT,z/W-oJ8vaW,その名前には聞き覚えがある。,そのなまえにはききおぼえがある。,그 이름은 들은 기억이 있다.
おまけ,おまけ,덤·부록,JLPT_1 JLPT,rsBcP;b`Jp,雑誌を買ったらおまけが付いてきた。,ざっしをかったらおまけがついてきた。,잡지를 샀더니 덤이 따라왔다.
お宮,おみや,신사,JLPT_1 JLPT,COvUCQv?BW,初詣に近くのお宮へ参った。,はつもうでにちかくのおみやへまいった。,새해 참배로 근처 신사에 갔다.
おむつ,おむつ,기저귀,JLPT_1 JLPT,FRkuxmL~/i,赤ちゃんのおむつを替えた。,あかちゃんのおむつをかえた。,아기의 기저귀를 갈았다.
思い付き,おもいつき,생각·착상,JLPT_1 JLPT,gk=p@=>B|;,彼の思い付きが新商品のヒントになった。,かれのおもいつきがしんしょうひんのひんとになった。,그의 착상이 신상품의 힌트가 되었다.
趣,おもむき,정취·풍취,JLPT_1 JLPT,o+otz^p(oN,古い町並みには独特の趣がある。,ふるいまちなみにはどくとくのおもむきがある。,오래된 거리에는 독특한 정취가 있다.
赴く,おもむく,향하다·가다,JLPT_1 JLPT,E5WffQ+ViL,医師は事故現場へ急いで赴いた。,いしはじこげんばへいそいでおもむいた。,의사는 사고 현장으로 급히 향했다.
重んじる,おもんじる,중요시하다·존중하다,JLPT_1 JLPT,"gj_$ok,;mR",会社は社員の自主性を重んじる。,かいしゃはしゃいんのじしゅせいをおもんじる。,회사는 사원의 자주성을 중요시한다.
重んずる,おもんずる,중요시하다·존중하다,JLPT_1 JLPT,c;eXv;e7cc,彼は何よりも約束を重んずる。,かれはなによりもやくそくをおもんずる。,그는 무엇보다 약속을 중요시한다.
親父,おやじ,아버지·영감님,JLPT_1 JLPT,g;f)J>kju#,親父は今も故郷で農業をしている。,おやじはいまもこきょうでのうぎょうをしている。,아버지는 지금도 고향에서 농사를 짓고 계신다.
及び,および,및·및 그 밖에,JLPT_1 JLPT,"F5z-<*3Tg,",申込書及び身分証明書を提出してください。,もうしこみしょおよびみぶんしょうめいしょをていしゅつしてください。,신청서 및 신분증명서를 제출해 주세요.
及ぶ,およぶ,미치다·달하다,JLPT_1 JLPT,Lj7$<D<:Dd,被害は周辺地域にも及んだ。,ひがいはしゅうへんちいきにもおよんだ。,피해는 주변 지역에도 미쳤다.
折,おり,기회·때,JLPT_1 JLPT,y[AaTw+T{(,近くにお越しの折はお立ち寄りください。,ちかくにおこしのおりはおたちよりください。,근처에 오실 때는 들러 주세요.
檻,おり,우리·감옥,JLPT_1 JLPT,Lj@q6`R`I<,猛獣は丈夫な檻に入れられていた。,もうじゅうはじょうぶなおりにいれられていた。,맹수는 튼튼한 우리에 갇혀 있었다.
オリエンテーション,オリエンテーション,오리엔테이션,JLPT_1 JLPT,i;fk@T:&ys,新入社員向けのオリエンテーションを行った。,しんにゅうしゃいんむけのおりえんてーしょんをおこなった。,신입 사원을 위한 오리엔테이션을 진행했다.
折り返す,おりかえす,되풀이하다·반전시키다,JLPT_1 JLPT,x-(77`TIyH,不在だったので後ほど電話を折り返した。,ふざいだったのでのちほどでんわをおりかえした。,자리를 비웠어서 나중에 전화를 다시 걸었다.
織物,おりもの,직물,JLPT_1 JLPT,@6F9JKGsN,この地方では伝統的な織物が作られている。,このちほうではでんとうてきなおりものがつくられている。,이 지방에서는 전통 직물이 만들어진다.
俺,おれ,나 (남성 일인칭),JLPT_1 JLPT,M3v%b}<>}t,俺が責任を持って最後までやる。,おれがせきにんをもってさいごまでやる。,내가 책임지고 끝까지 하겠다.
愚か,おろか,어리석은,JLPT_1 JLPT,Ch>U~}L@[9,同じ過ちを繰り返すのは愚かだ。,おなじあやまちをくりかえすのはおろかだ。,같은 잘못을 반복하는 것은 어리석다.
疎か,おろそか,소홀히 함,JLPT_1 JLPT,H$%#VMqb~n,忙しさを理由に健康管理を疎かにした。,いそがしさをりゆうにけんこうかんりをおろそかにした。,바쁘다는 이유로 건강 관리를 소홀히 했다.
負んぶ,おんぶ,어부바·업기,JLPT_1 JLPT,w[CU60-p%`,疲れた子どもを父親が負んぶした。,つかれたこどもをちちおやがおんぶした。,아버지가 피곤한 아이를 업었다.
オンライン,オンライン,온라인,JLPT_1 JLPT,i=qSrR2s#(,会議はオンラインで行われた。,かいぎはおんらいんでおこなわれた。,회의는 온라인으로 진행되었다.
温和,おんわ,온화함,JLPT_1 JLPT,II+hgA8I:B,祖父は温和な性格で誰からも慕われている。,そふはおんわなせいかくでだれからもしたわれている。,할아버지는 온화한 성격이라 모두의 존경을 받는다.
我,が～,자아·나,JLPT_1 JLPT,KEYq:ht}?d,我が強い人とは意見がぶつかりやすい。,ががつよいひととはいけんがぶつかりやすい。,자아가 강한 사람과는 의견이 충돌하기 쉽다.
カーペット,カーペット,카펫,JLPT_1 JLPT,fn]9l!yDf>,部屋に新しいカーペットを敷いた。,へやにあたらしいかーぺっとをしいた。,방에 새 카펫을 깔았다.
～界,～かい,~계 (세계),JLPT_1 JLPT,d]il$5=Qs$,芸能界で長く活躍している。,げいのうかいでながくかつやくしている。,연예계에서 오랫동안 활약하고 있다.
～街,～がい,~가 (거리),JLPT_1 JLPT,PH:pbBSE|j,駅前の商店街は夜もにぎやかだ。,えきまえのしょうてんがいはよるもにぎやかだ。,역 앞 상점가는 밤에도 북적인다.
改悪,かいあく,개악·나쁘게 고침,JLPT_1 JLPT,/C5*Xn=Cv,今回の制度変更は改悪だと批判された。,こんかいのせいどへんこうはかいあくだとひはんされた。,이번 제도 변경은 개악이라는 비판을 받았다.
海運,かいうん,해운,JLPT_1 JLPT,"CDcOa:,]6U",この港は国の海運を支えている。,このみなとはくにのかいうんをささえている。,이 항구는 나라의 해운을 받치고 있다.
外貨,がいか,외화,JLPT_1 JLPT,P{MzU_0f=F,海外旅行に備えて外貨を両替した。,かいがいりょこうにそなえてがいかをりょうがえした。,해외여행에 대비해 외화를 환전했다.
改革,かいかく,개혁,JLPT_1 JLPT,"nxg,|fRPK9",政府は行政改革を進めている。,せいふはぎょうせいかいかくをすすめている。,정부는 행정 개혁을 추진하고 있다.
貝殻,かいがら,조개껍데기,JLPT_1 JLPT,rr4Z^$`(_`,浜辺で色の美しい貝殻を拾った。,はまべでいろのうつくしいかいがらをひろった。,해변에서 빛깔이 예쁜 조개껍데기를 주웠다.
外観,がいかん,외관,JLPT_1 JLPT,JF[`}jk]g#,建物の外観を周囲の景観に合わせた。,たてもののがいかんをしゅういのけいかんにあわせた。,건물의 외관을 주변 경관에 맞췄다.
階級,かいきゅう,계급,JLPT_1 JLPT,G#*h9O@`+|,軍では階級に応じて役割が異なる。,ぐんではかいきゅうにおうじてやくわりがことなる。,군에서는 계급에 따라 역할이 다르다.
海峡,かいきょう,해협,JLPT_1 JLPT,jy18h1NAzv,船は狭い海峡をゆっくり通過した。,ふねはせまいかいきょうをゆっくりつうかした。,배는 좁은 해협을 천천히 통과했다.
会見,かいけん,회견,JLPT_1 JLPT,umW!}@pgti,大臣は記者会見で辞任を発表した。,だいじんはきしゃかいけんでじにんをはっぴょうした。,장관은 기자 회견에서 사임을 발표했다.
介護,かいご,간호·수발,JLPT_1 JLPT,kEe>~$Z:bi,祖母の介護を家族で分担している。,そぼのかいごをかぞくでぶんたんしている。,가족이 할머니의 돌봄을 나눠 맡고 있다.
開催,かいさい,개최,JLPT_1 JLPT,%(;Yq~m~L,来月この町で映画祭が開催される。,らいげつこのまちでえいがさいがかいさいされる。,다음 달 이 마을에서 영화제가 개최된다.
回収,かいしゅう,회수,JLPT_1 JLPT,j[pPaa[c]=,使用済みの容器を店が回収している。,しようずみのようきをみせがかいしゅうしている。,가게가 사용한 용기를 회수하고 있다.
改修,かいしゅう,개수·수리,JLPT_1 JLPT,QiUw+PPipY,老朽化した橋を今年中に改修する。,ろうきゅうかしたはしをことしじゅうにかいしゅうする。,노후한 다리를 올해 안에 개수한다.
怪獣,かいじゅう,괴수,JLPT_1 JLPT,r8Gl`sM7J8,子どもたちは映画の怪獣を怖がった。,こどもたちはえいがのかいじゅうをこわがった。,아이들은 영화 속 괴수를 무서워했다.
解除,かいじょ,해제,JLPT_1 JLPT,Mgd/-R9vWQ,安全が確認されて避難命令が解除された。,あんぜんがかくにんされてひなんめいれいがかいじょされた。,안전이 확인되어 피난명령이 해제되었다.
外相,がいしょう,외무장관 (외상),JLPT_1 JLPT,yrLi>.nXho,外相は隣国との協力を強調した。,がいしょうはりんごくとのきょうりょくをきょうちょうした。,외무장관은 이웃 나라와의 협력을 강조했다.
害する,がいする,해치다·상하게 하다,JLPT_1 JLPT,Hi`w1ksG:H,睡眠不足は健康を害する恐れがある。,すいみんぶそくはけんこうをがいするおそれがある。,수면 부족은 건강을 해칠 우려가 있다.
概説,がいせつ,개설,JLPT_1 JLPT,nT]AQT3`Q*,本書は現代経済の仕組みを概説している。,ほんしょはげんだいけいざいのしくみをがいせつしている。,이 책은 현대 경제의 구조를 개설하고 있다.
回送,かいそう,회송,JLPT_1 JLPT,L?pD4!Fpg8,車庫へ戻すため空のバスを回送した。,しゃこへもどすためからのばすをかいそうした。,차고로 돌려보내기 위해 빈 버스를 회송했다.
階層,かいそう,계층,JLPT_1 JLPT,H^MD?o[__x,所得の階層ごとに結果を分析した。,しょとくのかいそうごとにけっかをぶんせきした。,소득 계층별로 결과를 분석했다.
開拓,かいたく,개척,JLPT_1 JLPT,FypVZrRtNH,移住者たちは荒れた土地を開拓した。,いじゅうしゃたちはあれたとちをかいたくした。,이주민들은 황폐한 땅을 개척했다.
会談,かいだん,회담,JLPT_1 JLPT,uN=.m/8Z~3,両国の首脳が和平について会談した。,りょうこくのしゅのうがわへいについてかいだんした。,양국 정상이 평화에 대해 회담했다.
改定,かいてい,개정,JLPT_1 JLPT,g6THSZ_v^<,運賃は来年四月に改定される。,うんちんはらいねんしがつにかいていされる。,운임은 내년 4월에 개정된다.
改訂,かいてい,개정 (수정),JLPT_1 JLPT,v0XHWw$0B0,誤りを直して教科書を改訂した。,あやまりをなおしてきょうかしょをかいていした。,오류를 고쳐 교과서를 개정했다.
ガイド,ガイド,가이드·안내,JLPT_1 JLPT,CvJbP*(I@%,現地のガイドが町を案内してくれた。,げんちのがいどがまちをあんないしてくれた。,현지 가이드가 마을을 안내해 주었다.
街道,かいどう,가도·큰길,JLPT_1 JLPT,N$n&)AJVWA,昔の街道沿いに古い宿場町が残る。,むかしのかいどうぞいにふるいしゅくばまちがのこる。,옛 가도를 따라 오래된 역참 마을이 남아 있다.
該当,がいとう,해당,JLPT_1 JLPT,nkZ}`ld7f?,条件に該当する人だけ応募できる。,じょうけんにがいとうするひとだけおうぼできる。,조건에 해당하는 사람만 응모할 수 있다.
街頭,がいとう,가두·거리,JLPT_1 JLPT,tQu}Nu#P].,候補者が街頭で政策を訴えた。,こうほしゃががいとうでせいさくをうったえた。,후보가 가두에서 정책을 호소했다.
ガイドブック,ガイドブック,가이드북,JLPT_1 JLPT,Eo9u]7eh((,旅行前にガイドブックで名所を調べた。,りょこうまえにがいどぶっくでめいしょをしらべた。,여행 전에 가이드북으로 명소를 조사했다.
介入,かいにゅう,개입,JLPT_1 JLPT,pZJnTW/Kh#,政府が企業間の争いに介入した。,せいふがきぎょうかんのあらそいにかいにゅうした。,정부가 기업 간 분쟁에 개입했다.
概念,がいねん,개념,JLPT_1 JLPT,E|SNJ<R/iJ,子どもに時間の概念を教えるのは難しい。,こどもにじかんのがいねんをおしえるのはむずかしい。,아이에게 시간의 개념을 가르치기는 어렵다.
開発,かいはつ,개발,JLPT_1 JLPT,Kw[.UTN4^R,新しい医療機器を共同で開発した。,あたらしいいりょうききをきょうどうでかいはつした。,새로운 의료 기기를 공동 개발했다.
海抜,かいばつ,해발,JLPT_1 JLPT,jLVxr@vo2y,この町は海抜五百メートルに位置する。,このまちはかいばつごひゃくめーとるにいちする。,이 마을은 해발 500미터에 위치한다.
介抱,かいほう,간호·개포,JLPT_1 JLPT,j$OYFEbGs|,倒れた人を日陰に運んで介抱した。,たおれたひとをひかげにはこんでかいほうした。,쓰러진 사람을 그늘로 옮겨 돌봤다.
解剖,かいぼう,해부,JLPT_1 JLPT,iL)PO8n0NO,授業で魚を解剖して内部を観察した。,じゅぎょうでさかなをかいぼうしてないぶをかんさつした。,수업에서 물고기를 해부해 내부를 관찰했다.
外来,がいらい,외래,JLPT_1 JLPT,~V$m/9|o},外来の患者は一階で受付を済ませる。,がいらいのかんじゃはいっかいでうけつけをすませる。,외래 환자는 1층에서 접수를 마친다.
回覧,かいらん,회람,JLPT_1 JLPT,E}}4:_!82P,この資料を部署内で回覧してください。,このしりょうをぶしょないでかいらんしてください。,이 자료를 부서 내에서 회람해 주세요.
概略,がいりゃく,개략,JLPT_1 JLPT,N)qY<nUP|*,計画の概略を担当者から聞いた。,けいかくのがいりゃくをたんとうしゃからきいた。,담당자에게서 계획의 개략을 들었다.
海流,かいりゅう,해류,JLPT_1 JLPT,xa/eyqaPDe,暖かい海流が沿岸の気候に影響する。,あたたかいかいりゅうがえんがんのきこうにえいきょうする。,따뜻한 해류가 연안의 기후에 영향을 준다.
改良,かいりょう,개량,JLPT_1 JLPT,"v?jE,5xyr`",品種改良で病気に強い米が生まれた。,ひんしゅかいりょうでびょうきにつよいこめがうまれた。,품종 개량으로 병에 강한 쌀이 나왔다.
回路,かいろ,회로,JLPT_1 JLPT,fdIy<8[a*F,電流が流れないので回路を点検した。,でんりゅうがながれないのでかいろをてんけんした。,전류가 흐르지 않아 회로를 점검했다.
海路,かいろ,해로,JLPT_1 JLPT,t536M9u42&,荷物は海路で島へ運ばれた。,にもつはかいろでしまへはこばれた。,짐은 해로로 섬에 운반되었다.
省みる,かえりみる,반성하다·되돌아보다,JLPT_1 JLPT,taa>Gm>Nxx,一日の行いを静かに省みた。,いちにちのおこないをしずかにかえりみた。,하루의 행실을 조용히 돌이켜봤다.
顧みる,かえりみる,회상하다·돌이켜보다,JLPT_1 JLPT,ho_c78W;*R,過去を顧みると多くの支えに気付く。,かこをかえりみるとおおくのささえにきづく。,과거를 돌이켜보면 많은 도움을 깨닫게 된다.
顔付き,かおつき,안색·용모,JLPT_1 JLPT,k<|EsPF(U~,彼は不安そうな顔付きで待っていた。,かれはふあんそうなかおつきでまっていた。,그는 불안해 보이는 표정으로 기다리고 있었다.
課外,かがい,과외,JLPT_1 JLPT,ImdEjfLr)>,放課後に課外活動へ参加した。,ほうかごにかがいかつどうへさんかした。,방과 후에 과외 활동에 참가했다.
掲げる,かかげる,게양하다·내걸다,JLPT_1 JLPT,Q[6r`gY-ir,選手たちは優勝という目標を掲げた。,せんしゅたちはゆうしょうというもくひょうをかかげた。,선수들은 우승이라는 목표를 내걸었다.
踵,かかと,발뒤꿈치,JLPT_1 JLPT,F`djJ$owDP,新しい靴で歩いて踵にまめができた。,あたらしいくつであるいてかかとにまめができた。,새 신발을 신고 걸어 발뒤꿈치에 물집이 잡혔다.
書き取る,かきとる,받아쓰다,JLPT_1 JLPT,OeW)s:B>?h,先生が読み上げた文章を書き取った。,せんせいがよみあげたぶんしょうをかきとった。,선생님이 읽은 문장을 받아적었다.
掻き回す,かきまわす,휘젓다·혼란시키다,JLPT_1 JLPT,"wp9#,9/+Z4",スープを匙でゆっくり掻き回した。,すーぷをさじでゆっくりかきまわした。,스프를 숟가락으로 천천히 휘저었다.
かく (はじを),かく (はじを),창피를 당하다,JLPT_1 JLPT,h*j3Yxxcj{,人前で恥をかいて顔が熱くなった。,ひとまえではじをかいてかおがあつくなった。,남 앞에서 창피를 당해 얼굴이 화끈거렸다.
～画,～かく,~획,JLPT_1 JLPT,G#l-jHUMTG,この漢字は十二画で書ける。,このかんじはじゅうにかくでかける。,이 한자는 12획으로 쓸 수 있다.
学芸,がくげい,학예,JLPT_1 JLPT,xM-CyLgdV},学芸会で子どもたちが劇を披露した。,がくげいかいでこどもたちがげきをひろうした。,학예회에서 아이들이 연극을 선보였다.
格差,かくさ,격차,JLPT_1 JLPT,zvfu/3%U&J,都市と地方の所得格差が広がっている。,としとちほうのしょとくかくさがひろがっている。,도시와 지방의 소득 격차가 커지고 있다.
拡散,かくさん,확산,JLPT_1 JLPT,y__Cg;3rb:,風に乗って花粉が広範囲に拡散した。,かぜにのってかふんがこうはんいにかくさんした。,바람을 타고 꽃가루가 넓은 범위로 확산되었다.
学士,がくし,학사,JLPT_1 JLPT,Pq<3#+rCX),大学を卒業して学士の学位を得た。,だいがくをそつぎょうしてがくしのがくいをえた。,대학을 졸업해 학사 학위를 얻었다.
各種,かくしゅ,각종,JLPT_1 JLPT,Jb^Vb%.N$q,店では各種の文房具を取り扱っている。,みせではかくしゅのぶんぼうぐをとりあつかっている。,가게에서는 각종 문구를 취급한다.
隔週,かくしゅう,격주,JLPT_1 JLPT,QbwTj%&$c),会議は隔週の月曜日に開かれる。,かいぎはかくしゅうのげつようびにひらかれる。,회의는 격주 월요일에 열린다.
確信,かくしん,확신,JLPT_1 JLPT,zEL{[Q8QNW,彼の説明を聞いて成功を確信した。,かれのせつめいをきいてせいこうをかくしんした。,그의 설명을 듣고 성공을 확신했다.
革新,かくしん,혁신,JLPT_1 JLPT,ti4?AE7Yh@,技術革新が産業の構造を大きく変えた。,ぎじゅつかくしんがさんぎょうのこうぞうをおおきくかえた。,기술 혁신이 산업 구조를 크게 바꾸었다.
学説,がくせつ,학설,JLPT_1 JLPT,GlxSp@=1Ze,その学説を裏付ける証拠はまだ少ない。,そのがくせつをうらづけるしょうこはまだすくない。,그 학설을 뒷받침하는 증거는 아직 적다.
確定,かくてい,확정,JLPT_1 JLPT,"e18p,U0K#7",試験日は来月十日に確定した。,しけんびはらいげつとおかにかくていした。,시험 일정이 다음 달 10일로 확정되었다.
カクテル,カクテル,칵테일,JLPT_1 JLPT,"E($,YP#I6d",彼は果物を使ったカクテルを注文した。,かれはくだものをつかったかくてるをちゅうもんした。,그는 과일을 넣은 칵테일을 주문했다.
獲得,かくとく,획득,JLPT_1 JLPT,"B^,*K>>n_|",チームは努力して出場権を獲得した。,ちーむはどりょくしてしゅつじょうけんをかくとくした。,팀은 노력해 출전권을 획득했다.
楽譜,がくふ,악보,JLPT_1 JLPT,qMA}9*EjCn,楽譜を見ながらピアノを練習した。,がくふをみながらぴあのをれんしゅうした。,악보를 보며 피아노를 연습했다.
確保,かくほ,확보,JLPT_1 JLPT,uY<*K%.TG@,避難所に十分な飲料水を確保した。,ひなんじょにじゅうぶんないんりょうすいをかくほした。,피난소에 충분한 음료수를 확보했다.
革命,かくめい,혁명,JLPT_1 JLPT,O;mF68dq6Q,民衆が立ち上がり革命が起こった。,みんしゅうがたちあがりかくめいがおこった。,민중이 일어나 혁명이 일어났다.
確立,かくりつ,확립,JLPT_1 JLPT,m(/`$&[BF3,地域医療の体制を早急に確立する。,ちいきいりょうのたいせいをそうきゅうにかくりつする。,지역 의료 체제를 조속히 확립한다.
賭,かけ,내기·도박,JLPT_1 JLPT,s:YO~5k/sp,試合の勝敗を賭の対象にしてはいけない。,しあいのしょうはいをかけのたいしょうにしてはいけない。,경기의 승패를 도박 대상으로 삼아서는 안 된다.
掛～,かけ～,외상,JLPT_1 JLPT,c#>^nQjhVy,品物を掛けで買い、月末に払った。,しなものをかけでかい、げつまつにはらった。,물건을 외상으로 사고 월말에 지불했다.
～掛け,～かけ,~걸이,JLPT_1 JLPT,"Lr[e?zZ5,<",壁に帽子掛けを取り付けた。,かべにぼうしかけをとりつけた。,벽에 모자 걸이를 달았다.
崖,がけ,벼랑·절벽,JLPT_1 JLPT,lH2H25www/,崖の下を流れる川を見下ろした。,がけのしたをながれるかわをみおろした。,절벽 아래를 흐르는 강을 내려다봤다.
駆け足,かけあし,구보,JLPT_1 JLPT,Nd5EP#88A|,遅れそうなので駅まで駆け足で向かった。,おくれそうなのでえきまでかけあしでむかった。,늦을 것 같아 역까지 구보로 향했다.
家計,かけい,가계,JLPT_1 JLPT,vh}KbR&s=#,家計を見直して無駄な支出を減らした。,かけいをみなおしてむだなししゅつをへらした。,가계를 재검토해 불필요한 지출을 줄였다.
駆けっこ,かけっこ,달리기 시합,JLPT_1 JLPT,"A8,h2([S[A",子どもたちが公園で駆けっこをしている。,こどもたちがこうえんでかけっこをしている。,아이들이 공원에서 달리기 시합을 하고 있다.
加工,かこう,가공,JLPT_1 JLPT,E^@%K2YN]n,工場で木材を家具の部品に加工する。,こうじょうでもくざいをかぐのぶひんにかこうする。,공장에서 목재를 가구 부품으로 가공한다.
化合,かごう,화합,JLPT_1 JLPT,my>j<9l(Hz,水素と酸素が化合すると水になる。,すいそとさんそがかごうするとみずになる。,수소와 산소가 화합하면 물이 된다.
かさばる,かさばる,부피가 커지다,JLPT_1 JLPT,"nuG,E:/*HK",この箱は軽いが大きくてかさばる。,このはこはかるいがおおきくてかさばる。,이 상자는 가볍지만 커서 부피가 크다.
嵩む,かさむ,늘어나다·쌓이다,JLPT_1 JLPT,D*tj!&=/|(,修理が長引いて費用が嵩んだ。,しゅうりがながびいてひようがかさんだ。,수리가 길어져 비용이 늘었다.
箇条書,かじょうがき,조목조목 씀·나열,JLPT_1 JLPT,uU[=f*p0xK,注意点を箇条書にして整理した。,ちゅういてんをかじょうがきにしてせいりした。,주의할 점을 항목별로 정리했다.
頭,かしら,우두머리·머리,JLPT_1 JLPT,qKQ^U]P!d/,彼は職人たちの頭として現場をまとめた。,かれはしょくにんたちのかしらとしてげんばをまとめた。,그는 장인들의 우두머리로서 현장을 이끌었다.
微か,かすか,희미한,JLPT_1 JLPT,"iuQ;E47,]H",遠くから微かな鐘の音が聞こえた。,とおくからかすかなかねのおとがきこえた。,먼 곳에서 희미한 종소리가 들렸다.
霞む,かすむ,안개 끼다·희미해지다,JLPT_1 JLPT,Muk^XW#N{G,涙で目の前の景色が霞んだ。,なみだでめのまえのけしきがかすんだ。,눈물로 눈앞의 풍경이 흐려졌다.
擦る,かする,스치다·비비다,JLPT_1 JLPT,b*c:1ipqfg,弾丸が腕を擦った。,だんがんがうでをかすった。,총알이 팔을 스쳤다.
火星,かせい,화성,JLPT_1 JLPT,hK6{i6DNme,探査機が火星の地表を撮影した。,たんさきがかせいのちひょうをさつえいした。,탐사선이 화성 표면을 촬영했다.
化石,かせき,화석,JLPT_1 JLPT,i)2P[%uf@w,博物館で恐竜の化石を見た。,はくぶつかんできょうりゅうのかせきをみた。,박물관에서 공룡 화석을 봤다.
河川,かせん,하천,JLPT_1 JLPT,j9XYM<zDW5,大雨に備えて河川の水位を監視する。,おおあめにそなえてかせんのすいいをかんしする。,폭우에 대비해 하천의 수위를 감시한다.
化繊,かせん,화선·합성 섬유,JLPT_1 JLPT,A<4D0W-y5X,この服は丈夫な化繊で作られている。,このふくはじょうぶなかせんでつくられている。,이 옷은 튼튼한 합성 섬유로 만들어졌다.
過疎,かそ,과소·인구 희박,JLPT_1 JLPT,C6FP<#I<*d,若者の流出で村の過疎が進んでいる。,わかもののりゅうしゅつでむらのかそがすすんでいる。,젊은이들이 빠져나가 마을의 과소화가 진행되고 있다.
片～,かた～,외~·한쪽~,JLPT_1 JLPT,p/$/VrksK},片手で荷物を持ち上げた。,かたてでにもつをもちあげた。,한 손으로 짐을 들어 올렸다.
片言,かたこと,서툰 말씨,JLPT_1 JLPT Intermediate_Japanese_Ln.13 Intermediate_Japanese,nEkc_9&ki`,彼は片言の日本語で道を尋ねた。,かれはかたことのにほんごでみちをたずねた。,그는 서투른 일본어로 길을 물었다.
傾ける,かたむける,기울이다,JLPT_1 JLPT,g+aTq;z^TG,音楽に耳を傾けながら本を読んだ。,おんがくにみみをかたむけながらほんをよんだ。,음악에 귀를 기울이며 책을 읽었다.
固める,かためる,굳히다·단단히 하다,JLPT_1 JLPT,M}jO{cRWN^,議論を重ねて方針を固めた。,ぎろんをかさねてほうしんをかためた。,논의를 거쳐 방침을 굳혔다.
傍ら,かたわら,곁·옆·~하는 한편,JLPT_1 JLPT,H(u3_23(VR,会社員として働く傍ら小説を書いている。,かいしゃいんとしてはたらくかたわらしょうせつをかいている。,회사원으로 일하는 한편 소설을 쓰고 있다.
花壇,かだん,화단,JLPT_1 JLPT,vyDiG-w#Vb,花壇に季節の花を植えた。,かだんにきせつのはなをうえた。,화단에 계절 꽃을 심었다.
家畜,かちく,가축,JLPT_1 JLPT,sf(M2A{2zC,農家は牛や豚などの家畜を育てている。,のうかはうしやぶたなどのかちくをそだてている。,농가는 소와 돼지 등의 가축을 기른다.
且つ,かつ,게다가·또한,JLPT_1 JLPT,"bxhWiXnmE,",この方法は安全で且つ効率もよい。,このほうほうはあんぜんでかつこうりつもよい。,이 방법은 안전하고 게다가 효율도 좋다.
がっくり,がっくり,털썩·맥이 풀리는 모양,JLPT_1 JLPT,n#j+;o[:]<,不合格の知らせを聞いてがっくりした。,ふごうかくのしらせをきいてがっくりした。,불합격 소식을 듣고 맥이 풀렸다.
合唱,がっしょう,합창,JLPT_1 JLPT,"ck-jle>!,g",生徒たちが卒業式で校歌を合唱した。,せいとたちがそつぎょうしきでこうかをがっしょうした。,학생들이 졸업식에서 교가를 합창했다.
がっしり,がっしり,다부지게·탄탄하게,JLPT_1 JLPT,Kl0>:WZG~Z,彼はがっしりした体格の持ち主だ。,かれはがっしりしたたいかくのもちぬしだ。,그는 다부진 체격을 지녔다.
合致,がっち,일치·합치,JLPT_1 JLPT,Af^(s-@)C7,二人の意見は多くの点で合致した。,ふたりのいけんはおおくのてんでがっちした。,두 사람의 의견은 여러 점에서 일치했다.
がっちり,がっちり,빈틈없이·단단히,JLPT_1 JLPT,dl.]7IVV60,荷物をひもでがっちり固定した。,にもつをひもでがっちりこていした。,짐을 끈으로 단단히 고정했다.
かつて,かつて,일찍이·예전에,JLPT_1 JLPT,fI;@sLyG_Q,この町はかつて港として栄えた。,このまちはかつてみなととしてさかえた。,이 마을은 예전에 항구로서 번성했다.
勝手,かって,제멋대로·부엌·형편,JLPT_1 JLPT,r+VI)d1wQ0,他人の物を勝手に使ってはいけない。,たにんのものをかってにつかってはいけない。,남의 물건을 제멋대로 사용하면 안 된다.
カット,カット,컷·절단·삭제,JLPT_1 JLPT,Q+NVsyIn!c,不要な場面をカットして映像を短くした。,ふようなばめんをかっとしてえいぞうをみじかくした。,불필요한 장면을 삭제해 영상을 짧게 했다.
活発,かっぱつ,활발,JLPT_1 JLPT,M`7Eo@!%5A,子どもたちは休み時間に活発に遊んでいる。,こどもたちはやすみじかんにかっぱつにあそんでいる。,아이들은 쉬는 시간에 활발하게 놀고 있다.
合併,がっぺい,합병,JLPT_1 JLPT,h>=`Vc9TZZ,二つの会社が合併して新会社になった。,ふたつのかいしゃががっぺいしてしんがいしゃになった。,두 회사가 합병해 새 회사가 되었다.
カテゴリー,カテゴリー,카테고리·범주,JLPT_1 JLPT,JAwB1=<{pF,商品を用途別のカテゴリーに分けた。,しょうひんをようとべつのかてごりーにわけた。,상품을 용도별 카테고리로 나누었다.
叶う,かなう,이루어지다,JLPT_1 JLPT,E5LD5p#as=,長年の夢がようやく叶った。,ながねんのゆめがようやくかなった。,오랜 세월의 꿈이 드디어 이루어졌다.
叶える,かなえる,이루어 주다·들어주다,JLPT_1 JLPT,x!3$MxvZF0,子どもの願いを叶えるために努力した。,こどものねがいをかなえるためにどりょくした。,아이의 소원을 이루어 주기 위해 노력했다.
金槌,かなづち,쇠망치·맥주병(수영 못하는 사람),JLPT_1 JLPT,C7&9nlfhkO,父は金槌で釘を打った。,ちちはかなづちでくぎをうった。,아버지는 쇠망치로 못을 박았다.
敵わない,かなわない,이길 수 없다·견딜 수 없다,JLPT_1 JLPT,i9$e:WA[rV,体力では若い選手に敵わない。,たいりょくではわかいせんしゅにかなわない。,체력으로는 젊은 선수를 이길 수 없다.
加入,かにゅう,가입,JLPT_1 JLPT,"w%]Rn6,Z,X",新しい保険に加入した。,あたらしいほけんにかにゅうした。,새로운 보험에 가입했다.
予て,かねて,전부터·이미,JLPT_1 JLPT,i+&=;*57v},予てから計画していた店を開いた。,かねてからけいかくしていたみせをひらいた。,전부터 계획했던 가게를 열었다.
庇う,かばう,감싸다·보호하다,JLPT_1 JLPT,e-}GY5UR@1,兄は叱られた弟を庇った。,あにはしかられたおとうとをかばった。,형은 혼난 동생을 감쌌다.
株式,かぶしき,주식,JLPT_1 JLPT,nMsDO&gGxt,会社は新たに株式を発行した。,かいしゃはあらたにかぶしきをはっこうした。,회사는 새로 주식을 발행했다.
気触れる,かぶれる,옻이 오르다·(나쁜 영향을) 받다,JLPT_1 JLPT,C5U+~~@Gnd,新しい化粧品で肌が気触れた。,あたらしいけしょうひんではだがかぶれた。,새 화장품 때문에 피부에 발진이 났다.
花粉,かふん,꽃가루,JLPT_1 JLPT,Gm8]&VGB-;,春は花粉が多く飛ぶ。,はるはかふんがおおくとぶ。,봄에는 꽃가루가 많이 날린다.
貨幣,かへい,화폐·화폐 제도,JLPT_1 JLPT,F<$WXw={D<,古代の貨幣が遺跡から発見された。,こだいのかへいがいせきからはっけんされた。,고대 화폐가 유적에서 발견되었다.
構える,かまえる,자세를 잡다·준비하다·설립하다,JLPT_1 JLPT,jB<-nj(U&|,選手は相手に向かって拳を構えた。,せんしゅはあいてにむかってこぶしをかまえた。,선수는 상대를 향해 주먹을 겨누었다.
過密,かみつ,과밀,JLPT_1 JLPT,AOD1mkToDl,都市部では人口の過密が問題になっている。,としぶではじんこうのかみつがもんだいになっている。,도시부에서는 인구 과밀이 문제가 되고 있다.
噛み切る,かみきる,물어 끊다,JLPT_1 JLPT,"hh,VOk`A<;",犬が硬い肉を噛み切った。,いぬがかたいにくをかみきった。,개가 질긴 고기를 물어 끊었다.
カムバック,カムバック,컴백·복귀,JLPT_1 JLPT,HjHeH1>k=t,けがを乗り越えて現役にカムバックした。,けがをのりこえてげんえきにかむばっくした。,부상을 이겨 내고 현역에 복귀했다.
カメラマン,カメラマン,카메라맨·사진사,JLPT_1 JLPT,:MlB;<{_:,カメラマンが式の様子を撮影した。,かめらまんがしきのようすをさつえいした。,사진사가 식의 모습을 촬영했다.
粥,かゆ,죽,JLPT_1 JLPT,fFz9w`]5pq,体調が悪いので温かい粥を食べた。,たいちょうがわるいのであたたかいかゆをたべた。,몸 상태가 좋지 않아 따뜻한 죽을 먹었다.
体付き,からだつき,체격·몸집,JLPT_1 JLPT,D?fkTo{@|E,彼は筋肉質でたくましい体付きをしている。,かれはきんにくしつでたくましいからだつきをしている。,그는 근육질의 다부진 체격을 지녔다.
絡む,からむ,얽히다·트집을 잡다,JLPT_1 JLPT,O17r;^Y(oJ,複数の問題が複雑に絡んでいる。,ふくすうのもんだいがふくざつにからんでいる。,여러 문제가 복잡하게 얽혀 있다.
かりに,かりに,만약·임시로,JLPT_1 JLPT,c$0g$/@+f7,かりに雨が降っても試合は行われる。,かりにあめがふってもしあいはおこなわれる。,만약 비가 와도 경기는 진행된다.
カルテ,カルテ,진료기록부 (차트),JLPT_1 JLPT,GwQApsAV[E,医師は診察後にカルテを記入した。,いしはしんさつごにかるてをきにゅうした。,의사는 진료 후 차트를 작성했다.
ガレージ,ガレージ,차고,JLPT_1 JLPT,LKr$xf+m)f,車をガレージに入れた。,くるまをがれーじにいれた。,차를 차고에 넣었다.
過労,かろう,과로,JLPT_1 JLPT,Dx#E|nd<`@,過労を防ぐため十分な休息を取った。,かろうをふせぐためじゅうぶんなきゅうそくをとった。,과로를 막기 위해 충분히 쉬었다.
かろうじて,かろうじて,겨우·간신히,JLPT_1 JLPT,wzpJb%R2eZ,終電にかろうじて間に合った。,しゅうでんにかろうじてまにあった。,막차를 간신히 탔다.
交す,かわす,주고받다·교환하다,JLPT_1 JLPT,ytWMD-K7Sv,二人は笑顔で握手を交した。,ふたりはえがおであくしゅをかわした。,두 사람은 미소로 악수를 나누었다.
代る代る,かわるがわる,교대로·번갈아,JLPT_1 JLPT,Q<D|kTCMFu,家族が代る代る病人の世話をした。,かぞくがかわるがわるびょうにんのせわをした。,가족이 번갈아 환자를 돌봤다.
簡易,かんい,간이·간편함,JLPT_1 JLPT,Qdl&|7}97?,駅前に簡易トイレが設置された。,えきまえにかんいといれがせっちされた。,역 앞에 간이 화장실이 설치되었다.
灌漑,かんがい,관개,JLPT_1 JLPT,x3v&{30@Ie,水路を整備して畑を灌漑した。,すいろをせいびしてはたけをかんがいした。,수로를 정비해 밭에 관개했다.
眼科,がんか,안과,JLPT_1 JLPT,y$)@b7Z=25,目が痛むので眼科を受診した。,めがいたむのでがんかをじゅしんした。,눈이 아파서 안과 진료를 받았다.
眼球,がんきゅう,안구·눈알,JLPT_1 JLPT,ppa9QzmFoc,医師が患者の眼球の動きを調べた。,いしがかんじゃのがんきゅうのうごきをしらべた。,의사가 환자의 안구 움직임을 살펴봤다.
玩具,がんぐ,완구·장난감,JLPT_1 JLPT,Fu?U%1UjU`,安全基準を満たした玩具を選んだ。,あんぜんきじゅんをみたしたがんぐをえらんだ。,안전 기준을 충족한 장난감을 골랐다.
簡潔,かんけつ,간결,JLPT_1 JLPT,Ch64u(7Zi6,報告を要点に絞って簡潔にまとめた。,ほうこくをようてんにしぼってかんけつにまとめた。,보고를 핵심만 추려 간결하게 정리했다.
還元,かんげん,환원,JLPT_1 JLPT,b1~cd_rb8g,売上の一部を利用者に還元する。,うりあげのいちぶをりようしゃにかんげんする。,매출의 일부를 이용자에게 환원한다.
看護,かんご,간호,JLPT_1 JLPT,v]`cby4zI~,看護師が入院患者を看護している。,かんごしがにゅういんかんじゃをかんごしている。,간호사가 입원 환자를 간호하고 있다.
漢語,かんご,한자어,JLPT_1 JLPT,BzS`z3a0wD,「読書」は代表的な漢語の一つだ。,「どくしょ」はだいひょうてきなかんごのひとつだ。,‘독서’는 대표적인 한자어 중 하나다.
頑固,がんこ,완고·고집불통,JLPT_1 JLPT,iS7AjV-r.~,父は頑固で一度決めると考えを変えない。,ちちはがんこでいちどきめるとかんがえをかえない。,아버지는 고집이 세서 한 번 정하면 생각을 바꾸지 않는다.
勧告,かんこく,권고,JLPT_1 JLPT,ReTMd+-Cqd,医師は患者に禁煙を勧告した。,いしはかんじゃにきんえんをかんこくした。,의사는 환자에게 금연을 권고했다.
換算,かんさん,환산,JLPT_1 JLPT,V_iERi63U,一ドルを現在の為替レートで円に換算した。,いちどるをげんざいのかわせれーとでえんにかんさんした。,1달러를 현재 환율에 따라 엔화로 환산했다.
監視,かんし,감시,JLPT_1 JLPT,xYmgA~gB7D,警備員が防犯カメラで店内を監視する。,けいびいんがぼうはんかめらでてんないをかんしする。,경비원이 방범 카메라로 매장 안을 감시한다.
慣習,かんしゅう,관습,JLPT_1 JLPT,xb4/I5BD9M,地域ごとに異なる慣習が残っている。,ちいきごとにことなるかんしゅうがのこっている。,지역마다 서로 다른 관습이 남아 있다.
観衆,かんしゅう,관중,JLPT_1 JLPT,suIg*_}y!},観衆は選手の好プレーに歓声を上げた。,かんしゅうはせんしゅのこうぷれーにかんせいをあげた。,관중은 선수의 멋진 플레이에 환호했다.
願書,がんしょ,원서,JLPT_1 JLPT,PJ0db[)2y/,大学の願書を締切前に提出した。,だいがくのがんしょをしめきりまえにていしゅつした。,대학 원서를 마감 전에 제출했다.
干渉,かんしょう,간섭,JLPT_1 JLPT,FlV}wK<+oD,親は子どもの交友関係に干渉しすぎた。,おやはこどものこうゆうかんけいにかんしょうしすぎた。,부모는 아이의 교우 관계에 너무 간섭했다.
頑丈,がんじょう,튼튼함·견고함,JLPT_1 JLPT,o)b^-Y;KL),この鞄は頑丈で長く使える。,このかばんはがんじょうでながくつかえる。,이 가방은 튼튼해 오래 쓸 수 있다.
感触,かんしょく,감촉,JLPT_1 JLPT,Ll+!^%W~Bg,布に触れて柔らかな感触を確かめた。,ぬのにふれてやわらかなかんしょくをたしかめた。,천을 만져 부드러운 감촉을 확인했다.
肝心,かんじん,중요함·핵심적임,JLPT_1 JLPT,cGezcCU7jN,何より肝心なのは最後まで諦めないことだ。,なによりかんじんなのはさいごまであきらめないことだ。,무엇보다 중요한 것은 끝까지 포기하지 않는 것이다.
肝腎,かんじん,중요함·핵심적임,JLPT_1 JLPT,qQm@vZEhuX,準備が肝腎だから早めに始めよう。,じゅんびがかんじんだからはやめにはじめよう。,준비가 핵심이니 일찍 시작하자.
関税,かんぜい,관세,JLPT_1 JLPT,J<YhnUzDH9,輸入品には関税がかかる場合がある。,ゆにゅうひんにはかんぜいがかかるばあいがある。,수입품에는 관세가 붙을 수 있다.
岩石,がんせき,암석,JLPT_1 JLPT,Fvc~*$ysUp,この山は硬い岩石でできている。,このやまはかたいがんせきでできている。,이 산은 단단한 암석으로 이루어져 있다.
感染,かんせん,감염,JLPT_1 JLPT,yaKv$j-u9~,傷口から細菌に感染することがある。,きずぐちからさいきんにかんせんすることがある。,상처를 통해 세균에 감염될 수 있다.
幹線,かんせん,간선,JLPT_1 JLPT,qnR@^N<xB(,この道路は都市を結ぶ主要な幹線だ。,このどうろはとしをむすぶしゅようなかんせんだ。,이 도로는 도시를 잇는 주요 간선이다.
簡素,かんそ,간소,JLPT_1 JLPT,jcV8%N9G]T,式は家族だけで簡素に行われた。,しきはかぞくだけでかんそにおこなわれた。,식은 가족만 모여 간소하게 치러졌다.
観点,かんてん,관점,JLPT_1 JLPT,sRkkbw!PVn,別の観点から問題を考えてみよう。,べつのかんてんからもんだいをかんがえてみよう。,다른 관점에서 문제를 생각해 보자.
感度,かんど,감도,JLPT_1 JLPT,c!Eb1-<+V1,このカメラは暗い場所でも感度が高い。,このかめらはくらいばしょでもかんどがたかい。,이 카메라는 어두운 곳에서도 감도가 높다.
カンニング,カンニング,컨닝·부정행위,JLPT_1 JLPT,f{(PYG4OSM,試験中にカンニングをしてはいけない。,しけんちゅうにかんにんぐをしてはいけない。,시험 중에 부정행위를 해서는 안 된다.
元年,がんねん,원년 (첫해),JLPT_1 JLPT,hmCuQzSd35,新しい制度が始まった年を元年とする。,あたらしいせいどがはじまったとしをがんねんとする。,새 제도가 시작된 해를 원년으로 삼는다.
幹部,かんぶ,간부,JLPT_1 JLPT,L1KYyf^E^2,会社の幹部が今後の方針を協議した。,かいしゃのかんぶがこんごのほうしんをきょうぎした。,회사 간부가 향후 방침을 협의했다.
完ぺき,かんぺき,완벽,JLPT_1 JLPT,z+SJefr{>B,彼女の演技は完ぺきだった。,かのじょのえんぎはかんぺきだった。,그녀의 연기는 완벽했다.
勘弁,かんべん,용서·변제,JLPT_1 JLPT,"l*Q,*Lu2Mg",これ以上の残業は勘弁してください。,これいじょうのざんぎょうはかんべんしてください。,이 이상의 야근은 제발 봐주세요.
感無量,かんむりょう,감개무량,JLPT_1 JLPT,h`NZ!a[CSf,長年の努力が実り感無量だった。,ながねんのどりょくがみのりかんむりょうだった。,오랜 노력이 결실을 맺어 감개무량했다.
勧誘,かんゆう,권유,JLPT_1 Intermediate_Japanese_Ln.5 JLPT Intermediate_Japanese,fyr>KNdC{T,店員に有料会員への加入を勧誘された。,てんいんにゆうりょうかいいんへのかにゅうをかんゆうされた。,점원에게 유료 회원 가입을 권유받았다.
関与,かんよ,관여,JLPT_1 JLPT,d<Jle/NX</,彼はその不正には関与していない。,かれはそのふせいにはかんよしていない。,그는 그 부정에 관여하지 않았다.
寛容,かんよう,관용·너그러움,JLPT_1 JLPT,f|A2.V0M-n,他人の失敗に寛容な社会でありたい。,たにんのしっぱいにかんようなしゃかいでありたい。,타인의 실수에 너그러운 사회이길 바란다.
元来,がんらい,원래·본래,JLPT_1 JLPT,Cno5E):pRp,この建物は元来学校として建てられた。,このたてものはがんらいがっこうとしてたてられた。,이 건물은 본래 학교로 지어졌다.
観覧,かんらん,관람,JLPT_1 JLPT,"A$Cx0<I,I0",展覧会を自由に観覧できる。,てんらんかいをじゆうにかんらんできる。,전시회를 자유롭게 관람할 수 있다.
慣例,かんれい,관례,JLPT_1 JLPT,t0a}a`u9:H,会議の冒頭で挨拶するのが慣例だ。,かいぎのぼうとうであいさつするのがかんれいだ。,회의 첫머리에 인사하는 것이 관례다.
還暦,かんれき,환갑,JLPT_1 JLPT,4cAN40ulx,父は今年還暦を迎えた。,ちちはことしかんれきをむかえた。,아버지는 올해 환갑을 맞았다.
貫禄,かんろく,관록·위엄,JLPT_1 JLPT,I1]lC*Xh&L,社長は堂々として貫禄がある。,しゃちょうはどうどうとしてかんろくがある。,사장은 당당하고 관록이 있다.
緩和,かんわ,완화,JLPT_1 JLPT,"k^:RZ|u,e@",新しい薬で痛みが緩和された。,あたらしいくすりでいたみがかんわされた。,새 약으로 통증이 완화되었다.
議案,ぎあん,의안,JLPT_1 JLPT,"I,VMbY@&-V",議会で新しい議案が審議された。,ぎかいであたらしいぎあんがしんぎされた。,의회에서 새 의안이 심의되었다.
危害,きがい,위해·위험,JLPT_1 JLPT,F>Z;`xG3Np,野生動物が人に危害を加える恐れがある。,やせいどうぶつがひとにきがいをくわえるおそれがある。,야생 동물이 사람에게 위해를 가할 우려가 있다.
企画,きかく,기획,JLPT_1 Intermediate_Japanese_Ln.14 JLPT Intermediate_Japanese,w*I2LS4{H:,若者向けの旅行を企画した。,わかものむけのりょこうをきかくした。,젊은이 대상 여행을 기획했다.
規格,きかく,규격,JLPT_1 JLPT,"xzs,)in_UO",この部品は国際規格に適合している。,このぶひんはこくさいきかくにてきごうしている。,이 부품은 국제 규격에 적합하다.
着飾る,きかざる,성장하다·꾸미다,JLPT_1 JLPT,HoI9}BI#^/,彼女は華やかに着飾って式に出た。,かのじょははなやかにきかざってしきにでた。,그녀는 화려하게 차려입고 식에 참석했다.
気兼ね,きがね,어려워함·거북함,JLPT_1 JLPT,GRlL|p}26%,親しい友人なので気兼ねなく話せる。,したしいゆうじんなのできがねなくはなせる。,친한 친구라서 거리낌 없이 말할 수 있다.
気軽,きがる,홀가분함·부담 없음,JLPT_1 JLPT,s;sgdqP}O.,分からないことは気軽に聞いてください。,わからないことはきがるにきいてください。,모르는 것은 부담 없이 물어보세요.
危機,きき,위기,JLPT_1 JLPT,C.^&25N@a~,会社は倒産の危機を乗り越えた。,かいしゃはとうさんのききをのりこえた。,회사는 도산 위기를 극복했다.
聞き取り,ききとり,듣기·청해,JLPT_1 JLPT,soL?dWfD3o,外国語の聞き取りを毎日練習している。,がいこくごのききとりをまいにちれんしゅうしている。,외국어 듣기를 매일 연습하고 있다.
効き目,ききめ,효과·효능,JLPT_1 JLPT,"i,@$ZV_BJi",薬の効き目がすぐに現れた。,くすりのききめがすぐにあらわれた。,약효가 곧바로 나타났다.
帰京,ききょう,귀경,JLPT_1 JLPT,wzR`J2j)`0,出張を終えて昨夜帰京した。,しゅっちょうをおえてさくやききょうした。,출장을 마치고 어젯밤 도쿄로 돌아왔다.
戯曲,ぎきょく,희곡,JLPT_1 JLPT,Dx[W!Tbqvu,彼の戯曲が舞台で上演された。,かれのぎきょくがぶたいでじょうえんされた。,그의 희곡이 무대에서 공연되었다.
基金,ききん,기금,JLPT_1 JLPT,Jsw14fTONr,被災者を支援する基金が設立された。,ひさいしゃをしえんするききんがせつりつされた。,피해자를 지원하는 기금이 설립되었다.
喜劇,きげき,희극·코미디,JLPT_1 JLPT,vo)8mTt@2i,週末に家族で喜劇を見て笑った。,しゅうまつにかぞくできげきをみてわらった。,주말에 가족과 희극을 보며 웃었다.
議決,ぎけつ,의결,JLPT_1 JLPT,ina$-8>Dz[,予算案は賛成多数で議決された。,よさんあんはさんせいたすうでぎけつされた。,예산안은 찬성 다수로 의결되었다.
棄権,きけん,기권,JLPT_1 JLPT,yPr@u5g:%p,けがのため決勝戦を棄権した。,けがのためけっしょうせんをきけんした。,부상 때문에 결승전을 기권했다.
既婚,きこん,기혼,JLPT_1 JLPT,"zec,ws!-1^",参加者の半数は既婚者だった。,さんかしゃのはんすうはきこんしゃだった。,참가자의 절반은 기혼자였다.
気障,きざ,잘난 체함·비위에 거슬림,JLPT_1 JLPT,PIJe@Xxivf,彼の気障な台詞に皆が苦笑した。,かれのきざなせりふにみんながくしょうした。,그의 잘난 체하는 대사에 모두가 쓴웃음을 지었다.
記載,きさい,기재,JLPT_1 JLPT,"AtF!,w].-2",申込書に住所を正確に記載してください。,もうしこみしょにじゅうしょをせいかくにきさいしてください。,신청서에 주소를 정확히 기재해 주세요.
兆,きざし,조짐·전조,JLPT_1 JLPT,KEdc345jt(,景気回復の兆しが見え始めた。,けいきかいふくのきざしがみえはじめた。,경기 회복의 조짐이 보이기 시작했다.
気質,きしつ,기질·성질,JLPT_1 JLPT,sH[}/atE{z,穏やかな気質の犬を飼っている。,おだやかなきしつのいぬをかっている。,온순한 기질의 개를 기르고 있다.
期日,きじつ,기일,JLPT_1 JLPT,"v,pIo6nfY,",代金は決められた期日までに払う。,だいきんはきめられたきじつまでにはらう。,대금은 정해진 기일까지 지불한다.
きしむ,きしむ,삐걱거리다,JLPT_1 JLPT,JyV83hu3eM,古い床が歩くたびにきしむ。,ふるいゆかがあるくたびにきしむ。,낡은 바닥이 걸을 때마다 삐걱거린다.
議事堂,ぎじどう,의사당,JLPT_1 JLPT,ku.2udaM_,議事堂の前に多くの記者が集まった。,ぎじどうのまえにおおくのきしゃがあつまった。,의사당 앞에 많은 기자가 모였다.
記述,きじゅつ,기술·기록,JLPT_1 JLPT,keg8V#>EyG,調査方法を報告書に詳しく記述した。,ちょうさほうほうをほうこくしょにくわしくきじゅつした。,조사 방법을 보고서에 자세히 기술했다.
気象,きしょう,기상·날씨,JLPT_1 JLPT,i8sg{g&{j*,山の気象は急に変わりやすい。,やまのきしょうはきゅうにかわりやすい。,산의 기상은 갑자기 변하기 쉽다.
傷付く,きずつく,상처 입다·다치다,JLPT_1 JLPT,g#?]Ssa:Ux,心ない言葉を聞いて深く傷付いた。,こころないことばをきいてふかくきずついた。,매정한 말을 듣고 깊이 상처받았다.
傷付ける,きずつける,상처 입히다,JLPT_1 JLPT,W04_o[&8W,軽率な発言で友人を傷付けた。,けいそつなはつげんでゆうじんをきずつけた。,경솔한 발언으로 친구에게 상처를 주었다.
犠牲,ぎせい,희생,JLPT_1 JLPT,eAtE.H0;PV,多くの犠牲を出した事故を忘れてはならない。,おおくのぎせいをだしたじこをわすれてはならない。,많은 희생자가 발생한 사고를 잊어서는 안 된다.
汽船,きせん,기선·증기선,JLPT_1 JLPT,"gyZ:?sW,`(",汽船が港を離れて島へ向かった。,きせんがみなとをはなれてしまへむかった。,기선이 항구를 떠나 섬으로 향했다.
寄贈,きぞう,기증,JLPT_1 JLPT,k3nUp@KIzg,卒業生が学校に本を寄贈した。,そつぎょうせいががっこうにほんをきぞうした。,졸업생이 학교에 책을 기증했다.
偽造,ぎぞう,위조,JLPT_1 JLPT,K;j2M?f~?!,身分証を偽造した疑いで逮捕された。,みぶんしょうをぎぞうしたうたがいでたいほされた。,신분증을 위조한 혐의로 체포되었다.
貴族,きぞく,귀족,JLPT_1 JLPT,inVAX<UF+i,昔の貴族が住んだ屋敷が残っている。,むかしのきぞくがすんだやしきがのこっている。,옛 귀족이 살던 저택이 남아 있다.
議題,ぎだい,의제,JLPT_1 JLPT,Q@WjbgZGbs,環境問題が会議の議題になった。,かんきょうもんだいがかいぎのぎだいになった。,환경 문제가 회의 의제가 되었다.
鍛える,きたえる,단련하다·련마하다,JLPT_1 JLPT,G>3/bExrby,毎朝走って足腰を鍛えている。,まいあさはしってあしこしをきたえている。,매일 아침 달리며 하체를 단련하고 있다.
気立て,きだて,마음씨·성질,JLPT_1 JLPT,h61-}t=4fL,彼女は気立てがよく誰にでも親切だ。,かのじょはきだてがよくだれにでもしんせつだ。,그녀는 마음씨가 좋아 누구에게나 친절하다.
来る,きたる,다가오는·오는,JLPT_1 JLPT,s])r!JZ-b4,来る日曜日に運動会が開かれる。,きたるにちようびにうんどうかいがひらかれる。,다가오는 일요일에 운동회가 열린다.
きちっと,きちっと,정확하게·반듯하게,JLPT_1 JLPT,D#t!(nebzD,書類を種類ごとにきちっと整理した。,しょるいをしゅるいごとにきちっとせいりした。,서류를 종류별로 반듯하게 정리했다.
几帳面,きちょうめん,꼼꼼함·규칙적임,JLPT_1 JLPT,Idj9h;q|%y,彼は几帳面で机の上をいつも整えている。,かれはきちょうめんでつくえのうえをいつもととのえている。,그는 꼼꼼해서 책상 위를 늘 정돈한다.
きっかり,きっかり,정확히·딱,JLPT_1 JLPT,cC(nm-eKo^,会議は九時きっかりに始まった。,かいぎはくじきっかりにはじまった。,회의는 아홉 시 정각에 시작됐다.
きっちり,きっちり,꼭·정확히,JLPT_1 JLPT,p.hrrI+jm1,借りたお金は期限までにきっちり返す。,かりたおかねはきげんまでにきっちりかえす。,빌린 돈은 기한까지 정확히 갚는다.
きっぱり,きっぱり,단호히·딱 잘라,JLPT_1 JLPT,u>9}K{Kf.I,無理な依頼をきっぱり断った。,むりないらいをきっぱりことわった。,무리한 부탁을 단호히 거절했다.
規定,きてい,규정,JLPT_1 JLPT,KTPp;1&S1u,規定に従って手続きを進めた。,きていにしたがっててつづきをすすめた。,규정에 따라 절차를 진행했다.
起点,きてん,기점,JLPT_1 JLPT,",M-]_[Vyp",この駅を起点に観光バスが出る。,このえきをきてんにかんこうばすがでる。,이 역을 기점으로 관광버스가 출발한다.
軌道,きどう,궤도,JLPT_1 JLPT,P=9KAyqi}b,人工衛星が予定の軌道に入った。,じんこうえいせいがよていのきどうにはいった。,인공위성이 예정된 궤도에 진입했다.
技能,ぎのう,기능·기술,JLPT_1 JLPT,waI%d;Y5LY,長年の訓練で高度な技能を身に付けた。,ながねんのくんれんでこうどなぎのうをみにつけた。,오랜 훈련으로 고도의 기술을 익혔다.
規範,きはん,규범,JLPT_1 JLPT,L8HXSBw0.5,社会の規範を守って行動する。,しゃかいのきはんをまもってこうどうする。,사회의 규범을 지키며 행동한다.
気品,きひん,기품,JLPT_1 JLPT,cT4)YAkk45,彼女の立ち居振る舞いには気品がある。,かのじょのたちいふるまいにはきひんがある。,그녀의 몸가짐에는 기품이 있다.
気風,きふう,기풍·기색,JLPT_1 JLPT,cU@qu%MT$c,この学校には自由を重んじる気風がある。,このがっこうにはじゆうをおもんじるきふうがある。,이 학교에는 자유를 중시하는 기풍이 있다.
起伏,きふく,기복,JLPT_1 JLPT,DG3WXr]W9o,この道は起伏が激しく自転車ではつらい。,このみちはきふくがはげしくじてんしゃではつらい。,이 길은 기복이 심해 자전거로 가기 힘들다.
規模,きぼ,규모,JLPT_1 JLPT,vN{{=xfB<k,祭りは年々規模が大きくなっている。,まつりはねんねんきぼがおおきくなっている。,축제는 해마다 규모가 커지고 있다.
気まぐれ,きまぐれ,변덕,JLPT_1 JLPT,EUJagum[Gi,気まぐれな天気に予定を乱された。,きまぐれなてんきによていをみだされた。,변덕스러운 날씨 때문에 일정이 흐트러졌다.
生真面目,きまじめ,매우 성실함,JLPT_1 JLPT,B$#zm{x$(/,彼は生真面目で冗談も本気にする。,かれはきまじめでじょうだんもほんきにする。,그는 지나치게 성실해서 농담도 진지하게 받아들인다.
期末,きまつ,기말,JLPT_1 JLPT,rB>aq=EB!L,期末試験に向けて復習を始めた。,きまつしけんにむけてふくしゅうをはじめた。,기말시험을 대비해 복습을 시작했다.
きまりわるい,きまりわるい,쑥스러운·겸연쩍은,JLPT_1 JLPT,i^-fu~OpOW,皆の前で褒められてきまりわるかった。,みんなのまえでほめられてきまりわるかった。,모두 앞에서 칭찬을 받아 쑥스러웠다.
記名,きめい,기명,JLPT_1 JLPT,LeN-Up#$*/,用紙に記名してから提出してください。,ようしにきめいしてからていしゅつしてください。,용지에 기명한 뒤 제출해 주세요.
規約,きやく,규약,JLPT_1 JLPT,p:ItXku)R],入会前に会員規約を確認した。,にゅうかいまえにかいいんきやくをかくにんした。,가입 전에 회원 규약을 확인했다.
脚色,きゃくしょく,각색,JLPT_1 JLPT,A3B8`j%szk,実話を映画向けに脚色した。,じつわをえいがむけにきゃくしょくした。,실화를 영화에 맞게 각색했다.
逆転,ぎゃくてん,역전,JLPT_1 JLPT,b}F-L9oFMV,試合終了間際に得点して逆転した。,しあいしゅうりょうまぎわにとくてんしてぎゃくてんした。,경기 종료 직전에 득점해 역전했다.
脚本,きゃくほん,각본·시나리오,JLPT_1 JLPT,BqjNB^gQ4E,監督は完成した脚本を俳優に渡した。,かんとくはかんせいしたきゃくほんをはいゆうにわたした。,감독은 완성된 각본을 배우에게 건넸다.
華奢,きゃしゃ,가냘픈·화사한,JLPT_1 JLPT,K{%YNbdXo{,彼女は華奢だが体力がある。,かのじょはきゃしゃだがたいりょくがある。,그녀는 가냘프지만 체력이 좋다.
客観,きゃっかん,객관,JLPT_1 JLPT,FE+)c7=xm.,客観と主観の両面から分析する。,きゃっかんとしゅかんのりょうめんからぶんせきする。,객관과 주관의 두 측면에서 분석한다.
キャッチ,キャッチ,캐치·포획,JLPT_1 JLPT,EE+~Pnl{z$,外野手が飛んできた球をキャッチした。,がいやしゅがとんできたたまをきゃっちした。,외야수가 날아온 공을 잡았다.
キャリア,キャリア,경력·캐리어,JLPT_1 JLPT,917%#^`DD,海外勤務でキャリアを積んだ。,かいがいきんむできゃりあをつんだ。,해외 근무로 경력을 쌓았다.
救援,きゅうえん,구원,JLPT_1 JLPT,"xis(gT,lCH",被災地へ救援物資を送った。,ひさいちへきゅうえんぶっしをおくった。,재해 지역에 구호 물자를 보냈다.
休学,きゅうがく,휴학,JLPT_1 JLPT,peW#H`ri[=,病気の治療に専念するため一年休学した。,びょうきのちりょうにせんねんするためいちねんきゅうがくした。,질병 치료에 전념하려고 1년 휴학했다.
究極,きゅうきょく,궁극,JLPT_1 JLPT,Ft[`OH9ZtO,顧客満足がこの会社の究極の目標だ。,こきゃくまんぞくがこのかいしゃのきゅうきょくのもくひょうだ。,고객 만족이 이 회사의 궁극적인 목표다.
窮屈,きゅうくつ,답답한·거북한·비좁은,JLPT_1 JLPT,"HH&,U(vAg`",この靴は小さくて窮屈だ。,このくつはちいさくてきゅうくつだ。,이 신발은 작아서 꽉 낀다.
球根,きゅうこん,알뿌리·구근,JLPT_1 JLPT,Q6BKH*&nE1,秋にチューリップの球根を植えた。,あきにちゅーりっぷのきゅうこんをうえた。,가을에 튤립 구근을 심었다.
救済,きゅうさい,구제,JLPT_1 JLPT,c=d|._&IWr,制度から漏れた人を救済する必要がある。,せいどからもれたひとをきゅうさいするひつようがある。,제도에서 누락된 사람을 구제할 필요가 있다.
給仕,きゅうじ,시중듦·급사,JLPT_1 JLPT,pzoWY8TS(/,給仕が料理を順番に運んできた。,きゅうじがりょうりをじゅんばんにはこんできた。,종업원이 요리를 차례로 가져왔다.
給食,きゅうしょく,급식,JLPT_1 JLPT,zeAtvQ@_)h,子どもたちは教室で給食を食べた。,こどもたちはきょうしつできゅうしょくをたべた。,아이들은 교실에서 급식을 먹었다.
休戦,きゅうせん,휴전,JLPT_1 JLPT,Q9p5.}YQtg,両軍は一週間の休戦に合意した。,りょうぐんはいっしゅうかんのきゅうせんにごういした。,양군은 일주일간의 휴전에 합의했다.
宮殿,きゅうでん,궁전,JLPT_1 JLPT,EOPs=A9D6~,王が暮らした宮殿を見学した。,おうがくらしたきゅうでんをけんがくした。,왕이 살았던 궁전을 견학했다.
旧知,きゅうち,구지·오랜 친구,JLPT_1 JLPT,A}I5035vZ1,旅先で旧知の友人に再会した。,たびさきできゅうちのゆうじんにさいかいした。,여행지에서 오랜 친구와 재회했다.
窮乏,きゅうぼう,궁핍,JLPT_1 JLPT,fEoLTLW@>],戦後は食料が不足し生活は窮乏を極めた。,せんごはしょくりょうがふそくしせいかつはきゅうぼうをきわめた。,전후에는 식량이 부족해 생활이 극도로 궁핍했다.
寄与,きよ,기여,JLPT_1 JLPT,hYW_RFKwv/,新技術が生産性の向上に寄与した。,しんぎじゅつがせいさんせいのこうじょうにきよした。,신기술이 생산성 향상에 기여했다.
強,きょう,강함·약간 넘음,JLPT_1 JLPT,j5ZhDwA$S,会場には千人強の観客が集まった。,かいじょうにはせんにんきょうのかんきゃくがあつまった。,행사장에는 천 명이 조금 넘는 관객이 모였다.
～狂,～きょう,~광 (매니아),JLPT_1 JLPT,wkNK|ibT&!,兄は毎週試合を見るほどの野球狂だ。,あにはまいしゅうしあいをみるほどのやきゅうきょうだ。,형은 매주 경기를 볼 정도의 야구광이다.
驚異,きょうい,경이,JLPT_1 JLPT,I!i(y?o6E:,宇宙の広大さは人間にとって驚異だ。,うちゅうのこうだいさはにんげんにとってきょういだ。,우주의 광대함은 인간에게 경이의 대상이다.
教科,きょうか,교과,JLPT_1 JLPT,M&=I]j0/Y0,理科は私の好きな教科だ。,りかはわたしのすきなきょうかだ。,과학은 내가 좋아하는 교과다.
協会,きょうかい,협회,JLPT_1 JLPT,Oz4*Mxo4//,地域の観光協会が祭りを主催した。,ちいきのかんこうきょうかいがまつりをしゅさいした。,지역 관광 협회가 축제를 주최했다.
共学,きょうがく,공학·남녀공학,JLPT_1 JLPT,eKY($Dr5lQ,この学校は来年から男女共学になる。,このがっこうはらいねんからだんじょきょうがくになる。,이 학교는 내년부터 남녀공학이 된다.
共感,きょうかん,공감,JLPT_1 JLPT,w0|w&}3|}:,主人公の悩みに強く共感した。,しゅじんこうのなやみにつよくきょうかんした。,주인공의 고민에 깊이 공감했다.
境遇,きょうぐう,경우·처지,JLPT_1 JLPT,dN:;6sg&]2,似た境遇の二人はすぐに親しくなった。,にたきょうぐうのふたりはすぐにしたしくなった。,비슷한 처지의 두 사람은 금세 친해졌다.
教訓,きょうくん,교훈,JLPT_1 JLPT,pOHPj(bnYG,失敗から得た教訓を次に生かす。,しっぱいからえたきょうくんをつぎにいかす。,실패에서 얻은 교훈을 다음에 살린다.
強行,きょうこう,강행,JLPT_1 JLPT,tf7&|-V:n8,反対を押し切って工事を強行した。,はんたいをおしきってこうじをきょうこうした。,반대를 무릅쓰고 공사를 강행했다.
強硬,きょうこう,강경,JLPT_1 JLPT,bA*b92)[ZU,政府は不正に対して強硬な態度を示した。,せいふはふせいにたいしてきょうこうなたいどをしめした。,정부는 부정에 대해 강경한 태도를 보였다.
教材,きょうざい,교재,JLPT_1 JLPT,p)!Q@]*y>T,授業で使う教材を準備した。,じゅぎょうでつかうきょうざいをじゅんびした。,수업에서 사용할 교재를 준비했다.
凶作,きょうさく,흉작,JLPT_1 JLPT,I`.1X|DPXu,長雨の影響で今年は凶作になった。,ながあめのえいきょうでことしはきょうさくになった。,오랜 비의 영향으로 올해는 흉작이 되었다.
業者,ぎょうしゃ,업자,JLPT_1 JLPT,o&/6(ODjkj,専門の業者に修理を依頼した。,せんもんのぎょうしゃにしゅうりをいらいした。,전문 업자에게 수리를 의뢰했다.
教習,きょうしゅう,교습·훈련,JLPT_1 JLPT,H/=&)s/)`t,自動車学校で運転教習を受けた。,じどうしゃがっこうでうんてんきょうしゅうをうけた。,자동차 학원에서 운전 교습을 받았다.
郷愁,きょうしゅう,향수,JLPT_1 JLPT,eZKQ^QCO2_,故郷の写真を見ると郷愁を覚える。,こきょうのしゃしんをみるときょうしゅうをおぼえる。,고향 사진을 보면 향수를 느낀다.
教職,きょうしょく,교직,JLPT_1 JLPT,y`GfZjj}.E,大学卒業後に教職に就いた。,だいがくそつぎょうごにきょうしょくについた。,대학 졸업 후 교직에 종사했다.
興じる,きょうじる,즐기다·흥겨워하다,JLPT_1 JLPT,"Q;m4!,`BN,",皆で将棋に興じて夜が更けた。,みんなでしょうぎにきょうじてよるがふけた。,모두 장기를 즐기다 보니 밤이 깊었다.
強制,きょうせい,강제,JLPT_1 JLPT,Hm$>AvE1~h,参加を強制してはいけない。,さんかをきょうせいしてはいけない。,참가를 강요해서는 안 된다.
行政,ぎょうせい,행정,JLPT_1 JLPT,r~TWhqKvAt,市は行政サービスの改善を進めている。,しはぎょうせいさーびすのかいぜんをすすめている。,시는 행정 서비스 개선을 추진하고 있다.
業績,ぎょうせき,업적,JLPT_1 JLPT,Lk<<za38cF,会社は今年過去最高の業績を上げた。,かいしゃはことしかこさいこうのぎょうせきをあげた。,회사는 올해 사상 최고의 실적을 올렸다.
共存,きょうぞん,공존,JLPT_1 JLPT,Ij!^n@6%SF,人と自然が共存できる町を目指す。,ひととしぜんがきょうぞんできるまちをめざす。,사람과 자연이 공존할 수 있는 마을을 만들고자 한다.
協定,きょうてい,협정,JLPT_1 JLPT,K9?Jw]OMOi,両国は貿易協定を結んだ。,りょうこくはぼうえききょうていをむすんだ。,양국은 무역 협정을 맺었다.
郷土,きょうど,향토,JLPT_1 JLPT,Q4`7(5-Vb`,郷土の歴史を子どもたちに伝える。,きょうどのれきしをこどもたちにつたえる。,향토의 역사를 아이들에게 전한다.
脅迫,きょうはく,협박,JLPT_1 JLPT,k[s}KC9iC{,金を払えと脅迫する電話がかかってきた。,かねをはらえときょうはくするでんわがかかってきた。,돈을 내놓으라고 협박하는 전화가 걸려 왔다.
業務,ぎょうむ,업무,JLPT_1 JLPT,b&$V6PlYM?,午前中に重要な業務を終えた。,ごぜんちゅうにじゅうようなぎょうむをおえた。,오전에 중요한 업무를 마쳤다.
共鳴,きょうめい,공명·공감,JLPT_1 JLPT,kl1yRR~Dbc,彼の考えに共鳴して活動に参加した。,かれのかんがえにきょうめいしてかつどうにさんかした。,그의 생각에 공감해 활동에 참여했다.
郷里,きょうり,고향,JLPT_1 JLPT,J6)+at[SJG,十年ぶりに郷里へ帰った。,じゅうねんぶりにきょうりへかえった。,10년 만에 고향으로 돌아갔다.
強烈,きょうれつ,강렬,JLPT_1 JLPT,r]=;%Z2Ns;,強烈な日差しで目がくらんだ。,きょうれつなひざしでめがくらんだ。,강렬한 햇빛에 눈이 부셨다.
共和,きょうわ,공화·협력,JLPT_1 JLPT,GU{+)z^)dD,国は君主制から共和制へ移行した。,くにはくんしゅせいからきょうわせいへいこうした。,나라는 군주제에서 공화제로 이행했다.
局限,きょくげん,국한,JLPT_1 JLPT,xsMbwTI.xJ,問題を費用の面だけに局限してはいけない。,もんだいをひようのめんだけにきょくげんしてはいけない。,문제를 비용 측면에만 국한해서는 안 된다.
極端,きょくたん,극단,JLPT_1 JLPT,P.Mzv1I{9},極端な意見に偏らず冷静に考えよう。,きょくたんないけんにかたよらずれいせいにかんがえよう。,극단적인 의견에 치우치지 말고 냉정하게 생각하자.
居住,きょじゅう,거주,JLPT_1 JLPT,m]/OZ*9GsC,この地域には多くの外国人が居住している。,このちいきにはおおくのがいこくじんがきょじゅうしている。,이 지역에는 많은 외국인이 거주하고 있다.
拒絶,きょぜつ,거절,JLPT_1 JLPT,pF/Q.UL^fh,会社は不当な要求を拒絶した。,かいしゃはふとうなようきゅうをきょぜつした。,회사는 부당한 요구를 거절했다.
漁船,ぎょせん,어선,JLPT_1 JLPT,M@u:oyW>Kw,漁船が早朝に港から出ていった。,ぎょせんがそうちょうにみなとからでていった。,어선이 이른 아침 항구에서 출항했다.
漁村,ぎょそん,어촌,JLPT_1 JLPT,oLHH[@w)KZ,この漁村では漁業が暮らしを支えている。,このぎょそんではぎょぎょうがくらしをささえている。,이 어촌에서는 어업이 생계를 지탱한다.
拒否,きょひ,거부,JLPT_1 JLPT,xZG_N4@O9B,彼は検査を受けることを拒否した。,かれはけんさをうけることをきょひした。,그는 검사를 받는 것을 거부했다.
許容,きょよう,허용,JLPT_1 JLPT,"m;[9Tjw,qU",この装置は多少の誤差を許容できる。,このそうちはたしょうのごさをきょようできる。,이 장치는 어느 정도의 오차를 허용할 수 있다.
清らか,きよらか,맑고 깨끗함,JLPT_1 JLPT,rPKJ~vEwnZ,山から清らかな水が流れている。,やまからきよらかなみずがながれている。,산에서 맑고 깨끗한 물이 흐르고 있다.
きらびやか,きらびやか,찬란함·눈부심,JLPT_1 JLPT,t+RU;/m(KM,会場はきらびやかな照明に包まれた。,かいじょうはきらびやかなしょうめいにつつまれた。,행사장은 눈부신 조명에 휩싸였다.
～きり,～きり,~만·~뿐,JLPT_1 JLPT,uzRZwLFG-t,二人きりで今後について話し合った。,ふたりきりでこんごについてはなしあった。,둘만 남아 앞으로의 일을 의논했다.
義理,ぎり,의리,JLPT_1 JLPT,so:x7klic},世話になった人への義理を果たした。,せわになったひとへのぎりをはたした。,신세 진 사람에 대한 의리를 다했다.
切替,きりかえ,전환·교체,JLPT_1 JLPT,B])<#Pn[DB,新旧システムの切替を夜間に行う。,しんきゅうしすてむのきりかえをやかんにおこなう。,신구 시스템 전환을 야간에 실시한다.
気流,きりゅう,기류,JLPT_1 JLPT,ph[xS7hP4#,上空の気流が飛行機を揺らした。,じょうくうのきりゅうがひこうきをゆらした。,상공의 기류가 비행기를 흔들었다.
切れ目,きれめ,끊어진 곳·단락,JLPT_1 JLPT,"C#,Pog7@LR",雨の切れ目に急いで家へ帰った。,あめのきれめにいそいでいえへかえった。,비가 잠시 그친 틈에 서둘러 집으로 돌아갔다.
疑惑,ぎわく,의혹,JLPT_1 JLPT,se:RwXAAh,会計処理を巡る疑惑が深まった。,かいけいしょりをめぐるぎわくがふかまった。,회계 처리를 둘러싼 의혹이 깊어졌다.
極めて,きわめて,극히·매우,JLPT_1 JLPT Intermediate_Japanese_Ln.13 Intermediate_Japanese,EKB18v#}a&,この作業は極めて慎重に進める必要がある。,このさぎょうはきわめてしんちょうにすすめるひつようがある。,이 작업은 매우 신중하게 진행해야 한다.
近眼,きんがん,근시,JLPT_1 JLPT,dD[Q^z/~(w,近眼なので遠くの文字が読めない。,きんがんなのでとおくのもじがよめない。,근시라서 멀리 있는 글자를 읽을 수 없다.
緊急,きんきゅう,긴급,JLPT_1 JLPT,DgtR0$#5Qg,緊急の場合はこの番号に連絡してください。,きんきゅうのばあいはこのばんごうにれんらくしてください。,긴급한 경우에는 이 번호로 연락해 주세요.
近郊,きんこう,근교,JLPT_1 JLPT,JfO#&<*3[k,都心近郊に新しい住宅地ができた。,としんきんこうにあたらしいじゅうたくちができた。,도심 근교에 새로운 주택지가 생겼다.
均衡,きんこう,균형,JLPT_1 JLPT,x>zIhBvkg*,需要と供給の均衡が崩れた。,じゅようときょうきゅうのきんこうがくずれた。,수요와 공급의 균형이 무너졌다.
禁じる,きんじる,금지하다,JLPT_1 JLPT,r7Q>%_(/mr,法律は未成年者の飲酒を禁じている。,ほうりつはみせいねんしゃのいんしゅをきんじている。,법률은 미성년자의 음주를 금지한다.
勤勉,きんべん,근면,JLPT_1 JLPT,uYoa=%x]!q,彼は勤勉で毎日こつこつ働く。,かれはきんべんでまいにちこつこつはたらく。,그는 근면해서 매일 꾸준히 일한다.
吟味,ぎんみ,음미·자세히 조사함,JLPT_1 JLPT,p>zee?sO9;,材料を十分に吟味してから購入した。,ざいりょうをじゅうぶんにぎんみしてからこうにゅうした。,재료를 충분히 검토한 뒤 구매했다.
勤務,きんむ,근무,JLPT_1 JLPT,hhs(k1{TN},兄は市役所に勤務している。,あにはしやくしょにきんむしている。,형은 시청에 근무하고 있다.
禁物,きんもつ,금물,JLPT_1 JLPT,sWH*^U2<+H,焦りは事故につながるので禁物だ。,あせりはじこにつながるのできんもつだ。,조급함은 사고로 이어지므로 금물이다.
勤労,きんろう,근로,JLPT_1 JLPT,C^)QBm`a.U,勤労によって社会の発展を支える。,きんろうによってしゃかいのはってんをささえる。,근로를 통해 사회의 발전을 뒷받침한다.
クイズ,クイズ,퀴즈,JLPT_1 JLPT,m9+]J[|ov;,休憩時間に皆でクイズを楽しんだ。,きゅうけいじかんにみんなでくいずをたのしんだ。,쉬는 시간에 모두 함께 퀴즈를 즐겼다.
食い違う,くいちがう,엇갈리다·틀리다,JLPT_1 JLPT,dlUQZZk[k&,二人の証言が大きく食い違っている。,ふたりのしょうげんがおおきくくいちがっている。,두 사람의 증언이 크게 엇갈린다.
空間,くうかん,공간,JLPT_1 JLPT,"FOY$+>M@U,",家具を減らして部屋に空間を作った。,かぐをへらしてへやにくうかんをつくった。,가구를 줄여 방에 공간을 만들었다.
空腹,くうふく,공복·배고픔,JLPT_1 JLPT,"o,>8F>0y;H",空腹に耐えられずパンを食べた。,くうふくにたえられずぱんをたべた。,배고픔을 참지 못해 빵을 먹었다.
区画,くかく,구획,JLPT_1 JLPT,hbtu==:uia,会場を三つの区画に分けた。,かいじょうをみっつのくかくにわけた。,행사장을 세 구획으로 나누었다.
区間,くかん,구간,JLPT_1 JLPT,tS6N_tjG&R,この区間は工事のため通行止めだ。,このくかんはこうじのためつうこうどめだ。,이 구간은 공사 때문에 통행 금지다.
茎,くき,줄기,JLPT_1 JLPT,O5c;9[C7}%,花の茎を傷付けないように切った。,はなのくきをきずつけないようにきった。,꽃줄기를 상하게 하지 않도록 잘랐다.
区切り,くぎり,매듭·단락,JLPT_1 JLPT,zqK^J|1vVI,話に区切りをつけて休憩した。,はなしにくぎりをつけてきゅうけいした。,이야기를 일단락하고 쉬었다.
くぐる,くぐる,빠져나가다·잠입하다,JLPT_1 JLPT,"bMchGH<.,G",子どもが低い門をくぐった。,こどもがひくいもんをくぐった。,아이가 낮은 문을 빠져나갔다.
くじ (～をひく),くじ (～をひく),제비뽑기·추첨,JLPT_1 JLPT,ziu-}:42)#,くじを引いて当番を決めた。,くじをひいてとうばんをきめた。,제비를 뽑아 당번을 정했다.
くじびき,くじびき,제비뽑기,JLPT_1 JLPT,t-q[>)aB/{,順番はくじびきで決めよう。,じゅんばんはくじびきできめよう。,순서는 제비뽑기로 정하자.
擽ったい,くすぐったい,간지럽다,JLPT_1 JLPT,P[CLwgoK#I,首を触られると擽ったい。,くびをさわられるとくすぐったい。,목을 만지면 간지럽다.
愚痴,ぐち,푸념·불평,JLPT_1 JLPT,C&*!h9}5ae,仕事の愚痴ばかり言わずに行動しよう。,しごとのぐちばかりいわずにこうどうしよう。,일에 대한 불평만 하지 말고 행동하자.
口吟む,くちずさむ,흥얼거리다,JLPT_1 JLPT,v#IdlQfu^;,好きな歌を口吟みながら歩いた。,すきなうたをくちずさみながらあるいた。,좋아하는 노래를 흥얼거리며 걸었다.
嘴,くちばし,부리,JLPT_1 JLPT,q5`l.teeRT,鳥が嘴で木の実をつついた。,とりがくちばしでこのみをつついた。,새가 부리로 나무 열매를 쪼았다.
朽ちる,くちる,썩다·허망하게 끝나다,JLPT_1 JLPT,y1>SUYnb]m,古い木の柱が雨風で朽ちていた。,ふるいきのはしらがあめかぜでくちていた。,오래된 나무 기둥이 비바람에 썩어 있었다.
覆す,くつがえす,뒤엎다·번복하다,JLPT_1 JLPT,zp<0lkXp[6,新しい証拠が判決を覆した。,あたらしいしょうこがはんけつをくつがえした。,새로운 증거가 판결을 뒤집었다.
くっきり,くっきり,뚜렷이·선명히,JLPT_1 JLPT,A%/]?I_gyZ,山の輪郭が夕空にくっきり見えた。,やまのりんかくがゆうぞらにくっきりみえた。,산의 윤곽이 저녁 하늘에 선명히 보였다.
屈折,くっせつ,굴절,JLPT_1 JLPT,0E4`Ur@Ig,光は水に入るときに屈折する。,ひかりはみずにはいるときにくっせつする。,빛은 물속에 들어갈 때 굴절한다.
ぐっと,ぐっと,훨씬·쑥·단숨에,JLPT_1 JLPT,G/n$rvRj#F,駅ができて町がぐっと便利になった。,えきができてまちがぐっとべんりになった。,역이 생겨 마을이 훨씬 편리해졌다.
首飾り,くびかざり,목걸이,JLPT_1 JLPT,"qFdJV,o7Z~",彼女は銀の首飾りを身に着けていた。,かのじょはぎんのくびかざりをみにつけていた。,그녀는 은목걸이를 하고 있었다.
首輪,くびわ,목걸이·개 목줄,JLPT_1 JLPT,"r$gf,6IuJ/",犬の首輪に飼い主の名前が書いてある。,いぬのくびわにかいぬしのなまえがかいてある。,개의 목줄에 주인의 이름이 적혀 있다.
組み込む,くみこむ,짜 넣다·포함시키다,JLPT_1 JLPT,N5}[0JLW]q,新しい機能を既存のシステムに組み込む。,あたらしいきのうをきそんのしすてむにくみこむ。,새 기능을 기존 시스템에 포함한다.
組み合わせる,くみあわせる,조합하다·맞추다,JLPT_1 JLPT,qDs6:%T/3U,青と白の服をうまく組み合わせた。,あおとしろのふくをうまくくみあわせた。,파란색과 흰색 옷을 잘 조합했다.
蔵,くら,창고,JLPT_1 JLPT,C=*)4H{doV,蔵には古い道具が保管されている。,くらにはふるいどうぐがほかんされている。,창고에는 오래된 도구가 보관되어 있다.
グレー,グレー,그레이·회색,JLPT_1 JLPT,k$7)oghP*m,空が次第にグレーに変わった。,そらがしだいにぐれーにかわった。,하늘이 점차 회색으로 변했다.
クレーン,クレーン,크레인,JLPT_1 JLPT,C(o|20rT;/,クレーンで重い鉄骨を持ち上げた。,くれーんでおもいてっこつをもちあげた。,크레인으로 무거운 철골을 들어 올렸다.
玄人,くろうと,전문가·숙련자,JLPT_1 JLPT,N5@#f;qR7F,この仕事は玄人でなければ難しい。,このしごとはくろうとでなければむずかしい。,이 일은 전문가가 아니면 어렵다.
黒字,くろじ,흑자,JLPT_1 JLPT,cw<1Zd}#`P,経費を削減して今年は黒字になった。,けいひをさくげんしてことしはくろじになった。,경비를 줄여 올해는 흑자가 되었다.
軍艦,ぐんかん,군함,JLPT_1 JLPT Intermediate_Japanese_Ln.8 Intermediate_Japanese,"j|9,<bl,`k",大型の軍艦が港に停泊している。,おおがたのぐんかんがみなとにていはくしている。,대형 군함이 항구에 정박해 있다.
軍事,ぐんじ,군사,JLPT_1 JLPT,O/|8of/=vE,両国の軍事協力が強化された。,りょうこくのぐんじきょうりょくがきょうかされた。,양국의 군사 협력이 강화되었다.
君主,くんしゅ,군주,JLPT_1 JLPT,stPJuiua;x,若い君主が国の改革を始めた。,わかいくんしゅがくにのかいかくをはじめた。,젊은 군주가 나라의 개혁을 시작했다.
群集,ぐんしゅう,군중,JLPT_1 JLPT,p4G>}yfC)@,大勢の人が駅前に群集した。,おおぜいのひとがえきまえにぐんしゅうした。,많은 사람이 역 앞에 모여들었다.
群衆,ぐんしゅう,군중,JLPT_1 JLPT,m)#YkIUhBb,群衆が広場を埋め尽くした。,ぐんしゅうがひろばをうめつくした。,군중이 광장을 가득 메웠다.
軍備,ぐんび,군비,JLPT_1 JLPT,Q<54bk-ZNv,国は軍備の縮小を進めている。,くにはぐんびのしゅくしょうをすすめている。,국가는 군비 축소를 추진하고 있다.
軍服,ぐんぷく,군복,JLPT_1 JLPT,puGrsq&TAP,兵士は式典で正式な軍服を着た。,へいしはしきてんでせいしきなぐんぷくをきた。,병사는 의식에서 정식 군복을 입었다.
芸,げい,예능·재주,JLPT_1 JLPT,zzMBfZ=xQL,彼は人を笑わせる芸に秀でている。,かれはひとをわらわせるげいにひいでている。,그는 사람을 웃기는 재주가 뛰어나다.
経過,けいか,경과,JLPT_1 JLPT,ok7SBPZ~(w,手術後の経過は順調だ。,しゅじゅつごのけいかはじゅんちょうだ。,수술 후 경과는 순조롭다.
軽快,けいかい,경쾌,JLPT_1 JLPT,H^eby;)zOc,軽快な音楽に合わせて踊った。,けいかいなおんがくにあわせておどった。,경쾌한 음악에 맞춰 춤췄다.
警戒,けいかい,경계,JLPT_1 JLPT,IlUsDbGTyB,警察は周辺を厳重に警戒している。,けいさつはしゅうへんをげんじゅうにけいかいしている。,경찰은 주변을 삼엄하게 경계하고 있다.
敬具,けいぐ,경구 (편지 끝인사),Intermediate_Japanese_Ln.4 JLPT_1 JLPT Intermediate_Japanese,B!lza1p.0?,手紙の末尾に「敬具」と記した。,てがみのまつびに「けいぐ」としるした。,편지 끝에 맺음말인 ‘敬具’를 적었다.
軽減,けいげん,경감,JLPT_1 JLPT,IbWZR<kR]W,新制度で子育ての負担が軽減された。,しんせいどでこそだてのふたんがけいげんされた。,새 제도로 육아 부담이 경감되었다.
掲載,けいさい,게재,JLPT_1 JLPT,bq$YateC|k,雑誌に私の写真が掲載された。,ざっしにわたしのしゃしんがけいさいされた。,잡지에 내 사진이 게재되었다.
傾斜,けいしゃ,경사,JLPT_1 JLPT,D&m-*([U$6,屋根の傾斜が急なので雪が落ちやすい。,やねのけいしゃがきゅうなのでゆきがおちやすい。,지붕 경사가 급해서 눈이 쉽게 미끄러져 내린다.
形成,けいせい,형성,JLPT_1 JLPT,"Q,O|6gZ,S_",幼少期の経験が人格を形成する。,ようしょうきのけいけんがじんかくをけいせいする。,유년기의 경험이 인격을 형성한다.
形勢,けいせい,형세,JLPT_1 JLPT,tT1?SPXi1I,後半に得点して試合の形勢が変わった。,こうはんにとくてんしてしあいのけいせいがかわった。,후반에 득점해 경기의 형세가 바뀌었다.
軽率,けいそつ,경솔,JLPT_1 JLPT,mC$8ZBGBhL,軽率な発言で信頼を失った。,けいそつなはつげんでしんらいをうしなった。,경솔한 발언으로 신뢰를 잃었다.
刑罰,けいばつ,형벌,JLPT_1 JLPT,h!JCwBz@T7,犯罪には法律に基づく刑罰が科される。,はんざいにはほうりつにもとづくけいばつがかされる。,범죄에는 법률에 따른 형벌이 부과된다.
経費,けいひ,경비,JLPT_1 JLPT,dA8rO;1&st,出張にかかった経費を精算した。,しゅっちょうにかかったけいひをせいさんした。,출장에 든 경비를 정산했다.
警部,けいぶ,경부 (경찰 계급),JLPT_1 JLPT,f~U_eCQcuj,警部が事件の捜査を指揮した。,けいぶがじけんのそうさをしきした。,경부가 사건 수사를 지휘했다.
転換,てんかん,전환,JLPT_1 JLPT,wq`yxTWAU4,会社は方針を大きく転換した。,かいしゃはほうしんをおおきくてんかんした。,회사는 방침을 크게 전환했다.
転居,てんきょ,전거·이사,JLPT_1 JLPT,fpa)5#xLl3,就職を機に郊外へ転居した。,しゅうしょくをきにこうがいへてんきょした。,취업을 계기로 교외로 이사했다.
転勤,てんきん,전근,JLPT_1 Intermediate_Japanese_Ln.14 JLPT Intermediate_Japanese,Cj#Grcg7-k,父は来月大阪支社へ転勤する。,ちちはらいげつおおさかししゃへてんきんする。,아버지는 다음 달 오사카 지사로 전근한다.
点検,てんけん,점검,JLPT_1 JLPT,nhsX!aB>^s,出発前に車の状態を点検した。,しゅっぱつまえにくるまのじょうたいをてんけんした。,출발 전에 차의 상태를 점검했다.
電源,でんげん,전원,JLPT_1 JLPT,"O,Y?B?G0AC",使用後は機械の電源を切ってください。,しようごはきかいのでんげんをきってください。,사용 후에는 기계의 전원을 꺼 주세요.
天国,てんごく,천국·파라다이스,JLPT_1 JLPT,y;7l~-6:U2,美しい海辺はまるで天国のようだった。,うつくしいうみべはまるでてんごくのようだった。,아름다운 바닷가는 마치 천국 같았다.
天才,てんさい,천재,JLPT_1 JLPT Intermediate_Japanese_Ln.8 Intermediate_Japanese,M=qf#].n@K,彼は数学の天才として知られている。,かれはすうがくのてんさいとしてしられている。,그는 수학 천재로 알려져 있다.
天災,てんさい,천재지변·재해,JLPT_1 JLPT,AbgU8k(]Fr,地震などの天災に備えて食料を蓄える。,じしんなどのてんさいにそなえてしょくりょうをたくわえる。,지진 같은 자연재해에 대비해 식량을 비축한다.
展示,てんじ,전시,JLPT_1 JLPT,BX?]-7Vf!l,博物館に古代の道具が展示されている。,はくぶつかんにこだいのどうぐがてんじされている。,박물관에 고대 도구가 전시되어 있다.
伝説,でんせつ,전설,JLPT_1 JLPT Intermediate_Japanese_Ln.8 Intermediate_Japanese,"Rdd+X!dSu,",この湖には竜が住むという伝説がある。,このみずうみにはりゅうがすむというでんせつがある。,이 호수에는 용이 산다는 전설이 있다.
点線,てんせん,점선,JLPT_1 JLPT,"FYT!)Y,6rw",切り取る部分を点線で囲んだ。,きりとるぶぶんをてんせんでかこんだ。,잘라 낼 부분을 점선으로 둘렀다.
転じる,てんじる,변하다·바꾸다,JLPT_1 JLPT,gk5Nvk`;hi,話題が農業から環境問題へと転じた。,わだいがのうぎょうからかんきょうもんだいへとてんじた。,화제가 농업에서 환경 문제로 바뀌었다.
転ずる,てんずる,변하다·바꾸다,JLPT_1 JLPT,CI_As5:EDn,方針を守りから攻めへ転ずる。,ほうしんをまもりからせめへてんずる。,방침을 수비에서 공격으로 전환한다.
天体,てんたい,천체,JLPT_1 JLPT,jiDJT?nAAw,夜空の天体を望遠鏡で観察した。,よぞらのてんたいをぼうえんきょうでかんさつした。,밤하늘의 천체를 망원경으로 관찰했다.
伝達,でんたつ,전달,JLPT_1 JLPT,Fu*Vb?uBII,変更内容を全社員に伝達した。,へんこうないようをぜんしゃいんにでんたつした。,변경 내용을 전 직원에게 전달했다.
天地,てんち,천지·세상,JLPT_1 JLPT,c+f-ty}$d!,天地を揺るがすような雷鳴が響いた。,てんちをゆるがすようならいめいがひびいた。,천지를 뒤흔드는 듯한 천둥소리가 울렸다.
てんで,てんで,전혀·도저히,JLPT_1 JLPT,iKsMS;CA<|,彼の説明は難しくててんで分からない。,かれのせつめいはむずかしくててんでわからない。,그의 설명은 어려워서 도무지 모르겠다.
転任,てんにん,전임,JLPT_1 JLPT,rZvBTuhiHO,部長は来月地方支社へ転任する。,ぶちょうはらいげつちほうししゃへてんにんする。,부장은 다음 달 지방 지사로 전근한다.
展望,てんぼう,전망,JLPT_1 JLPT,q|(m+;cCHK,山頂からの展望は素晴らしい。,さんちょうからのてんぼうはすばらしい。,산 정상에서의 전망은 훌륭하다.
伝来,でんらい,전래,JLPT_1 JLPT,"fDUHN*l8c,",この技術は大陸から伝来した。,このぎじゅつはたいりくからでんらいした。,이 기술은 대륙에서 전래되었다.
転落,てんらく,전락·굴러 떨어짐,JLPT_1 JLPT,Et(iYLp%EH,階段から転落して足をけがした。,かいだんからてんらくしてあしをけがした。,계단에서 굴러 떨어져 다리를 다쳤다.
問い合わせる,といあわせる,문의하다·조회하다,JLPT_1 JLPT,uvJB[75Tk},詳細は担当部署に問い合わせてください。,しょうさいはたんとうぶしょにといあわせてください。,자세한 내용은 담당 부서에 문의해 주세요.
当～,とう～,당~ (우리 ~),JLPT_1 JLPT,Mu?thgozeE,当社は環境保護に力を入れている。,とうしゃはかんきょうほごにちからをいれている。,당사는 환경 보호에 힘쓰고 있다.
胴,どう,몸통·몸체,JLPT_1 JLPT,hDa8pFJqm0,人形の胴に衣装を着せた。,にんぎょうのどうにいしょうをきせた。,인형의 몸통에 의상을 입혔다.
同意,どうい,동의·합의,JLPT_1 JLPT,j3r]HMmU>:,提案に同意して署名した。,ていあんにどういしてしょめいした。,제안에 동의하고 서명했다.
動員,どういん,동원,JLPT_1 JLPT,k#:gdO(AW5,行事の警備に多くの職員を動員した。,ぎょうじのけいびにおおくのしょくいんをどういんした。,행사 경비에 많은 직원을 동원했다.
同感,どうかん,동감,JLPT_1 JLPT,Bc/Cv&bn2c,私もその意見には全く同感だ。,わたしもそのいけんにはまったくどうかんだ。,나도 그 의견에 전적으로 동감한다.
陶器,とうき,도기·도자기,JLPT_1 JLPT,E}elXp_wGW,この地域では美しい陶器が作られる。,このちいきではうつくしいとうきがつくられる。,이 지역에서는 아름다운 도자기가 만들어진다.
討議,とうぎ,토의·토론,JLPT_1 JLPT,BjpsxE0AcR,委員会で新制度について討議した。,いいんかいでしんせいどについてとうぎした。,위원회에서 새 제도에 관해 토의했다.
動機,どうき,동기,JLPT_1 JLPT,PXaG&3fRlH,彼が転職した動機を尋ねた。,かれがてんしょくしたどうきをたずねた。,그가 이직한 동기를 물었다.
等級,とうきゅう,등급,JLPT_1 JLPT,vFpm6[P%2G,品質に応じて商品を三つの等級に分ける。,ひんしつにおうじてしょうひんをみっつのとうきゅうにわける。,품질에 따라 상품을 세 등급으로 나눈다.
同級,どうきゅう,동급,JLPT_1 JLPT,eqQ2)5CzED,彼とは高校で同級だった。,かれとはこうこうでどうきゅうだった。,그와는 고등학교 동급생이었다.
同居,どうきょ,동거,JLPT_1 JLPT,QKzH>2eq3/,祖母と同居して生活を支えている。,そぼとどうきょしてせいかつをささえている。,할머니와 함께 살며 생활을 돕고 있다.
登校,とうこう,등교,JLPT_1 JLPT,B([>~_d]8F,子どもたちは毎朝八時に登校する。,こどもたちはまいあさはちじにとうこうする。,아이들은 매일 아침 8시에 등교한다.
統合,とうごう,통합,JLPT_1 JLPT,ji0.^JH`^U,二つの部署を一つに統合した。,ふたつのぶしょをひとつにとうごうした。,두 부서를 하나로 통합했다.
動向,どうこう,동향,JLPT_1 JLPT,o.}lBa5|<`,市場の動向を注意深く見守る。,しじょうのどうこうをちゅういぶかくみまもる。,시장의 동향을 주의 깊게 지켜본다.
投資,とうし,투자,JLPT_1 JLPT,cy=[{o&!H$,将来を考えて新事業に投資した。,しょうらいをかんがえてしんじぎょうにとうしした。,장래를 생각해 새 사업에 투자했다.
同情,どうじょう,동정,JLPT_1 JLPT,"Mbh,O)Kv:",被災者に同情するだけでなく支援した。,ひさいしゃにどうじょうするだけでなくしえんした。,피해자를 동정하는 데 그치지 않고 지원했다.
道場,どうじょう,도장 (훈련 장소),JLPT_1 JLPT,OojlS!TK3i,毎週道場で柔道を練習している。,まいしゅうどうじょうでじゅうどうをれんしゅうしている。,매주 도장에서 유도를 연습하고 있다.
統制,とうせい,통제,JLPT_1 JLPT,K:r_8O#Kk`,政府は物価を厳しく統制した。,せいふはぶっかをきびしくとうせいした。,정부는 물가를 엄격히 통제했다.
当選,とうせん,당선·당첨,JLPT_1 JLPT,m]O74#<tB:,選挙で新人候補が当選した。,せんきょでしんじんこうほがとうせんした。,선거에서 신인 후보가 당선되었다.
逃走,とうそう,도주,JLPT_1 JLPT,lS-lTa3)4.,犯人は現場から車で逃走した。,はんにんはげんばからくるまでとうそうした。,범인은 현장에서 차로 도주했다.
統率,とうそつ,통솔,JLPT_1 JLPT,xpLjH)jf2X,監督は選手たちを巧みに統率した。,かんとくはせんしゅたちをたくみにとうそつした。,감독은 선수들을 능숙하게 통솔했다.
到達,とうたつ,도달,JLPT_1 JLPT,H#Flm1MG6>,ようやく山頂に到達した。,ようやくさんちょうにとうたつした。,마침내 산 정상에 도달했다.
統治,とうち,통치,JLPT_1 JLPT,F]R4doym8Q,王は長年その国を統治した。,おうはながねんそのくにをとうちした。,왕은 오랫동안 그 나라를 통치했다.
仕切る,しきる,칸을 막다·나누다·결산하다,JLPT_1 JLPT,G!$&r|A6Tu,ついたてで部屋を二つに仕切った。,ついたてでへやをふたつにしきった。,칸막이로 방을 둘로 나누었다.
資金,しきん,자금,JLPT_1 JLPT,l}_f:.$:^S,事業を始めるための資金を集めた。,じぎょうをはじめるためのしきんをあつめた。,사업을 시작하기 위한 자금을 모았다.
軸,じく,축·굴대,JLPT_1 JLPT,h+9$DC_v-#,地球は地軸を中心に回転する。,ちきゅうはちじくをちゅうしんにかいてんする。,지구는 지축을 중심으로 회전한다.
しくじる,しくじる,실수하다·실패하다,JLPT_1 JLPT,N22-lR<CJ#,大事な面接で緊張してしくじった。,だいじなめんせつできんちょうしてしくじった。,중요한 면접에서 긴장해 실수했다.
仕組,しくみ,구조·장치,JLPT_1 JLPT,zu6.9a/_f(,この機械が動く仕組みを説明した。,このきかいがうごくしくみをせつめいした。,이 기계가 작동하는 구조를 설명했다.
死刑,しけい,사형,JLPT_1 JLPT,d38&><SCHm,裁判所は被告に死刑を言い渡した。,さいばんしょはひこくにしけいをいいわたした。,법원은 피고에게 사형을 선고했다.
湿気る,しける,눅눅해지다·습기 차다,JLPT_1 JLPT,"j<,^YWvyDj",袋を開けたままにすると菓子が湿気る。,ふくろをあけたままにするとかしがしける。,봉지를 열어 두면 과자가 눅눅해진다.
施行,しこう,시행,JLPT_1 JLPT,MC~*r371(H,新しい法律は来月から施行される。,あたらしいほうりつはらいげつからしこうされる。,새 법률은 다음 달부터 시행된다.
思考,しこう,사고·생각,JLPT_1 JLPT,G|{{/)+LPZ,感情に流されず論理的に思考する。,かんじょうにながされずろんりてきにしこうする。,감정에 휩쓸리지 않고 논리적으로 사고한다.
志向,しこう,지향,JLPT_1 JLPT,O4`+5c5yv},彼は安定より挑戦を志向している。,かれはあんていよりちょうせんをしこうしている。,그는 안정보다 도전을 지향한다.
嗜好,しこう,기호·좋아함,JLPT_1 JLPT,z6!>1ULyhO,消費者の嗜好に合わせて商品を開発した。,しょうひしゃのしこうにあわせてしょうひんをかいはつした。,소비자의 기호에 맞춰 상품을 개발했다.
事項,じこう,사항,JLPT_1 Intermediate_Japanese_Ln.15 Intermediate_Japanese,p8bdtFtVNT,注意事項をよく読んでください。,ちゅういじこうをよくよんでください。,주의 사항을 잘 읽어 주세요.
時刻表,じこくひょう,시간표,JLPT_1 JLPT Intermediate_Japanese_Ln.10 Intermediate_Japanese,Fqowxp!1`},駅で電車の時刻表を確認した。,えきででんしゃのじこくひょうをかくにんした。,역에서 전철 시간표를 확인했다.
地獄,じごく,지옥,JLPT_1 JLPT,Dm&QxHR(%1,真夏の工事現場は地獄のような暑さだ。,まなつのこうじげんばはじごくのようなあつさだ。,한여름 공사 현장은 지옥 같은 더위다.
時差,じさ,시차,JLPT_1 JLPT,AEdcWK:0]/,海外との時差で眠くなった。,かいがいとのじさでねむくなった。,해외와의 시차 때문에 졸려졌다.
自在,じざい,자재·마음대로,JLPT_1 JLPT,sqc[jw93Mn,この道具は長さを自在に調節できる。,このどうぐはながさをじざいにちょうせつできる。,이 도구는 길이를 자유자재로 조절할 수 있다.
視察,しさつ,시찰,JLPT_1 JLPT,"B,vh!;ocAA",市長が新しい工場を視察した。,しちょうがあたらしいこうじょうをしさつした。,시장이 새 공장을 시찰했다.
資産,しさん,자산·재산,JLPT_1 JLPT,MI@T>IcVHN,土地や建物などの資産を管理する。,とちやたてものなどのしさんをかんりする。,토지와 건물 등의 자산을 관리한다.
支持,しじ,지지·후원,JLPT_1 JLPT,oo0YtJF4ck,多くの市民がその政策を支持した。,おおくのしみんがそのせいさくをしじした。,많은 시민이 그 정책을 지지했다.
自主,じしゅ,자주·자율,JLPT_1 JLPT,ARYI~qJT^l,学生の自主的な活動を尊重する。,がくせいのじしゅてきなかつどうをそんちょうする。,학생의 자주적인 활동을 존중한다.
自首,じしゅ,자수,JLPT_1 JLPT,qvNf_+tfMc,犯人は翌朝警察に自首した。,はんにんはよくあさけいさつにじしゅした。,범인은 다음 날 아침 경찰에 자수했다.
刺繍,ししゅう,자수,JLPT_1 JLPT,w_uSABGrgB,ハンカチに花の刺繍を施した。,はんかちにはなのししゅうをほどこした。,손수건에 꽃 자수를 놓았다.
市場,しじょう,시장,JLPT_1 JLPT,PAheY`kK%!,新商品を海外市場に投入した。,しんしょうひんをかいがいしじょうにとうにゅうした。,신상품을 해외 시장에 출시했다.
辞職,じしょく,사직,JLPT_1 JLPT,pwRmK+}S5n,責任を取って社長が辞職した。,せきにんをとってしゃちょうがじしょくした。,책임을 지고 사장이 사직했다.
雫,しずく,물방울,JLPT_1 JLPT,q+DG7K-9zr,葉の先から雨の雫が落ちた。,はのさきからあめのしずくがおちた。,잎 끝에서 빗방울이 떨어졌다.
システム,システム,시스템,JLPT_1 JLPT,QzGyU%s_=+,新しい予約システムを導入した。,あたらしいよやくしすてむをどうにゅうした。,새로운 예약 시스템을 도입했다.
沈める,しずめる,가라앉히다·침몰시키다,JLPT_1 JLPT,k#([X{>3G.,船員は古い船を沖に沈めた。,せんいんはふるいふねをおきにしずめた。,선원은 낡은 배를 먼바다에 가라앉혔다.
施設,しせつ,시설,JLPT_1 JLPT,NLo.Oj~LZQ,市内に高齢者向けの施設が開設された。,しないにこうれいしゃむけのしせつがかいせつされた。,시내에 고령자용 시설이 개설되었다.
事前,じぜん,사전·미리,JLPT_1 JLPT,"B`.[5%YoP,",参加には事前の申し込みが必要だ。,さんかにはじぜんのもうしこみがひつようだ。,참가하려면 사전 신청이 필요하다.
子息,しそく,자제·아들,JLPT_1 JLPT,FTUd?vlNr&,ご子息のご入学おめでとうございます。,ごしそくのごにゅうがくおめでとうございます。,아드님의 입학을 축하드립니다.
持続,じぞく,지속,JLPT_1 JLPT,z!R.0v{_I+,集中力を長時間持続させるのは難しい。,しゅうちゅうりょくをちょうじかんじぞくさせるのはむずかしい。,집중력을 장시간 지속하기는 어렵다.
自尊心,じそんしん,자존심,JLPT_1 JLPT,"db,ehs16g5",人前で侮辱されて自尊心が傷付いた。,ひとまえでぶじょくされてじそんしんがきずついた。,사람들 앞에서 모욕을 당해 자존심이 상했다.
慕う,したう,사모하다·그리워하다,JLPT_1 JLPT,Kg^oT02U+h,生徒たちは卒業後も恩師を慕っている。,せいとたちはそつぎょうごもおんしをしたっている。,학생들은 졸업 후에도 은사를 사모한다.
下心,したごころ,속셈·의도,JLPT_1 JLPT,yNAARsc60),親切に見えても彼には下心がある。,しんせつにみえてもかれにはしたごころがある。,친절해 보여도 그에게는 속셈이 있다.
下地,したじ,바탕·기초·준비,JLPT_1 JLPT,C0{8:(@F]r,経験が新しい仕事を学ぶ下地になった。,けいけんがあたらしいしごとをまなぶしたじになった。,경험이 새로운 일을 배우는 밑바탕이 되었다.
親しむ,したしむ,친해지다·친하게 지내다,JLPT_1 JLPT,]t:px`?.Z,幼い頃から自然に親しんできた。,おさないころからしぜんにしたしんできた。,어릴 때부터 자연과 친하게 지내 왔다.
下調べ,したしらべ,예비 조사·하조사,JLPT_1 JLPT,DxMjJ:J?n9,旅行先の交通を事前に下調べした。,りょこうさきのこうつうをじぜんにしたしらべした。,여행지의 교통을 미리 조사했다.
愛想,あいそう,붙임성·친절,JLPT JLPT_1,D5/lX+C:0I,店員は客に愛想よく応対した。,てんいんはきゃくにあいそうよくおうたいした。,점원은 손님에게 붙임성 있게 응대했다.
間柄,あいだがら,관계·사이,JLPT JLPT_1,r){:>bdZ&g,二人は何でも話せる間柄だ。,ふたりはなんでもはなせるあいだがらだ。,두 사람은 무엇이든 말할 수 있는 사이다.
合間,あいま,틈·사이,JLPT JLPT_1,"JUK537Y{:,",仕事の合間に短い休憩を取った。,しごとのあいまにみじかいきゅうけいをとった。,일하는 틈에 짧게 휴식했다.
敢えて,あえて,굳이·감히,JLPT JLPT_1,s1!E#AVJt2,危険を承知で敢えて挑戦した。,きけんをしょうちであえてちょうせんした。,위험을 알면서도 굳이 도전했다.
仰ぐ,あおぐ,우러러보다·우러르다·청하다,JLPT JLPT_1,jM1|yl:^{3,専門家に今後の指示を仰いだ。,せんもんかにこんごのしじをあおいだ。,전문가에게 향후 지시를 구했다.
垢,あか,때·더러움,JLPT JLPT_1,DBMz)Db=eM,入浴して体の垢を落とした。,にゅうよくしてからだのあかをおとした。,목욕해서 몸의 때를 씻어 냈다.
赤字,あかじ,적자,JLPT JLPT_1,HI03WP|@HB,売上が減って会社は赤字になった。,うりあげがへってかいしゃはあかじになった。,매출이 줄어 회사는 적자가 되었다.
明かす,あかす,밝히다·드러내다,JLPT JLPT_1,KwYk}cvf;4,彼は皆の前で秘密を明かした。,かれはみんなのまえでひみつをあかした。,그는 모두 앞에서 비밀을 밝혔다.
赤らむ,あからむ,붉어지다·발개지다,JLPT JLPT_1,j<sn*Q2&fX,恥ずかしさで彼女の頬が赤らんだ。,はずかしさでかのじょのほおがあからんだ。,부끄러움에 그녀의 뺨이 붉어졌다.
上がり,あがり,올라감·수입·마무리,JLPT JLPT_1,P4)VsPElC3,今日の仕事はこれで上がりだ。,きょうのしごとはこれであがりだ。,오늘 일은 이것으로 끝이다.
諦め,あきらめ,포기·단념,JLPT JLPT_1,t[6Mba+ksr,何度失敗しても諦めがつかなかった。,なんどしっぱいしてもあきらめがつかなかった。,몇 번 실패해도 포기할 수 없었다.
アクセル,アクセル,엑셀·가속 페달,JLPT JLPT_1,Ne4X+cGeo>,運転手はアクセルを強く踏んだ。,うんてんしゅはあくせるをつよくふんだ。,운전자는 가속 페달을 세게 밟았다.
悪どい,あくどい,악랄하다·지나치게 화려하다,JLPT JLPT_1,lc&@RDrWR_,弱者を狙う悪どい商売を許せない。,じゃくしゃをねらうあくどいしょうばいをゆるせない。,약자를 노리는 악랄한 장사를 용서할 수 없다.
顎,あご,턱,JLPT JLPT_1,Ptm5MS8ifU,転んで顎を地面にぶつけた。,ころんであごをじめんにぶつけた。,넘어져 턱을 땅에 부딪쳤다.
憧れ,あこがれ,동경·그리움,Intermediate_Japanese Intermediate_Japanese_Ln.8 JLPT JLPT_1,xBeDF#=-sz,海外で働くことは昔からの憧れだ。,かいがいではたらくことはむかしからのあこがれだ。,해외에서 일하는 것은 예전부터 동경해 온 일이다.
麻,あさ,삼·마,JLPT JLPT_1,w(rcEk/VmK,この布は麻で作られている。,このぬのはあさでつくられている。,이 천은 삼으로 만들어졌다.
痣∙黶,あざ,멍·반점,JLPT JLPT_1,d*;1c9:{uT,転んで膝に青い痣ができた。,ころんでひざにあおいあざができた。,넘어져 무릎에 파란 멍이 들었다.
浅ましい,あさましい,한심하다·비열하다,JLPT JLPT_1,s)pIL-ZA22,他人の失敗を喜ぶのは浅ましい。,たにんのしっぱいをよろこぶのはあさましい。,남의 실패를 기뻐하는 것은 비열하다.
欺く,あざむく,속이다·기만하다,JLPT JLPT_1,A$ma^<[.oV,巧みな話術で客を欺いた。,たくみなわじゅつできゃくをあざむいた。,교묘한 말솜씨로 손님을 속였다.
鮮やか,あざやか,선명함·또렷함,JLPT JLPT_1,NLW7^$tsZW,夕焼けが海を鮮やかに染めた。,ゆうやけがうみをあざやかにそめた。,저녁노을이 바다를 선명하게 물들였다.
嘲笑う,あざわらう,비웃다·조소하다,JLPT JLPT_1,JUQ*e7*7@1,失敗した仲間を嘲笑ってはいけない。,しっぱいしたなかまをあざわらってはいけない。,실패한 동료를 비웃어서는 안 된다.
悪しからず,あしからず,나쁘게 생각지 마십시오,JLPT JLPT_1,mzY7to>XD=,今回は欠席しますが悪しからず。,こんかいはけっせきしますがあしからず。,이번에는 결석하오니 나쁘게 생각하지 마십시오.
味わい,あじわい,맛·풍미,JLPT JLPT_1,AnF0/M>eGJ,この料理は素材本来の味わいがある。,このりょうりはそざいほんらいのあじわいがある。,이 요리에는 재료 본연의 풍미가 있다.
焦る,あせる,초조해하다·조바심내다,JLPT JLPT_1,CQ6a[yufGz,時間がなくても焦ってはいけない。,じかんがなくてもあせってはいけない。,시간이 없어도 초조해해서는 안 된다.
褪せる (こえが～),あせる (こえが～),바래다·퇴색하다,JLPT JLPT_1,z&GHas=YL$,古い写真は色が褪せていた。,ふるいしゃしんはいろがあせていた。,오래된 사진은 색이 바래 있었다.
値,あたい,값·가치,JLPT JLPT_1,npzK5/Lv`K,式の値を求めなさい。,しきのあたいをもとめなさい。,식의 값을 구하세요.
値する,あたいする,~할 만하다·가치가 있다,JLPT JLPT_1,ft<yLz[qaG,その勇気ある行動は称賛に値する。,そのゆうきあるこうどうはしょうさんにあたいする。,그 용기 있는 행동은 칭찬할 만하다.
悪化,あっか,악화,JLPT JLPT_1,sbr2W2n7MW,病状が急に悪化した。,びょうじょうがきゅうにあっかした。,병세가 갑자기 악화되었다.
扱い,あつかい,취급·대우,JLPT JLPT_1,mENSd|EXrx,荷物の扱いには十分注意してください。,にもつのあつかいにはじゅうぶんちゅういしてください。,짐을 다룰 때는 충분히 주의해 주세요.
呆気ない,あっけない,어이없다·싱겁다,JLPT JLPT_1,Ia5OpTaxp^,強豪チームは初戦で呆気なく敗れた。,きょうごうちーむはしょせんであっけなくやぶれた。,강팀은 첫 경기에서 어이없이 패했다.
あっさり,あっさり,담백하게·깨끗이·산뜻하게,JLPT JLPT_1,oXkv96df2[,この料理はあっさりしていて食べやすい。,このりょうりはあっさりしていてたべやすい。,이 요리는 담백해서 먹기 편하다.
斡旋,あっせん,알선·중개,JLPT JLPT_1,e&lS=AStXV,職業安定所に仕事を斡旋してもらった。,しょくぎょうあんていじょにしごとをあっせんしてもらった。,직업 안정소에서 일자리를 알선받았다.
圧倒,あっとう,압도,JLPT JLPT_1,K|Yu^{#OdF,相手を圧倒して決勝に進んだ。,あいてをあっとうしてけっしょうにすすんだ。,상대를 압도하고 결승에 진출했다.
圧迫,あっぱく,압박,JLPT JLPT_1,lV=]6c^zXy,腫瘍が神経を圧迫して痛みが出た。,しゅようがしんけいをあっぱくしていたみがでた。,종양이 신경을 압박해 통증이 생겼다.
誂える,あつらえる,주문하다·맞춤 제작하다,JLPT JLPT_1,w5:fR-]SC?,式に着る服を店で誂えた。,しきにきるふくをみせであつらえた。,식에 입을 옷을 가게에 맞춤 주문했다.
圧力,あつりょく,압력,JLPT JLPT_1,MjVQW+>`YR,周囲の圧力に負けず意見を貫いた。,しゅういのあつりょくにまけずいけんをつらぬいた。,주변의 압력에 굴하지 않고 의견을 관철했다.
当て,あて,기대·목표·의지함,JLPT JLPT_1,jo;`0^*cS-,彼の約束は当てにならない。,かれのやくそくはあてにならない。,그의 약속은 믿을 것이 못 된다.
～宛,～あて,~앞·~귀하,JLPT JLPT_1,FnD29QA$}R,会社宛に必要書類を郵送した。,かいしゃあてにひつようしょるいをゆうそうした。,회사 앞으로 필요한 서류를 우편 발송했다.
当て字,あてじ,아테지·한자의 뜻에 상관없이 음을 빌려 쓰는 표기,JLPT JLPT_1,"Q]8,F~AaiU",「珈琲」はコーヒーの当て字だ。,「こーひー」はこーひーのあてじだ。,‘珈琲’는 커피의 음을 빌린 한자 표기다.
跡継ぎ,あとつぎ,후계자·상속인,JLPT JLPT_1,FOSj&QueO&,長男が店の跡継ぎになった。,ちょうなんがみせのあとつぎになった。,장남이 가게의 후계자가 되었다.
後回し,あとまわし,뒤로 미룸,JLPT JLPT_1,gtJh53r?xb,面倒な仕事を後回しにしてはいけない。,めんどうなしごとをあとまわしにしてはいけない。,번거로운 일을 뒤로 미뤄서는 안 된다.
油絵,あぶらえ,유화,JLPT JLPT_1,D+4-`qnb~N,美術館で有名な油絵を鑑賞した。,びじゅつかんでゆうめいなあぶらえをかんしょうした。,미술관에서 유명한 유화를 감상했다.
アプローチ,アプローチ,어프로치·접근,JLPT JLPT_1,jEr0e9w(yl,別の角度から問題にアプローチした。,べつのかくどからもんだいにあぷろーちした。,다른 각도에서 문제에 접근했다.
あべこべ,あべこべ,거꾸로·반대,JLPT JLPT_1,"H,+X<T.gD6",靴を左右あべこべに履いていた。,くつをさゆうあべこべにはいていた。,신발을 좌우 반대로 신고 있었다.
甘える,あまえる,어리광 부리다·응석 부리다,JLPT JLPT_1,Ive+A5(inn,子どもは母親に甘えて抱っこを求めた。,こどもはははおやにあまえてだっこをもとめた。,아이는 엄마에게 응석을 부리며 안아 달라고 했다.
雨具,あまぐ,비구·우장·우비,JLPT JLPT_1,I?IUPpQj*?,雨に備えて雨具を持って出かけた。,あめにそなえてあまぐをもってでかけた。,비에 대비해 우비를 챙겨 나갔다.
甘口,あまくち,단맛·순한 맛,JLPT JLPT_1,RiEI$=-[gq,この酒は甘口で飲みやすい。,このさけはあまくちでのみやすい。,이 술은 단맛이 나서 마시기 편하다.
アマチュア,アマチュア,아마추어,JLPT JLPT_1,cX1.fT!T=M,彼はアマチュアだが腕前は高い。,かれはあまちゅあだがうでまえはたかい。,그는 아마추어지만 실력이 뛰어나다.
網,あみ,그물·망,JLPT JLPT_1,H|d6ZL#<h!,漁師が海に網を投げた。,りょうしがうみにあみをなげた。,어부가 바다에 그물을 던졌다.
操る,あやつる,조종하다·다루다,JLPT JLPT_1,NxyDR}@Pt9,熟練者が重機を巧みに操る。,じゅくれんしゃがじゅうきをたくみにあやつる。,숙련자가 중장비를 능숙하게 조종한다.
危ぶむ,あやぶむ,걱정하다·우려하다·의심하다,JLPT_1 JLPT,NLhG0QOC$/,大雨で大会の開催を危ぶむ声が出た。,おおあめでたいかいのかいさいをあやぶむこえがでた。,폭우로 대회 개최를 우려하는 목소리가 나왔다.
あやふや,あやふや,모호함·불확실함,JLPT_1 JLPT,LTY%:.1iV#,返事があやふやで本心が分からない。,へんじがあやふやでほんしんがわからない。,대답이 모호해서 진심을 알 수 없다.
過ち,あやまち,잘못·과오,JLPT_1 JLPT,tiN`@Or{&y,同じ過ちを繰り返してはならない。,おなじあやまちをくりかえしてはならない。,같은 잘못을 반복해서는 안 된다.
誤る,あやまる,실수하다·틀리다,JLPT_1 JLPT,y69Q^~B7be,操作を誤ってデータを消してしまった。,そうさをあやまってでーたをけしてしまった。,조작을 잘못해 데이터를 지워 버렸다.
歩み,あゆみ,걸음·진보·역사,JLPT_1 JLPT,d|SHU+C9ln,会社のこれまでの歩みを振り返った。,かいしゃのこれまでのあゆみをふりかえった。,회사가 지금까지 걸어온 길을 돌아봤다.
歩む,あゆむ,걷다,JLPT_1 JLPT,wd7~%O7i%s,二人は長い人生を共に歩んだ。,ふたりはながいじんせいをともにあゆんだ。,두 사람은 긴 인생을 함께 걸었다.
予め,あらかじめ,미리·사전에,JLPT_1 JLPT,M^Q%nck}}~,必要な資料を予め準備した。,ひつようなしりょうをあらかじめじゅんびした。,필요한 자료를 미리 준비했다.
荒らす,あらす,황폐하게 하다·어지럽히다,JLPT_1 JLPT,F`n@R=:)nH,観光客が立入禁止の花畑を荒らした。,かんこうきゃくがたちいりきんしのはなばたけをあらした。,관광객이 출입 금지된 꽃밭을 훼손했다.
争い,あらそい,다툼·싸움·분쟁,JLPT_1 JLPT,iM26j%{^}<,両国の争いは長年続いた。,りょうこくのあらそいはながねんつづいた。,양국의 분쟁은 오랫동안 이어졌다.
改まる,あらたまる,고쳐지다·새로워지다·격식을 차리다,JLPT_1 JLPT,POJ?~MwZC;,客が来ると父の口調は急に改まった。,きゃくがくるとちちのくちょうはきゅうにあらたまった。,손님이 오자 아버지의 말투가 갑자기 격식 있게 바뀌었다.
荒っぽい,あらっぽい,난폭한·거친,JLPT_1 JLPT,"b<,B2X1W>,",荒っぽい運転は事故の原因になる。,あらっぽいうんてんはじこのげんいんになる。,거친 운전은 사고의 원인이 된다.
アラブ,アラブ,아랍,JLPT_1 JLPT,w?fz6N5_8f,アラブの歴史について学んだ。,あらぶのれきしについてまなんだ。,아랍의 역사에 관해 배웠다.
霰,あられ,싸라기눈·우박,JLPT_1 JLPT,l3>xH[yiS~,急に霰が降って地面が白くなった。,きゅうにあられがふってじめんがしろくなった。,갑자기 싸라기눈이 내려 땅이 하얘졌다.
有り様,ありさま,모습·상태,JLPT_1 JLPT,riAt}Dj+*6,事故現場の悲惨な有り様に言葉を失った。,じこげんばのひさんなありさまにことばをうしなった。,사고 현장의 참혹한 모습에 말을 잃었다.
ありのまま,ありのまま,있는 그대로·사실대로,JLPT_1 JLPT,u#p2]kp|]n,見たことをありのまま話してください。,みたことをありのままはなしてください。,본 것을 있는 그대로 말해 주세요.
有り触れる,ありふれる,흔하다,JLPT_1 JLPT,L>m1Qj9_w`,これはどこにでもある有り触れた話だ。,これはどこにでもあるありふれたはなしだ。,이것은 어디에나 있는 흔한 이야기다.
アルカリ,アルカリ,알칼리,JLPT_1 JLPT,bjn}>(kN_4,石けんはアルカリ性を示す。,せっけんはあるかりせいをしめす。,비누는 알칼리성을 띤다.
アルミ,アルミ,알루미늄,JLPT_1 JLPT,hd2y8v&/eK,この缶は軽いアルミでできている。,このかんはかるいあるみでできている。,이 캔은 가벼운 알루미늄으로 만들어졌다.
アワー,アワー,시간·아워,JLPT_1 JLPT,mk~JH>ZLLt,夕方のニュースアワーを毎日見る。,ゆうがたのにゅーすあわーをまいにちみる。,매일 저녁 뉴스 시간대를 본다.
合わす,あわす,합치다·맞추다,JLPT_1 JLPT,NbeP;-&Q9x,二人で力を合わして荷物を運んだ。,ふたりでちからをあわしてにもつをはこんだ。,두 사람이 힘을 합쳐 짐을 옮겼다.
～合せ,～あわせ,합계·전부 합해서,JLPT_1 JLPT,txB~izZs$4,菓子の詰め合せを贈った。,かしのつめあわせをおくった。,과자 모음을 선물했다.
アンコール,アンコール,앙코르,JLPT_1 JLPT,Nor`ur!?#f,観客のアンコールに応えてもう一曲歌った。,かんきゃくのあんこーるにこたえてもういっきょくうたった。,관객의 앙코르에 응해 한 곡 더 불렀다.
暗殺,あんさつ,암살,JLPT_1 JLPT,k9nuX~0z?!,大統領を暗殺する計画が発覚した。,だいとうりょうをあんさつするけいかくがはっかくした。,대통령을 암살하려던 계획이 드러났다.
暗算,あんざん,암산,JLPT_1 JLPT,iVkFrF?o$Q,買い物の合計を暗算した。,かいもののごうけいをあんざんした。,구매 금액의 합계를 암산했다.
暗示,あんじ,암시,JLPT_1 JLPT,v]TQH!b:3E,彼の発言は辞任の可能性を暗示した。,かれのはつげんはじにんのかのうせいをあんじした。,그의 발언은 사임 가능성을 암시했다.
案じる,あんじる,걱정하다·궁리하다,JLPT_1 JLPT,A+tw-W2up/,遠くで暮らす家族の健康を案じる。,とおくでくらすかぞくのけんこうをあんじる。,멀리 사는 가족의 건강을 걱정한다.
安静,あんせい,안정·정양,JLPT_1 JLPT,m~/57eSA#(,手術後はしばらく安静にしてください。,しゅじゅつごはしばらくあんせいにしてください。,수술 후에는 당분간 안정을 취해 주세요.
案の定,あんのじょう,예상대로·아니나 다를까,JLPT_1 JLPT,hA}d;?>d]S,空が暗くなり案の定雨が降り出した。,そらがくらくなりあんのじょうあめがふりだした。,하늘이 어두워지더니 예상대로 비가 내리기 시작했다.
いい加減,いいかげん,적당히·무책임함·엉터리,JLPT_1 JLPT,m&1q/@m2Fo,いい加減な返事をしてはいけない。,いいかげんなへんじをしてはいけない。,무책임한 대답을 해서는 안 된다.
言い訳,いいわけ,변명·핑계,JLPT_1 JLPT,bHn3PYYDDh,遅刻した彼は苦しい言い訳をした。,ちこくしたかれはくるしいいいわけをした。,지각한 그는 궁색한 변명을 했다.
イェス,イェス,예스·네·예수,JLPT_1 JLPT,JNh+4Yr8ef,質問にイェスと答えた。,しつもんにいぇすとこたえた。,질문에 예라고 답했다.
家出,いえで,가출,JLPT_1 JLPT,Q=S6%hckV-,少年は親と口論して家出した。,しょうねんはおやとこうろんしていえでした。,소년은 부모와 말다툼하고 가출했다.
生かす,いかす,살리다·활용하다,JLPT_1 JLPT,I!~Ls+W17l,留学経験を仕事に生かした。,りゅうがくけいけんをしごとにいかした。,유학 경험을 업무에 활용했다.
いかに,いかに,어떻게·어느 정도로,JLPT_1 JLPT,wc[[YL_8xy,睡眠がいかに大切かを実感した。,すいみんがいかにたいせつかをじっかんした。,수면이 얼마나 중요한지 실감했다.
いかにも,いかにも,정말·참으로,JLPT_1 JLPT Intermediate_Japanese_Ln.13 Intermediate_Japanese,pGTXJh*xKy,彼はいかにも嬉しそうに笑った。,かれはいかにもうれしそうにわらった。,그는 정말 기쁜 듯이 웃었다.
異議,いぎ,이의,JLPT_1 JLPT,Ipl}wWGO>v,その決定に異議を唱えた。,そのけっていにいぎをとなえた。,그 결정에 이의를 제기했다.
生き甲斐,いきがい,삶의 보람,JLPT_1 JLPT,q|opo=i1Z%,人の役に立つことが私の生き甲斐だ。,ひとのやくにたつことがわたしのいきがいだ。,남에게 도움이 되는 것이 내 삶의 보람이다.
行き違い,いきちがい,엇갈림·오해,JLPT_1 JLPT,Kn3O$k3Ndh,連絡の行き違いで集合時間を間違えた。,れんらくのいきちがいでしゅうごうじかんをまちがえた。,연락이 엇갈려 집합 시간을 잘못 알았다.
意気込む,いきごむ,의기양양하다·열중하다,JLPT_1 JLPT,"uCP,dS?ITJ",選手たちは優勝を目指して意気込んでいる。,せんしゅたちはゆうしょうをめざしていきごんでいる。,선수들은 우승을 목표로 의욕에 차 있다.
育成,いくせい,육성,JLPT_1 JLPT,xgDyhh?MvF,若手技術者の育成に力を入れる。,わかてぎじゅつしゃのいくせいにちからをいれる。,젊은 기술자 육성에 힘을 쏟는다.
幾多,いくた,허다함·수많은,JLPT_1 JLPT,sVgAdcK5_K,幾多の困難を乗り越えて完成させた。,いくたのこんなんをのりこえてかんせいさせた。,수많은 어려움을 극복하고 완성했다.
"(花を〜) 生ける, 活ける",(はなを～) いける,(꽃을) 꽂다·살리다,JLPT JLPT_1 MediaMissing,"cEGS[d,K$s",花瓶に季節の花を生けた。,かびんにきせつのはなをいけた。,꽃병에 계절 꽃을 꽂았다.
異見,いけん,이견·다른 의견,JLPT_1 JLPT,C`nnyFMEP*,方針を巡って委員から異見が出た。,ほうしんをめぐっていいんからいけんがでた。,방침을 두고 위원에게서 다른 의견이 나왔다.
意向,いこう,의향,JLPT_1 JLPT,c<RmCn8fq1,本人の意向を確認してから決める。,ほんにんのいこうをかくにんしてからきめる。,본인의 의향을 확인한 뒤 결정한다.
移行,いこう,이행·바뀜,JLPT_1 JLPT,zCUU7WXKx4,紙の申請から電子申請へ移行した。,かみのしんせいからでんししんせいへいこうした。,종이 신청에서 전자 신청으로 이행했다.
いざ,いざ,자·막상·만일의 경우,JLPT_1 JLPT,i:/h1W-xdl,いざ出発となると不安になった。,いざしゅっぱつとなるとふあんになった。,막상 출발하려니 불안해졌다.
移住,いじゅう,이주,JLPT_1 JLPT,yfmy@>bgJz,家族で地方へ移住した。,かぞくでちほうへいじゅうした。,가족과 함께 지방으로 이주했다.
衣装,いしょう,의상,JLPT_1 JLPT,JM:)/^6vfs,舞台で着る衣装を準備した。,ぶたいできるいしょうをじゅんびした。,무대에서 입을 의상을 준비했다.
弄る,いじる,만지다·만지작거리다,JLPT_1 JLPT,9Nx^_^#j8,機械を勝手に弄らないでください。,きかいをかってにいじらないでください。,기계를 함부로 만지지 마세요.
異性,いせい,이성 (다른 성별),JLPT_1 JLPT,c(LysD`~z],異性の友人と映画を見に行った。,いせいのゆうじんとえいがをみにいった。,이성 친구와 영화를 보러 갔다.
遺跡,いせき,유적,JLPT_1 JLPT,FHxuAULxsj,山中の遺跡で古い住居跡を調査した。,さんちゅうのいせきでふるいじゅうきょあとをちょうさした。,산속 유적에서 오래된 주거 흔적을 조사했다.
依存,いぞん,의존,JLPT_1 JLPT,vHQ}.~FHmp,輸入に依存しない生産体制を目指す。,ゆにゅうにいぞんしないせいさんたいせいをめざす。,수입에 의존하지 않는 생산 체제를 지향한다.
委託,いたく,위탁,JLPT_1 JLPT,"JRy,(Dx:,n",配送業務を専門会社に委託した。,はいそうぎょうむをせんもんがいしゃにいたくした。,배송 업무를 전문 회사에 위탁했다.
いたって,いたって,매우·몹시·극히,JLPT_1 JLPT,%<{<.)4xj,祖父は高齢だがいたって元気だ。,そふはこうれいだがいたってげんきだ。,할아버지는 고령이지만 매우 건강하시다.
出世,しゅっせ,출세,JLPT_1 JLPT,"E,W%,6&bwX",彼は努力を重ねて若くして出世した。,かれはどりょくをかさねてわかくしてしゅっせした。,그는 노력한 끝에 젊은 나이에 출세했다.
出題,しゅつだい,출제,JLPT_1 JLPT,s9z]c<[6wR,試験には基礎問題が多く出題された。,しけんにはきそもんだいがおおくしゅつだいされた。,시험에는 기초 문제가 많이 출제되었다.
出動,しゅつどう,출동,JLPT_1 JLPT,DVV5Q3:VIK,通報を受けて消防車が出動した。,つうほうをうけてしょうぼうしゃがしゅつどうした。,신고를 받고 소방차가 출동했다.
出費,しゅっぴ,지출·비용,JLPT_1 JLPT,t(JNS{XhuZ,引っ越しで予想外の出費が増えた。,ひっこしでよそうがいのしゅっぴがふえた。,이사로 예상 밖의 지출이 늘었다.
出品,しゅっぴん,출품,JLPT_1 JLPT,w}1f=TEQZ|,自作の絵を展覧会に出品した。,じさくのえをてんらんかいにしゅっぴんした。,직접 그린 그림을 전시회에 출품했다.
主導,しゅどう,주도,JLPT_1 JLPT,"d-6;%xC,V(",住民が主導して町の祭りを開いた。,じゅうみんがしゅどうしてまちのまつりをひらいた。,주민이 주도해 마을 축제를 열었다.
主任,しゅにん,주임,JLPT_1 JLPT Intermediate_Japanese_Ln.8 Intermediate_Japanese,P`pi2j!/Zn,主任が新人に仕事を説明した。,しゅにんがしんじんにしごとをせつめいした。,주임이 신입에게 업무를 설명했다.
首脳,しゅのう,수뇌·지도자,JLPT_1 JLPT,mH>udydI<),両国の首脳が和平について話し合った。,りょうこくのしゅのうがわへいについてはなしあった。,양국 정상이 평화에 관해 논의했다.
守備,しゅび,수비,JLPT_1 JLPT,QyYK8_+Gx6,この選手は守備がとても上手い。,このせんしゅはしゅびがとてもうまい。,이 선수는 수비를 매우 잘한다.
手法,しゅほう,수법·기법,JLPT_1 JLPT,fWl){e*%x`,独自の手法で問題を解決した。,どくじのしゅほうでもんだいをかいけつした。,독자적인 기법으로 문제를 해결했다.
樹木,じゅもく,수목·나무,JLPT_1 JLPT,A6EcuVTEn~,公園の樹木を定期的に手入れする。,こうえんのじゅもくをていきてきにていれする。,공원의 나무를 정기적으로 관리한다.
樹立,じゅりつ,수립,JLPT_1 JLPT,<gHQ~x_IM,両国は正式な外交関係を樹立した。,りょうこくはせいしきながいこうかんけいをじゅりつした。,양국은 정식 외교 관계를 수립했다.
準急,じゅんきゅう,준급행,JLPT_1 JLPT,s!T{c]d?zv,次の駅で準急に乗り換える。,つぎのえきでじゅんきゅうにのりかえる。,다음 역에서 준급행으로 갈아탄다.
準じる,じゅんじる,준하다·따르다,JLPT_1 JLPT,j=V@~uS;G4,正社員に準じる待遇を受ける。,せいしゃいんにじゅんじるたいぐうをうける。,정사원에 준하는 대우를 받는다.
～署,～しょ,~서 (경찰서 등 관청),JLPT_1 JLPT,A<!E3T_0vF,盗難届を警察署に提出した。,とうなんとどけをけいさつしょにていしゅつした。,도난 신고서를 경찰서에 제출했다.
～症,～しょう,~증 (질병),JLPT_1 JLPT,y^!rJ~5v8t,医師は彼を花粉症と診断した。,いしはかれをかふんしょうとしんだんした。,의사는 그를 꽃가루 알레르기로 진단했다.
～証,～しょう,~증 (증명서),JLPT_1 JLPT,w[XPaJS[}z,受付で学生証を提示した。,うけつけでがくせいしょうをていじした。,접수처에서 학생증을 제시했다.
～嬢,～じょう,~양 (아가씨),JLPT_1 JLPT,P&R@B~a4:4,司会者は彼女を鈴木嬢と紹介した。,しかいしゃはかのじょをすずきじょうとしょうかいした。,사회자는 그녀를 스즈키 양이라고 소개했다.
上位,じょうい,상위,JLPT_1 JLPT,s<}P@-YNu`,上位三人が決勝に進んだ。,じょういさんにんがけっしょうにすすんだ。,상위 세 명이 결승에 진출했다.
上演,じょうえん,상연,JLPT_1 JLPT,Ih+PnzSX5U,来月この劇場で新作が上演される。,らいげつこのげきじょうでしんさくがじょうえんされる。,다음 달 이 극장에서 신작이 상연된다.
城下,じょうか,성하·성 근처 마을,JLPT_1 JLPT,FP&uiV(R^g,城下の町には古い道が残っている。,じょうかのまちにはふるいみちがのこっている。,성 주변 마을에는 옛길이 남아 있다.
消去,しょうきょ,소거·삭제,JLPT_1 JLPT,KIr]^O720X,不要な記録を端末から消去した。,ふようなきろくをたんまつからしょうきょした。,불필요한 기록을 단말기에서 삭제했다.
上空,じょうくう,상공,JLPT_1 JLPT,AT)AL!}Jds,飛行機が町の上空を通過した。,ひこうきがまちのじょうくうをつうかした。,비행기가 마을 상공을 통과했다.
衝撃,しょうげき,충격,JLPT_1 JLPT,rK5G)+e65!,突然の知らせに大きな衝撃を受けた。,とつぜんのしらせにおおきなしょうげきをうけた。,갑작스러운 소식에 큰 충격을 받았다.
証言,しょうげん,증언,JLPT_1 JLPT,s_3h<=-PI[,目撃者が法廷で事故について証言した。,もくげきしゃがほうていでじこについてしょうげんした。,목격자가 법정에서 사고에 관해 증언했다.
証拠,しょうこ,증거,JLPT_1 JLPT,H}OPDaDiwx,現場から重要な証拠が見つかった。,げんばからじゅうようなしょうこがみつかった。,현장에서 중요한 증거가 발견되었다.
照合,しょうごう,대조·확인,JLPT_1 JLPT,hlgHN62g|{,書類の番号を名簿と照合した。,しょるいのばんごうをめいぼとしょうごうした。,서류 번호를 명부와 대조했다.
詳細,しょうさい,상세·자세함,JLPT_1 JLPT,K:oLa1D.!N,計画の詳細は明日説明します。,けいかくのしょうさいはあしたせつめいします。,계획의 상세 내용은 내일 설명하겠습니다.
上昇,じょうしょう,상승,JLPT_1 JLPT,sWkm1|AEBC,原材料の価格が急に上昇した。,げんざいりょうのかかくがきゅうにじょうしょうした。,원자재 가격이 갑자기 상승했다.
昇進,しょうしん,승진,JLPT_1 JLPT,d~xF3H=[az,兄は来月課長に昇進する。,あにはらいげつかちょうにしょうしんする。,형은 다음 달 과장으로 승진한다.
称する,しょうする,칭하다·부르다,JLPT_1 JLPT,tSb%>:%%!V,彼は自らを芸術家と称している。,かれはみずからをげいじゅつかとしょうしている。,그는 스스로를 예술가라고 칭한다.
情勢,じょうせい,정세·상황,JLPT_1 JLPT,MJ1D.[x{)c,国際情勢は急速に変化している。,こくさいじょうせいはきゅうそくにへんかしている。,국제 정세는 빠르게 변하고 있다.
消息,しょうそく,소식,JLPT_1 JLPT,u6>otPY%%b,海外へ行った友人の消息が途絶えた。,かいがいへいったゆうじんのしょうそくがとだえた。,해외로 간 친구의 소식이 끊겼다.
承諾,しょうだく,승낙,JLPT_1 JLPT,qBKI4V%6RZ,両親の承諾を得て留学した。,りょうしんのしょうだくをえてりゅうがくした。,부모님의 승낙을 받고 유학했다.
情緒,じょうちょ,정서·감정,JLPT_1 JLPT,k3To8MWJIl,古い町並みには独特の情緒がある。,ふるいまちなみにはどくとくのじょうちょがある。,오래된 거리에는 독특한 정취가 있다.
情緒,じょうしょ,정서·감정,JLPT_1 JLPT,tX-.yH%tsu,詩を読んで豊かな情緒を育てる。,しをよんでゆたかなじょうしょをそだてる。,시를 읽으며 풍부한 정서를 기른다.
象徴,しょうちょう,상징,JLPT_1 JLPT,Nr_Pr2R$>-,桜は日本の春を象徴する花だ。,さくらはにほんのはるをしょうちょうするはなだ。,벚꽃은 일본의 봄을 상징하는 꽃이다.
小児科,しょうにか,소아과,JLPT_1 JLPT,BV(PyO5`Xp,子どもが熱を出したので小児科へ行った。,こどもがねつをだしたのでしょうにかへいった。,아이가 열이 나서 소아과에 갔다.
使用人,しようにん,고용인·하인,JLPT_1 JLPT,LygcFyOci?,その屋敷には多くの使用人が働いていた。,そのやしきにはおおくのしようにんがはたらいていた。,그 저택에는 많은 고용인이 일하고 있었다.
情熱,じょうねつ,정열·열정,JLPT_1 JLPT,I{iqV8B>VE,彼は教育に強い情熱を注いでいる。,かれはきょういくにつよいじょうねつをそそいでいる。,그는 교육에 강한 열정을 쏟고 있다.
譲歩,じょうほ,양보,JLPT_1 JLPT,qTRRmo8`cg,双方が少しずつ譲歩して合意した。,そうほうがすこしずつじょうほしてごういした。,양측이 조금씩 양보해 합의했다.
条約,じょうやく,조약,JLPT_1 JLPT Intermediate_Japanese_Ln.8 Intermediate_Japanese,mBj5_YKg@T,両国は平和条約に署名した。,りょうこくはへいわじょうやくにしょめいした。,양국은 평화 조약에 서명했다.
勝利,しょうり,승리,JLPT_1 JLPT,G@C3MHqMp~,チームは決勝で見事な勝利を収めた。,ちーむはけっしょうでみごとなしょうりをおさめた。,팀은 결승에서 멋진 승리를 거뒀다.
上陸,じょうりく,상륙,JLPT_1 JLPT,P?*6mTt|Ou,調査隊が無人島に上陸した。,ちょうさたいがむじんとうにじょうりくした。,조사대가 무인도에 상륙했다.
蒸溜,じょうりゅう,증류,JLPT_1 JLPT,N0wHhg4iZ},酒は発酵後に蒸溜して作られる。,さけははっこうごにじょうりゅうしてつくられる。,술은 발효 후 증류해서 만든다.
奨励,しょうれい,장려,JLPT_1 JLPT,m8|HwkmQWl,国は省エネルギー製品の利用を奨励している。,くにはしょうえねるぎーせいひんのりようをしょうれいしている。,국가는 에너지 절약 제품의 이용을 장려하고 있다.
ショー,ショー,쇼,JLPT_1 JLPT,i~@270zDDg,週末に華やかなダンスショーを見た。,しゅうまつにはなやかなだんすしょーをみた。,주말에 화려한 댄스 쇼를 봤다.
除外,じょがい,제외,JLPT_1 JLPT,An-_sCcDl?,条件に合わない応募者は審査から除外された。,じょうけんにあわないおうぼしゃはしんさからじょがいされた。,조건에 맞지 않는 지원자는 심사에서 제외되었다.
職員,しょくいん,직원,JLPT_1 JLPT,"c/)%MF,^yx",市の職員が窓口で対応した。,しのしょくいんがまどぐちでたいおうした。,시 직원이 창구에서 응대했다.
植民地,しょくみんち,식민지,JLPT_1 JLPT,pqv+nRs.EA,その国はかつて他国の植民地だった。,そのくにはかつてたこくのしょくみんちだった。,그 나라는 과거 다른 나라의 식민지였다.
職務,しょくむ,직무,JLPT_1 JLPT,M%7$<MDK;D,公務員は職務を公正に遂行すべきだ。,こうむいんはしょくむをこうせいにすいこうすべきだ。,공무원은 직무를 공정하게 수행해야 한다.
諸君,しょくん,제군 (여러분),JLPT_1 JLPT,w8&8<Oq8q1,諸君の今後の活躍を期待している。,しょくんのこんごのかつやくをきたいしている。,여러분의 앞으로의 활약을 기대한다.
助言,じょげん,조언,JLPT_1 JLPT Intermediate_Japanese Intermediate_Japanese_Ln.11,jgva&{5Yv},専門家の助言に従って計画を修正した。,せんもんかのじょげんにしたがってけいかくをしゅうせいした。,전문가의 조언에 따라 계획을 수정했다.
徐行,じょこう,서행,JLPT_1 JLPT,1}h4@}[.},学校の前では車を徐行してください。,がっこうのまえではくるまをじょこうしてください。,학교 앞에서는 차를 서행해 주세요.
所在,しょざい,소재 (장소),JLPT_1 JLPT,HYCS:(5sD5,盗まれた品の所在が判明した。,ぬすまれたしなのしょざいがはんめいした。,도난당한 물품의 소재가 밝혀졌다.
所持,しょじ,소지 (가짐),JLPT_1 JLPT,FFV#Fu]e{M,危険物の所持は法律で禁じられている。,きけんぶつのしょじはほうりつできんじられている。,위험물 소지는 법률로 금지되어 있다.
所属,しょぞく,소속,JLPT_1 JLPT,kcA;O>C=q2,私は営業部に所属している。,わたしはえいぎょうぶにしょぞくしている。,나는 영업부에 소속되어 있다.
処置,しょち,처치·조치,JLPT_1 JLPT,oElimwftu&,医師が傷口に適切な処置を施した。,いしがきずぐちにてきせつなしょちをほどこした。,의사가 상처에 적절한 처치를 했다.
しょっちゅう,しょっちゅう,늘·언제나,JLPT_1 JLPT,qt.$TI&_S;,彼はしょっちゅう鍵をなくす。,かれはしょっちゅうかぎをなくす。,그는 수시로 열쇠를 잃어버린다.
所定,しょてい,소정 (정해진 바),JLPT_1 JLPT,lE2*Emk;Hc,所定の用紙に必要事項を記入した。,しょていのようしにひつようじこうをきにゅうした。,정해진 용지에 필요한 사항을 기입했다.
所得,しょとく,소득,JLPT_1 JLPT,x{~.Tp:rb[,昨年の所得を税務署に申告した。,さくねんのしょとくをぜいむしょにしんこくした。,지난해 소득을 세무서에 신고했다.
処罰,しょばつ,처벌,JLPT_1 JLPT,"gNz:>*,MG$",規則に違反した者は厳しく処罰される。,きそくにいはんしたものはきびしくしょばつされる。,규칙을 위반한 사람은 엄하게 처벌받는다.
初版,しょはん,초판,JLPT_1 JLPT,fiRSr!;Y&A,この小説の初版は百年前に刊行された。,このしょうせつのしょはんはひゃくねんまえにかんこうされた。,이 소설의 초판은 백 년 전에 간행되었다.
書評,しょひょう,서평,JLPT_1 JLPT,x:`od~M8;V,新聞に新刊の書評が載った。,しんぶんにしんかんのしょひょうがのった。,신문에 신간 서평이 실렸다.
処分,しょぶん,처분,JLPT_1 JLPT,ob921zNQ/x,不要になった家具を処分した。,ふようになったかぐをしょぶんした。,필요 없어진 가구를 처분했다.
庶民,しょみん,서민,JLPT_1 JLPT,m?>)`ISejw,この祭りは昔から庶民に親しまれてきた。,このまつりはむかしからしょみんにしたしまれてきた。,이 축제는 예전부터 서민에게 사랑받아 왔다.
庶務,しょむ,서무,JLPT_1 JLPT,ibnBaKrH9N,庶務の担当者が備品を管理している。,しょむのたんとうしゃがびひんをかんりしている。,서무 담당자가 비품을 관리하고 있다.
所有,しょゆう,소유,JLPT_1 JLPT,M/&X&72l%L,彼は郊外に土地を所有している。,かれはこうがいにとちをしょゆうしている。,그는 교외에 토지를 소유하고 있다.
調べ,しらべ,조사·가락·조절,JLPT_1 JLPT,K1M}#OQ[$e,警察の調べで事件の経緯が明らかになった。,けいさつのしらべでじけんのけいいがあきらかになった。,경찰 조사로 사건의 경위가 밝혀졌다.
自立,じりつ,자립,JLPT_1 JLPT,AxK*wI27?U,若者の経済的な自立を支援する。,わかもののけいざいてきなじりつをしえんする。,젊은이의 경제적 자립을 지원한다.
記す,しるす,적다·기록하다,JLPT_1 JLPT,IY#:UXg$YC,旅の思い出を日記に記した。,たびのおもいでをにっきにしるした。,여행의 추억을 일기에 기록했다.
指令,しれい,지령,JLPT_1 JLPT,f3?Z1%=TF7,本部から直ちに撤退せよとの指令が出た。,ほんぶからただちにてったいせよとのしれいがでた。,본부에서 즉시 철수하라는 지령이 내려왔다.
～心,～しん,~심·~마음,JLPT_1 JLPT,jQ&{mv~mg},好奇心が新しい発見につながる。,こうきしんがあたらしいはっけんにつながる。,호기심이 새로운 발견으로 이어진다.
陣,じん,진·진영,JLPT_1 JLPT,P;NE${7wn9,敵の陣に攻め込んだ。,てきのじんにせめこんだ。,적진으로 쳐들어갔다.
進化,しんか,진화,JLPT_1 JLPT,N0sG+rp=}d,生物は環境に適応して進化する。,せいぶつはかんきょうにてきおうしてしんかする。,생물은 환경에 적응하며 진화한다.
人格,じんかく,인격,JLPT_1 JLPT,bv:L&X%{w_,能力より人格を重視して採用する。,のうりょくよりじんかくをじゅうししてさいようする。,능력보다 인격을 중시해 채용한다.
審議,しんぎ,심의,JLPT_1 JLPT,ljmGvuxGK[,法案は委員会で慎重に審議された。,ほうあんはいいんかいでしんちょうにしんぎされた。,법안은 위원회에서 신중히 심의되었다.
新婚,しんこん,신혼,JLPT_1 JLPT,kXZM5E]M1a,新婚の二人は新居で暮らし始めた。,しんこんのふたりはしんきょでくらしはじめた。,신혼부부는 새집에서 살기 시작했다.
審査,しんさ,심사,JLPT_1 JLPT,Aov$8-^cUL,応募作品を専門家が審査する。,おうぼさくひんをせんもんかがしんさする。,응모 작품을 전문가가 심사한다.
人材,じんざい,인재,JLPT_1 JLPT,C?4X*:ZTpD,優秀な人材を海外から採用した。,ゆうしゅうなじんざいをかいがいからさいようした。,우수한 인재를 해외에서 채용했다.
紳士,しんし,신사,JLPT_1 JLPT,x9OmT9u38P,彼は誰に対しても礼儀正しい紳士だ。,かれはだれにたいしてもれいぎただしいしんしだ。,그는 누구에게나 예의 바른 신사다.
真実,しんじつ,진실,JLPT_1 JLPT,oVA.}`H~AT,彼はついに事件の真実を語った。,かれはついにじけんのしんじつをかたった。,그는 마침내 사건의 진실을 말했다.
信者,しんじゃ,신자,JLPT_1 JLPT,xS[kK:ZdWC,多くの信者が寺に参拝した。,おおくのしんじゃがてらにさんぱいした。,많은 신자가 절에 참배했다.
真珠,しんじゅ,진주,JLPT_1 JLPT,AK4RS}QdNe,母から真珠の首飾りを譲り受けた。,ははからしんじゅのくびかざりをゆずりうけた。,어머니에게서 진주 목걸이를 물려받았다.
進出,しんしゅつ,진출,JLPT_1 Intermediate_Japanese_Ln.14 JLPT Intermediate_Japanese,K-D|x_JFrP,会社は来年海外市場に進出する。,かいしゃはらいねんかいがいしじょうにしんしゅつする。,회사는 내년 해외 시장에 진출한다.
心情,しんじょう,심정,JLPT_1 JLPT,PHxCA~>U^},遺族の心情を思うと言葉が出ない。,いぞくのしんじょうをおもうとことばがでない。,유족의 심정을 생각하면 말이 나오지 않는다.
新人,しんじん,신인,JLPT_1 JLPT,n<1jM&wYZ&,新人の歌手が大きな賞を受けた。,しんじんのかしゅがおおきなしょうをうけた。,신인 가수가 큰 상을 받았다.
神聖,しんせい,신성,JLPT_1 JLPT,N+v0O:SZ6<,この森は住民にとって神聖な場所だ。,このもりはじゅうみんにとってしんせいなばしょだ。,이 숲은 주민에게 신성한 장소다.
親善,しんぜん,친선,JLPT_1 JLPT,e$!ZsAnYeT,両国は親善試合を開いた。,りょうこくはしんぜんじあいをひらいた。,양국은 친선 경기를 열었다.
真相,しんそう,진상,JLPT_1 JLPT,"IQ@9>LJ,&M",警察は事件の真相を解明した。,けいさつはじけんのしんそうをかいめいした。,경찰은 사건의 진상을 규명했다.
迅速,じんそく,신속,JLPT_1 JLPT,g^-!|Cie-4,問い合わせに迅速に対応した。,といあわせにじんそくにたいおうした。,문의에 신속히 대응했다.
人体,じんたい,인체,JLPT_1 JLPT,wqIT;%IHe9,人体の構造を模型で学んだ。,じんたいのこうぞうをもけいでまなんだ。,인체의 구조를 모형으로 배웠다.
新築,しんちく,신축,JLPT_1 JLPT,Ozg8V>5l.l,駅前に図書館が新築された。,えきまえにとしょかんがしんちくされた。,역 앞에 도서관이 새로 지어졌다.
心中,しんじゅう,정사 (함께 자살함),JLPT_1 JLPT,H1pTQNX=9t,二人が心中を図った事件が報じられた。,ふたりがしんじゅうをはかったじけんがほうじられた。,두 사람이 함께 목숨을 끊으려 한 사건이 보도되었다.
進呈,しんてい,증정,JLPT_1 JLPT,CZ`K3:aqAR,ご来場の方に記念品を進呈します。,ごらいじょうのかたにきねんひんをしんていします。,방문객에게 기념품을 증정합니다.
進展,しんてん,진전,JLPT_1 JLPT,b(>k}9=qxl,交渉には大きな進展があった。,こうしょうにはおおきなしんてんがあった。,협상에 큰 진전이 있었다.
神殿,しんでん,신전,JLPT_1 JLPT,y(skY$ucA+,古代の神殿が砂漠で発見された。,こだいのしんでんがさばくではっけんされた。,고대 신전이 사막에서 발견되었다.
進度,しんど,진도,JLPT_1 JLPT,yu/)M8)V(L,授業の進度を生徒に合わせて調整する。,じゅぎょうのしんどをせいとにあわせてちょうせいする。,수업 진도를 학생에게 맞춰 조절한다.
振動,しんどう,진동,JLPT_1 JLPT,sad?lNEJ3g,地震で建物に強い振動が伝わった。,じしんでたてものにつよいしんどうがつたわった。,지진으로 건물에 강한 진동이 전해졌다.
新入生,しんにゅうせい,신입생,JLPT_1 Intermediate_Japanese_Ln.5 JLPT Intermediate_Japanese,x)<B[r6{jj,新入生が校門の前に集まった。,しんにゅうせいがこうもんのまえにあつまった。,신입생이 교문 앞에 모였다.
信任,しんにん,신임,JLPT_1 JLPT,"hWLnw4y,]t",議会は新首相への信任を示した。,ぎかいはしんしゅしょうへのしんにんをしめした。,의회는 새 총리에 대한 신임을 나타냈다.
神秘,しんぴ,신비,JLPT_1 JLPT,"N,Y7P[tIGQ",森の奥に自然の神秘を感じた。,もりのおくにしぜんのしんぴをかんじた。,숲 깊은 곳에서 자연의 신비를 느꼈다.
辛抱,しんぼう,참음·인내,JLPT_1 JLPT,uU~=4Y)qMA,苦しい時期を辛抱して乗り越えた。,くるしいじきをしんぼうしてのりこえた。,힘든 시기를 참고 견뎌 냈다.
人民,じんみん,인민,JLPT_1 JLPT,nAw=2?(bZX,政府は人民の生活を守る責任がある。,せいふはじんみんのせいかつをまもるせきにんがある。,정부는 인민의 생활을 지킬 책임이 있다.
侵略,しんりゃく,침략,JLPT_1 JLPT,hsxv1184OS,他国への侵略は決して許されない。,たこくへのしんりゃくはけっしてゆるされない。,다른 나라에 대한 침략은 결코 용납되지 않는다.
診療,しんりょう,진료,JLPT_1 JLPT,x1%iVb>rlb,この診療所では夜間診療も行っている。,このしんりょうじょではやかんしんりょうもおこなっている。,이 진료소에서는 야간 진료도 한다.
粋(粹),すい,순수·세련됨,JLPT_1 JLPT,zsq|f`1Yv,技術の粋を集めた建物が完成した。,ぎじゅつのすいをあつめたたてものがかんせいした。,기술의 정수를 모은 건물이 완성되었다.
水源,すいげん,수원·강의 근원,JLPT_1 JLPT,n/^g6e7/@{,この川は山奥の泉を水源としている。,このかわはやまおくのいずみをすいげんとしている。,이 강은 산속 깊은 샘을 수원으로 삼고 있다.
推進,すいしん,추진,JLPT_1 JLPT,"J08-VaUM,s",政府は行政のデジタル化を推進する。,せいふはぎょうせいのでじたるかをすいしんする。,정부는 행정의 디지털화를 추진한다.
吹奏,すいそう,취주 (관악기 연주),JLPT_1 JLPT,m]6xm=<uJ6,楽団が式典で国歌を吹奏した。,がくだんがしきてんでこっかをすいそうした。,악단이 의식에서 국가를 관악기로 연주했다.
推測,すいそく,추측,JLPT_1 JLPT,zvP)r1F]3S,状況から事故の原因を推測した。,じょうきょうからじこのげんいんをすいそくした。,상황을 바탕으로 사고 원인을 추측했다.
水田,すいでん,수전·논,JLPT_1 JLPT,v5ySQN]{G>,夏の水田に青い稲が育っている。,なつのすいでんにあおいいねがそだっている。,여름 논에서 푸른 벼가 자라고 있다.
推理,すいり,추리,JLPT_1 JLPT,jer`Bu/O84,手がかりを基に犯人を推理した。,てがかりをもとにはんにんをすいりした。,단서를 바탕으로 범인을 추리했다.
数詞,すうし,수사 (숫자),JLPT_1 JLPT,p</Ez{aJ5+,「一つ」は物の数を表す数詞だ。,「ひとつ」はもののかずをあらわすすうしだ。,‘ひとつ’는 사물의 수를 나타내는 수사다.
崇拝,すうはい,숭배,JLPT_1 JLPT,Hw_TI!gx2(,古代では太陽を崇拝する民族がいた。,こだいではたいようをすうはいするみんぞくがいた。,고대에는 태양을 숭배하는 민족이 있었다.
据え付ける,すえつける,설치하다·비치하다,JLPT_1 JLPT,BP/>6=lZh5,新しい機械を工場に据え付けた。,あたらしいきかいをこうじょうにすえつけた。,새 기계를 공장에 설치했다.
据える,すえる,놓다·설치하다,JLPT_1 JLPT,t!g&pW29AZ,部屋の中央に大きな机を据えた。,へやのちゅうおうにおおきなつくえをすえた。,방 중앙에 큰 책상을 놓았다.
すがすがしい,すがすがしい,상쾌하다·시원하다,JLPT_1 JLPT,rK/?@VVUlf,雨上がりの空気がすがすがしい。,あめあがりのくうきがすがすがしい。,비가 갠 뒤의 공기가 상쾌하다.
救い,すくい,구원·도움,JLPT_1 JLPT,qsOm7CX`b8,友人の言葉が心の救いになった。,ゆうじんのことばがこころのすくいになった。,친구의 말이 마음의 위안이 되었다.
すくう (みずを～),すくう (みずを～),(물을) 뜨다·퍼내다,JLPT_1 JLPT,iDqa!wq<Tq,ひしゃくで井戸の水をすくった。,ひしゃくでいどのみずをすくった。,바가지로 우물물을 떴다.
健やか,すこやか,건강한·정정한,JLPT_1 JLPT,"hH9J*t,rc_",子どもの健やかな成長を願う。,こどものすこやかなせいちょうをねがう。,아이의 건강한 성장을 바란다.
濯ぐ,すすぐ,헹구다·씻어내다,JLPT_1 JLPT,E0ffUY?7qt,洗った皿をきれいな水で濯いだ。,あらったさらをきれいなみずですすいだ。,씻은 접시를 깨끗한 물로 헹궜다.
進み,すすみ,진행·진보,JLPT_1 JLPT,p1:(iOmlNJ,工事の進みが予定より遅い。,こうじのすすみがよていよりおそい。,공사 진행이 예정보다 늦다.
裾,すそ,자락·옷자락,JLPT_1 JLPT,xF_(AQj}lF,ドレスの裾を踏まないように歩いた。,どれすのすそをふまないようにあるいた。,드레스 자락을 밟지 않도록 걸었다.
スタジオ,スタジオ,스튜디오,JLPT_1 JLPT,ic%[^BEKt/,スタジオで新曲を録音した。,すたじおでしんきょくをろくおんした。,스튜디오에서 신곡을 녹음했다.
スチーム,スチーム,스팀·증기,JLPT_1 JLPT,nXB;]AdyMC,スチームで衣服のしわを伸ばした。,すちーむでいふくのしわをのばした。,스팀으로 옷의 주름을 폈다.
ストライキ,ストライキ,파업 (스트라이크),JLPT_1 JLPT,nf-SMH*rKm,労働組合は来週ストライキを決行する。,ろうどうくみあいはらいしゅうすとらいきをけっこうする。,노동조합은 다음 주 파업을 결행한다.
スト,スト,파업 (스트라이키의 약어),JLPT_1 JLPT,oc==H8k2kf,従業員は待遇改善を求めてストに入った。,じゅうぎょういんはたいぐうかいぜんをもとめてすとにはいった。,종업원들은 처우 개선을 요구하며 파업에 들어갔다.
ストロー,ストロー,빨대·스트로,JLPT_1 JLPT,A.~AmwkH4Z,ジュースをストローで飲んだ。,じゅーすをすとろーでのんだ。,주스를 빨대로 마셨다.
ストロボ,ストロボ,스트로보·플래시,JLPT_1 JLPT,rNiv+g8N.Q,暗い室内でストロボをたいて撮影した。,くらいしつないですとろぼをたいてさつえいした。,어두운 실내에서 플래시를 터뜨려 촬영했다.
すばしこい,すばしこい,민첩한·재빠른,JLPT_1 JLPT,p[HsSa}_~h,リスはすばしこく木の上へ逃げた。,りすはすばしこくきのうえへにげた。,다람쥐는 재빠르게 나무 위로 달아났다.
素早い,すばやい,재빠른·민첩한,JLPT_1 JLPT,qLzUXrbxxM,彼は素早く危険を察知した。,かれはすばやくきけんをさっちした。,그는 재빨리 위험을 알아챘다.
ずばり,ずばり,딱 잘라·적중함,JLPT_1 JLPT,zNubn^c5m8,彼女は問題点をずばり指摘した。,かのじょはもんだいてんをずばりしてきした。,그녀는 문제점을 딱 잘라 지적했다.
スプリング,スプリング,스프링·봄,JLPT_1 JLPT,M&<1|Qyfm^,古いソファのスプリングが壊れた。,ふるいそふぁのすぷりんぐがこわれた。,낡은 소파의 스프링이 망가졌다.
スペース,スペース,스페이스·공간,JLPT_1 JLPT,"mfYc5:,T$)",机を置くスペースが足りない。,つくえをおくすぺーすがたりない。,책상을 놓을 공간이 부족하다.
ずぶ濡れ,ずぶぬれ,흠뻑 젖음,JLPT_1 JLPT,O=YLrvca-#,突然の雨でずぶ濡れになった。,とつぜんのあめでずぶぬれになった。,갑작스러운 비로 흠뻑 젖었다.
スポーツカー,スポーツカー,스포츠카,JLPT_1 JLPT,ILQ_{U)ioI,赤いスポーツカーが高速道路を走っている。,あかいすぽーつかーがこうそくどうろをはしっている。,빨간 스포츠카가 고속 도로를 달리고 있다.
澄ます,すます,맑게 하다·귀를 기울이다,JLPT_1 JLPT,o+[:%ypXAI,物音を聞こうと耳を澄ました。,ものおとをきこうとみみをすました。,무슨 소리가 나는지 들으려고 귀를 기울였다.
清ます,すます,맑게 하다·귀를 기울이다,JLPT_1 JLPT,gWgE<)O|pN,耳を清まして遠くの鐘を聞いた。,みみをすましてとおくのかねをきいた。,귀를 기울여 멀리서 울리는 종소리를 들었다.
済ます,すます,마치다·끝내다·해결하다,JLPT_1 JLPT,BI9b~SlUc1,面倒な手続きを午前中に済ました。,めんどうなてつづきをごぜんちゅうにすました。,번거로운 절차를 오전 중에 마쳤다.
速やか,すみやか,신속함·조속함,JLPT_1 JLPT,MC/)GM9mOK,異常があれば速やかに報告してください。,いじょうがあればすみやかにほうこくしてください。,이상이 있으면 신속히 보고해 주세요.
スラックス,スラックス,슬랙스,JLPT_1 JLPT,tpKEoAzoEC,仕事用に黒いスラックスを買った。,しごとようにくろいすらっくすをかった。,업무용으로 검은 슬랙스를 샀다.
ずらっと,ずらっと,쭉 늘어서서,JLPT_1 JLPT,GHI-Z0iw2Q,店先に客がずらっと並んでいた。,みせさきにきゃくがずらっとならんでいた。,가게 앞에 손님들이 쭉 늘어서 있었다.
ずるずる,ずるずる,질질·주르르,JLPT_1 JLPT,xPdB)weA$j,返事をずるずると引き延ばした。,へんじをずるずるとひきのばした。,답변을 질질 미뤘다.
ずれ,ずれ,차이·어긋남,JLPT_1 JLPT,ml<Cz:NIm9,二人の認識には大きなずれがある。,ふたりのにんしきにはおおきなずれがある。,두 사람의 인식에는 큰 차이가 있다.
すれちがい,すれちがい,엇갈림,JLPT_1 JLPT,h}n%.0]G*],忙しさから夫婦のすれちがいが増えた。,いそがしさからふうふのすれちがいがふえた。,바쁜 탓에 부부 사이의 엇갈림이 늘었다.
擦れる,すれる,스치다·마찰되다,JLPT_1 JLPT,y1pczASP(>,靴下が擦れて穴が開いた。,くつしたがすれてあながあいた。,양말이 닳아서 구멍이 났다.
すんなり,すんなり,매끄럽게·술술,JLPT_1 JLPT,c{rT9&J2OZ,交渉は意外にすんなりまとまった。,こうしょうはいがいにすんなりまとまった。,협상은 뜻밖에도 순조롭게 타결되었다.
生育,せいいく,생육·성장,JLPT_1 JLPT,A*eQ]~1bJ/,この苗は温暖な地域でよく生育する。,このなえはおんだんなちいきでよくせいいくする。,이 모종은 온난한 지역에서 잘 자란다.
成育,せいいく,성육·성장,JLPT_1 JLPT,A=.t}i>GW3,子どもの健全な成育を支援する。,こどものけんぜんなせいいくをしえんする。,아이의 건전한 성장을 지원한다.
成果,せいか,성과,JLPT_1 JLPT,BVYQfcf%9,長年の研究が大きな成果を上げた。,ながねんのけんきゅうがおおきなせいかをあげた。,오랜 연구가 큰 성과를 거두었다.
正解,せいかい,정답,JLPT_1 JLPT,Lt;.HzCJ&F,この問題の正解は一つではない。,このもんだいのせいかいはひとつではない。,이 문제의 정답은 하나가 아니다.
正義,せいぎ,정의,JLPT_1 JLPT,C*lSCCu$Is,彼は正義のために立ち上がった。,かれはせいぎのためにたちあがった。,그는 정의를 위해 일어섰다.
生計,せいけい,생계,JLPT_1 JLPT,sFe^vK-tW[,彼は漁業で家族の生計を立てている。,かれはぎょぎょうでかぞくのせいけいをたてている。,그는 어업으로 가족의 생계를 꾸리고 있다.
政権,せいけん,정권,JLPT_1 JLPT,ySl]BBHxv|,新しい政権が改革に着手した。,あたらしいせいけんがかいかくにちゃくしゅした。,새 정권이 개혁에 착수했다.
星座,せいざ,별자리,JLPT_1 JLPT,v8-]C(eL~-,星座の位置を星図で確かめた。,せいざのいちをせいずでたしかめた。,별자리의 위치를 별자리표로 확인했다.
制裁,せいさい,제재,JLPT_1 JLPT,"&>5Y-0M,/",国際社会はその国に経済制裁を科した。,こくさいしゃかいはそのくににけいざいせいさいをかした。,국제 사회는 그 나라에 경제 제재를 가했다.
政策,せいさく,정책,JLPT_1 JLPT,"hAD&H|lfX,",政府は新たな雇用政策を発表した。,せいふはあらたなこようせいさくをはっぴょうした。,정부는 새로운 고용 정책을 발표했다.
生死,せいし,생사·삶과 죽음,JLPT_1 JLPT,[jWyFv3NW,遭難者の生死はまだ確認されていない。,そうなんしゃのせいしはまだかくにんされていない。,조난자의 생사는 아직 확인되지 않았다.
静止,せいし,정지,JLPT_1 JLPT,o*g2}G_T7@,車両は線路上で静止していた。,しゃりょうはせんろじょうでせいししていた。,차량은 선로 위에 정지해 있었다.
誠実,せいじつ,성실,JLPT_1 JLPT,bL3/~B_@Jx,彼は誠実な態度で謝罪した。,かれはせいじつなたいどでしゃざいした。,그는 성실한 태도로 사과했다.
成熟,せいじゅく,성숙,JLPT_1 JLPT,mi&AvT*VW%,果実は夏の日差しを浴びて成熟する。,かじつはなつのひざしをあびてせいじゅくする。,과실은 여름 햇볕을 받아 성숙한다.
青春,せいしゅん,청춘,JLPT_1 JLPT,r1RCkb<y|$,彼は青春を音楽に捧げた。,かれはせいしゅんをおんがくにささげた。,그는 청춘을 음악에 바쳤다.
清純,せいじゅん,청순,JLPT_1 JLPT,ONr5>]A5d|,彼女は清純な印象で人気を集めた。,かのじょはせいじゅんないんしょうでにんきをあつめた。,그녀는 청순한 인상으로 인기를 끌었다.
聖書,せいしょ,성서·성경,JLPT_1 JLPT,Q@S9S%oEQ1,毎晩、聖書の一節を読む。,まいばん、せいしょのいっせつをよむ。,매일 밤 성경의 한 구절을 읽는다.
正常,せいじょう,정상,JLPT_1 JLPT,wA-k/9L$M{,点検後、機械は正常に動作した。,てんけんご、きかいはせいじょうにどうさした。,점검 후 기계는 정상적으로 작동했다.
制する,せいする,제압하다·억제하다,JLPT_1 JLPT,rf}l5O&Iya,王者は序盤から試合を制した。,おうじゃはじょばんからしあいをせいした。,챔피언은 초반부터 경기를 지배했다.
整然,せいぜん,정연함·질서정연,JLPT_1 JLPT,PN>H*K1;6z,本棚には資料が整然と並んでいる。,ほんだなにはしりょうがせいぜんとならんでいる。,책장에는 자료가 정연하게 놓여 있다.
盛装,せいそう,성장을 함·화려한 옷차림,JLPT_1 JLPT,"NT,a6{jkV^",式典には盛装して出席した。,しきてんにはせいそうしてしゅっせきした。,의식에는 정장을 차려입고 참석했다.
盛大,せいだい,성대함,JLPT_1 JLPT,oA#/^#fynU,創立百周年を盛大に祝った。,そうりつひゃくしゅうねんをせいだいにいわった。,창립 백 주년을 성대하게 축하했다.
清濁,せいだく,청탁·맑음과 흐림,JLPT_1 JLPT,LIBty_QSI!,指導者には清濁を併せのむ度量が要る。,しどうしゃにはせいだくをあわせのむどりょうがいる。,지도자에게는 좋고 나쁨을 함께 받아들이는 도량이 필요하다.
制定,せいてい,제정,JLPT_1 JLPT,w/{{PKSO-l,市は景観を守る条例を制定した。,しはけいかんをまもるじょうれいをせいていした。,시는 경관을 지키는 조례를 제정했다.
静的,せいてき,정적임·정적인,JLPT_1 JLPT,qS/}NK^[E0,静的な画像では動きを表しにくい。,せいてきながぞうではうごきをあらわしにくい。,정적인 이미지로는 움직임을 표현하기 어렵다.
製鉄,せいてつ,제철,JLPT_1 JLPT,q1#~15/jx^,この町は製鉄業で発展した。,このまちはせいてつぎょうではってんした。,이 도시는 제철업으로 발전했다.
晴天,せいてん,청천·맑은 날씨,JLPT_1 JLPT,O`AKp9t/nh,運動会の日は見事な晴天だった。,うんどうかいのひはみごとなせいてんだった。,운동회 날은 더없이 맑은 날씨였다.
正当,せいとう,정당함,JLPT_1 JLPT,KYfFW0c&^H,彼の主張には正当な理由がある。,かれのしゅちょうにはせいとうなりゆうがある。,그의 주장에는 정당한 이유가 있다.
制服,せいふく,제복·교복,JLPT_1 JLPT,KjpnwgIuCJ,生徒は学校指定の制服を着ている。,せいとはがっこうしていのせいふくをきている。,학생은 학교 지정 교복을 입고 있다.
征服,せいふく,정복,JLPT_1 JLPT,UI+/g3/T<,その帝国は周辺地域を征服した。,そのていこくはしゅうへんちいきをせいふくした。,그 제국은 주변 지역을 정복했다.
製法,せいほう,제법·만드는 법,JLPT_1 JLPT,r$Viif`6:S,職人から伝統的な製法を学んだ。,しょくにんからでんとうてきなせいほうをまなんだ。,장인에게 전통적인 제조법을 배웠다.
精密,せいみつ,정밀,JLPT_1 JLPT,k?w!_L!izK,精密な部品を専用の機械で加工する。,せいみつなぶひんをせんようのきかいでかこうする。,정밀한 부품을 전용 기계로 가공한다.
税務署,ぜいむしょ,세무서,JLPT_1 JLPT,cu&VjhU0YM,税金について税務署に相談した。,ぜいきんについてぜいむしょにそうだんした。,세금에 관해 세무서에 상담했다.
制約,せいやく,제약,JLPT_1 JLPT,eGs}Rjdjyu,予算の制約で計画を縮小した。,よさんのせいやくでけいかくをしゅくしょうした。,예산 제약으로 계획을 축소했다.
勢力,せいりょく,세력,JLPT_1 JLPT,jCKk=3Gx//,その企業は海外でも勢力を伸ばしている。,そのきぎょうはかいがいでもせいりょくをのばしている。,그 기업은 해외에서도 세력을 넓히고 있다.
整列,せいれつ,정렬,JLPT_1 JLPT,K=?{2[EdLY,生徒たちは校庭に整列した。,せいとたちはこうていにせいれつした。,학생들은 운동장에 줄지어 섰다.
セール,セール,세일·판매,JLPT_1 JLPT,bTb.7j.bY0,夏物を半額にするセールが始まった。,なつものをはんがくにするせーるがはじまった。,여름 상품을 반값에 파는 세일이 시작되었다.
急かす,せかす,재촉하다·서두르게 하다,JLPT_1 JLPT,r25!gS/G>A,母は支度が遅い私を急かした。,はははしたくがおそいわたしをせかした。,어머니는 준비가 늦는 나를 재촉했다.
伜(倅·悴),せがれ,아들 (자기 아들의 겸칭),JLPT_1 JLPT,CVmDxN*tGx,うちの伜は今年社会人になった。,うちのせがれはことししゃかいじんになった。,우리 아들은 올해 사회인이 되었다.
責務,せきむ,책무·의무,JLPT_1 JLPT,ct_SCVUYk9,医師には患者の命を守る責務がある。,いしにはかんじゃのいのちをまもるせきむがある。,의사에게는 환자의 생명을 지킬 책무가 있다.
セクション,セクション,섹션,JLPT_1 JLPT,oE+>)~hYZ>,報告書を三つのセクションに分けた。,ほうこくしょをみっつのせくしょんにわけた。,보고서를 세 개의 섹션으로 나눴다.
世辞,せじ,빈말·아첨,JLPT_1 JLPT,i2*b#^+2.G,お世辞と分かっていても嬉しかった。,おせじとわかっていてもうれしかった。,빈말인 줄 알면서도 기뻤다.
世帯,せたい,세대·가구,JLPT_1 JLPT,M;wkDh)_[-,この地域は単身世帯が増えている。,このちいきはたんしんせたいがふえている。,이 지역은 1인 가구가 늘고 있다.
是正,ぜせい,시정,JLPT_1 JLPT,r4z<%];90$,政府は地域間格差の是正に取り組む。,せいふはちいきかんかくさのぜせいにとりくむ。,정부는 지역 간 격차 시정에 힘쓴다.
世代,せだい,세대 (제너레이션),JLPT_1 JLPT,vXhkxYs)ro,若い世代ほど動画をよく利用する。,わかいせだいほどどうがをよくりようする。,젊은 세대일수록 동영상을 자주 이용한다.
切開,せっかい,절개,JLPT_1 JLPT,j3{#e(JGO?,医師は患部を切開して膿を取り除いた。,いしはかんぶをせっかいしてうみをとりのぞいた。,의사는 환부를 절개해 고름을 제거했다.
セックス,セックス,섹스·성별,JLPT_1 JLPT,p^XJZeb_m$,学校でセックスに関する正しい知識を学ぶ。,がっこうでせっくすにかんするただしいちしきをまなぶ。,학교에서 성관계에 관한 올바른 지식을 배운다.
切実,せつじつ,절실함·절박함,JLPT_1 JLPT,"b(%wDAP,4<",被災地では医療支援が切実に求められている。,ひさいちではいりょうしえんがせつじつにもとめられている。,재해 지역에서는 의료 지원이 절실히 요구되고 있다.
接触,せっしょく,접촉,JLPT_1 JLPT,euP9o6khjK,薬品が皮膚に接触しないよう注意する。,やくひんがひふにせっしょくしないようちゅういする。,약품이 피부에 닿지 않도록 주의한다.
接続詞,せつぞくし,접속사,JLPT_1 JLPT,jxx/dj^^[F,「しかし」は逆接の接続詞だ。,「しかし」はぎゃくせつのせつぞくしだ。,‘그러나’는 역접 접속사다.
設置,せっち,설치,JLPT_1 JLPT,dTa#ev1!lY,公園に新しいベンチが設置された。,こうえんにあたらしいべんちがせっちされた。,공원에 새 벤치가 설치되었다.
折衷,せっちゅう,절충,JLPT_1 JLPT,z.Jdo5|UwK,両案を折衷した計画を提案した。,りょうあんをせっちゅうしたけいかくをていあんした。,두 안을 절충한 계획을 제안했다.
設定,せってい,설정,JLPT_1 JLPT,EL[q3!y3K%,画面で通知の設定を変更した。,がめんでつうちのせっていをへんこうした。,화면에서 알림 설정을 변경했다.
説得,せっとく,설득,JLPT_1 JLPT,p@nzS4e%Pe,家族を説得して留学を決めた。,かぞくをせっとくしてりゅうがくをきめた。,가족을 설득해 유학을 결정했다.
切ない,せつない,애달프다·애절하다,JLPT_1 JLPT,Op2N@ZY@PL,故郷を離れるのは切ない。,ふるさとをはなれるのはせつない。,고향을 떠나는 것은 마음이 아프다.
絶版,ぜっぱん,절판,JLPT_1 JLPT,wscau>2!!B,この本は絶版で手に入らない。,このほんはぜっぱんでてにはいらない。,이 책은 절판되어 구할 수 없다.
設立,せつりつ,설립,JLPT_1 JLPT,nV|*LLs6}!,地域住民が新しい団体を設立した。,ちいきじゅうみんがあたらしいだんたいをせつりつした。,지역 주민들이 새로운 단체를 설립했다.
攻め,せめ,공격,JLPT_1 JLPT,lp+Bg:0JY+,後半は攻めに徹して逆転した。,こうはんはせめにてっしてぎゃくてんした。,후반에는 공격에 전념해 역전했다.
ゼリー,ゼリー,젤리,JLPT_1 JLPT,pUMI]4pC]5,食後に果物のゼリーを食べた。,しょくごにくだもののぜりーをたべた。,식후에 과일 젤리를 먹었다.
セレモニー,セレモニー,세레모니·의식,JLPT_1 JLPT,ElF~:n|$Dm,開会セレモニーには選手全員が参加した。,かいかいせれもにーにはせんしゅぜんいんがさんかした。,개회식에는 선수 전원이 참가했다.
世論,せろん,세론·여론,JLPT_1 JLPT,cn7+uG:k{Q,政府は世論の動向を調査した。,せいふはせろんのどうこうをちょうさした。,정부는 여론의 동향을 조사했다.
先,せん,앞·먼저·우선권,JLPT_1 JLPT,K[s:+C@-V{,客が先を争って会場に入った。,きゃくがせんをあらそってかいじょうにはいった。,손님들이 앞다투어 행사장에 들어갔다.
繊維,せんい,섬유,JLPT_1 JLPT,IoI]vI^@?E,この布は天然繊維でできている。,このぬのはてんねんせんいでできている。,이 천은 천연 섬유로 만들어졌다.
全快,ぜんかい,완쾌,JLPT_1 JLPT,jMG%U5Y*b],けがは一か月で全快した。,けがはいっかげつでぜんかいした。,부상은 한 달 만에 완쾌되었다.
宣教,せんきょう,선교,JLPT_1 JLPT,t2!m+EN<kt,彼は海外で宣教活動を続けている。,かれはかいがいでせんきょうかつどうをつづけている。,그는 해외에서 선교 활동을 계속하고 있다.
宣言,せんげん,선언,JLPT_1 JLPT,N*Sn3]6F}u,市長は選挙への立候補を宣言した。,しちょうはせんきょへのりっこうほをせんげんした。,시장은 선거 출마를 선언했다.
戦災,せんさい,전재 (전쟁 피해),JLPT_1 JLPT,g*>*T{UX8V,戦災で多くの文化財が失われた。,せんさいでおおくのぶんかざいがうしなわれた。,전쟁 피해로 많은 문화재가 사라졌다.
専修,せんしゅう,전수 (전문적으로 수련함),JLPT_1 JLPT,iF/[EjL/PH,大学で日本文学を専修している。,だいがくでにほんぶんがくをせんしゅうしている。,대학에서 일본 문학을 전공하고 있다.
戦術,せんじゅつ,전술,JLPT_1 JLPT,fClOu9u4S.,監督は相手に応じて戦術を変えた。,かんとくはあいてにおうじてせんじゅつをかえた。,감독은 상대에 맞춰 전술을 바꿨다.
センス,センス,센스·감각,JLPT_1 JLPT,kOf@Kc#S!?,彼女は服を選ぶセンスがいい。,かのじょはふくをえらぶせんすがいい。,그녀는 옷을 고르는 감각이 좋다.
潜水,せんすい,잠수,JLPT_1 JLPT,kXmApIVn4{,調査員が湖の底まで潜水した。,ちょうさいんがみずうみのそこまでせんすいした。,조사원이 호수 바닥까지 잠수했다.
全盛,ぜんせい,전성기,JLPT_1 JLPT,PA4!?*R&)6,この港町は造船業の全盛期を迎えた。,このみなとまちはぞうせんぎょうのぜんせいきをむかえた。,이 항구 도시는 조선업의 전성기를 맞았다.
先代,せんだい,선대,JLPT_1 JLPT,A@$Xh`C*#q,先代の社長が会社の基礎を築いた。,せんだいのしゃちょうがかいしゃのきそをきずいた。,선대 사장이 회사의 기초를 세웠다.
先だって,せんだって,요전날·얼마 전에,JLPT_1 JLPT,bpeAMs`g=B,先だっては貴重な助言をありがとうございました。,せんだってはきちょうなじょげんをありがとうございました。,지난번에는 귀중한 조언을 해 주셔서 감사합니다.
先着,せんちゃく,선착,JLPT_1 JLPT,s5`[<)lze/,先着百名に記念品を配ります。,せんちゃくひゃくめいにきねんひんをくばります。,선착순 백 명에게 기념품을 나눠 드립니다.
前提,ぜんてい,전제,JLPT_1 JLPT,M^(]5)Q28q,その議論は事実確認を前提としている。,そのぎろんはじじつかくにんをぜんていとしている。,그 논의는 사실 확인을 전제로 하고 있다.
先天的,せんてんてき,선천적,JLPT_1 JLPT,e8-*cxos*(,音感には先天的な要素もある。,おんかんにはせんてんてきなようそもある。,음감에는 선천적인 요소도 있다.
前途,ぜんと,전도·장래,JLPT_1 JLPT,rUv_dSLlLH,卒業生の前途を祝して乾杯した。,そつぎょうせいのぜんとをしゅくしてかんぱいした。,졸업생의 앞날을 축복하며 건배했다.
戦闘,せんとう,전투,JLPT_1 JLPT,LE#Z8!)h7>,国境付近で激しい戦闘が続いている。,こっきょうふきんではげしいせんとうがつづいている。,국경 부근에서 격렬한 전투가 계속되고 있다.
潜入,せんにゅう,잠입,JLPT_1 JLPT,jwMP<D<nu+,記者は身分を隠して組織に潜入した。,きしゃはみぶんをかくしてそしきにせんにゅうした。,기자는 신분을 숨기고 조직에 잠입했다.
船舶,せんぱく,선박,JLPT_1 JLPT,yT?Wj-:Bft,港には大型船舶が停泊している。,みなとにはおおがたせんぱくがていはくしている。,항구에는 대형 선박이 정박해 있다.
全滅,ぜんめつ,전멸,JLPT_1 JLPT,gs]{cpbeS;,害虫のせいで畑の作物が全滅した。,がいちゅうのせいではたけのさくもつがぜんめつした。,해충 때문에 밭의 작물이 전멸했다.
専用,せんよう,전용,JLPT_1 JLPT,E|;c&Jmrd8,この入口は関係者専用です。,このいりぐちはかんけいしゃせんようです。,이 입구는 관계자 전용입니다.
占領,せんりょう,점령,JLPT_1 JLPT,N-V{tXojX`,軍は三日で首都を占領した。,ぐんはみっかでしゅとをせんりょうした。,군대는 사흘 만에 수도를 점령했다.
善良,ぜんりょう,선량함,JLPT_1 JLPT,eGNEV*g</#,彼は困った人を見過ごせない善良な市民だ。,かれはこまったひとをみすごせないぜんりょうなしみんだ。,그는 곤란한 사람을 외면하지 못하는 선량한 시민이다.
戦力,せんりょく,전력 (전쟁 수행 능력),JLPT_1 JLPT,jsYNJMtfV.,長期戦で双方の戦力が低下した。,ちょうきせんでそうほうのせんりょくがていかした。,장기전으로 양측의 전력이 저하됐다.
前例,ぜんれい,전례,JLPT_1 JLPT,z6IRT7DoRm,この地域では前例のない豪雨となった。,このちいきではぜんれいのないごううとなった。,이 지역에는 전례 없는 폭우가 내렸다.
相応,そうおう,상응·어울림,JLPT_1 JLPT,Cm`/n`5$^$,能力相応の仕事を任された。,のうりょくそうおうのしごとをまかされた。,능력에 걸맞은 일을 맡게 되었다.
総会,そうかい,총회,JLPT_1 JLPT,v.Q]y8[=}p,年に一度、組合の総会を開く。,ねんにいちど、くみあいのそうかいをひらく。,일 년에 한 번 조합 총회를 연다.
創刊,そうかん,창간,JLPT_1 JLPT,k7n}7cIr>q,地域文化を扱う雑誌が創刊された。,ちいきぶんかをあつかうざっしがそうかんされた。,지역 문화를 다루는 잡지가 창간되었다.
雑木,ぞうき,잡목,JLPT_1 JLPT,K-dqvXawa`,裏山の雑木を切って道を広げた。,うらやまのぞうきをきってみちをひろげた。,뒷산의 잡목을 베어 길을 넓혔다.
早急,そうきゅう,긴급·신속,JLPT_1 JLPT,xFEe8[1r^m,問題が見つかり、早急な対応を求められた。,もんだいがみつかり、そうきゅうなたいおうをもとめられた。,문제가 발견되어 신속한 대응을 요구받았다.
早急,さっきゅう,조급·긴급,JLPT_1 JLPT,n`GeYo>FBk,堤防の亀裂を早急に修復する必要がある。,ていぼうのきれつをさっきゅうにしゅうふくするひつようがある。,제방의 균열을 긴급히 보수할 필요가 있다.
増強,ぞうきょう,증강,JLPT_1 JLPT,"rV,>ZZ=T]Q",災害に備えて救助体制を増強した。,さいがいにそなえてきゅうじょたいせいをぞうきょうした。,재해에 대비해 구조 체계를 증강했다.
送金,そうきん,송금,JLPT_1 JLPT,bDXNFraL0R,家族の口座へ生活費を送金した。,かぞくのこうざへせいかつひをそうきんした。,가족의 계좌로 생활비를 송금했다.
走行,そうこう,주행,JLPT_1 JLPT,E{T/IqjEfE,雪道では速度を落として走行してください。,ゆきみちではそくどをおとしてそうこうしてください。,눈길에서는 속도를 줄여 주행해 주세요.
総合,そうごう,종합,JLPT_1 JLPT,nY;2hmT##_,筆記と面接の結果を総合して判断する。,ひっきとめんせつのけっかをそうごうしてはんだんする。,필기와 면접 결과를 종합하여 판단한다.
捜索,そうさく,수색,JLPT_1 JLPT,Q:2J1qwTVc,警察と消防が行方不明者を捜索している。,けいさつとしょうぼうがゆくえふめいしゃをそうさくしている。,경찰과 소방 당국이 실종자를 수색하고 있다.
蔵相,ぞうしょう,재무장관 (장상),JLPT_1 JLPT,fn1-ZB(4T-,蔵相は来年度の予算案を発表した。,ぞうしょうはらいねんどのよさんあんをはっぴょうした。,재무장관은 내년도 예산안을 발표했다.
装飾,そうしょく,장식,JLPT_1 JLPT,QA)=&Wj6HM,会場は季節の花で装飾されていた。,かいじょうはきせつのはなでそうしょくされていた。,행사장은 제철 꽃으로 장식되어 있었다.
増進,ぞうしん,증진,JLPT_1 JLPT,IZpN7AL;vh,毎日の運動は健康の増進に役立つ。,まいにちのうんどうはけんこうのぞうしんにやくだつ。,매일 하는 운동은 건강 증진에 도움이 된다.
相対,そうたい,상대,JLPT_1 JLPT,I!n?!w[?BY,両者は川を挟んで相対している。,りょうしゃはかわをはさんでそうたいしている。,양측은 강을 사이에 두고 마주하고 있다.
壮大,そうだい,장대함·웅장함,JLPT_1 JLPT,"mVUTF,w/3&",山頂から壮大な景色を眺めた。,さんちょうからそうだいなけしきをながめた。,산 정상에서 장대한 경치를 바라보았다.
騷動,そうどう,소동,JLPT_1 JLPT,f=viWAh8g@,夜中の騷動で近所の人々が目を覚ました。,よなかのそうどうできんじょのひとびとがめをさました。,한밤중의 소동으로 이웃 사람들이 잠에서 깼다.
遭難,そうなん,조난,JLPT_1 JLPT,E:/^OnBk`,登山隊が吹雪の中で遭難した。,とざんたいがふぶきのなかでそうなんした。,등산대가 눈보라 속에서 조난당했다.
相場,そうば,시세,JLPT_1 JLPT,sA7SWg(`IK,野菜の相場は天候によって大きく変わる。,やさいのそうばはてんこうによっておおきくかわる。,채소 시세는 날씨에 따라 크게 달라진다.
装備,そうび,장비,JLPT_1 JLPT,k;e~1ueRAo,救助隊は十分な装備を整えて出発した。,きゅうじょたいはじゅうぶんなそうびをととのえてしゅっぱつした。,구조대는 충분한 장비를 갖추고 출발했다.
創立,そうりつ,창립,JLPT_1 JLPT,jki@VUPP0r,この大学は百年前に創立された。,このだいがくはひゃくねんまえにそうりつされた。,이 대학은 백 년 전에 창립되었다.
添える,そえる,곁들이다·첨부하다,JLPT_1 JLPT,"h,nxD[s(P9",申請書に身分証明書の写しを添えてください。,しんせいしょにみぶんしょうめいしょのうつしをそえてください。,신청서에 신분증 사본을 첨부해 주세요.
ソース,ソース,소스,JLPT_1 JLPT,tTpwt)2AmK,焼いた魚にレモンソースをかけた。,やいたさかなにれもんそーすをかけた。,구운 생선에 레몬 소스를 뿌렸다.
即座に,そくざに,즉석에서·당장,JLPT_1 JLPT,P;B^M<8:(U,異変に気づいた警備員は即座に通報した。,いへんにきづいたけいびいんはそくざにつうほうした。,이변을 알아챈 경비원은 즉시 신고했다.
促進,そくしん,촉진,JLPT_1 JLPT,qh4@1q0m.W,自転車の利用を促進する制度が始まった。,じてんしゃのりようをそくしんするせいどがはじまった。,자전거 이용을 촉진하는 제도가 시작되었다.
即する,そくする,입각하다·부응하다,JLPT_1 JLPT,t:DoS~nc0!,現場の実情に即した対策が求められる。,げんばのじつじょうにそくしたたいさくがもとめられる。,현장의 실정에 부합하는 대책이 요구된다.
束縛,そくばく,속박,JLPT_1 JLPT,l|/yaf0Kt?,親の期待に束縛されず、自分の道を選んだ。,おやのきたいにそくばくされず、じぶんのみちをえらんだ。,부모의 기대에 속박되지 않고 자신의 길을 택했다.
側面,そくめん,측면,JLPT_1 JLPT,g+c1Ex)t~@,この問題には経済的な側面もある。,このもんだいにはけいざいてきなそくめんもある。,이 문제에는 경제적인 측면도 있다.
損う,そこなう,손상시키다·해치다,JLPT_1 JLPT,lT+Npb!3tv,過度な飲酒は健康を損うおそれがある。,かどないんしゅはけんこうをそこなうおそれがある。,과도한 음주는 건강을 해칠 우려가 있다.
そこら,そこら,그 근처·도처,JLPT_1 JLPT,sWp/2)qrjX,鍵ならそこらの棚に置いてあるよ。,かぎならそこらのたなにおいてあるよ。,열쇠라면 그 근처 선반에 놓여 있어.
素材,そざい,소재,JLPT_1 JLPT,k+jer~`){},この鞄には軽くて丈夫な素材が使われている。,このかばんにはかるくてじょうぶなそざいがつかわれている。,이 가방에는 가볍고 튼튼한 소재가 쓰였다.
阻止,そし,저지,JLPT_1 JLPT,H_Bg*f2w~u,警備員が不審者の侵入を阻止した。,けいびいんがふしんしゃのしんにゅうをそしした。,경비원이 수상한 사람의 침입을 저지했다.
訴訟,そしょう,소송,JLPT_1 JLPT,r473?K:c)w,会社を相手に損害賠償の訴訟を起こした。,かいしゃをあいてにそんがいばいしょうのそしょうをおこした。,회사를 상대로 손해 배상 소송을 제기했다.
育ち,そだち,자라남·성장,JLPT_1 JLPT,I7y!o0nH<>,彼女は都会育ちだが、自然に詳しい。,かのじょはとかいそだちだが、しぜんにくわしい。,그녀는 도시에서 자랐지만 자연에 해박하다.
措置,そち,조치,JLPT_1 JLPT,wm=Ne<1R~K,市は被災者への支援措置を講じた。,しはひさいしゃへのしえんそちをこうじた。,시는 이재민을 위한 지원 조치를 취했다.
ソックス,ソックス,양말 (삭스),JLPT_1 JLPT,bW`v0lIx&{,寒いので厚手のソックスを履いた。,さむいのであつでのそっくすをはいた。,추워서 두꺼운 양말을 신었다.
素っ気無い,そっけない,무뚝뚝함,JLPT_1 JLPT,m@~(NcJuf8,質問しても彼は素っ気無い返事しかしなかった。,しつもんしてもかれはそっけないへんじしかしなかった。,질문해도 그는 무뚝뚝한 대답만 했다.
外方,そっぽ,외면·다른 곳,JLPT_1 JLPT,mx1|xYC`zo,注意すると、彼は不満そうに外方を向いた。,ちゅういすると、かれはふまんそうにそっぽをむいた。,주의를 주자 그는 불만스러운 듯 외면했다.
備え付ける,そなえつける,비치하다·설치하다,JLPT_1 JLPT,?a*256zVd,客室には小型の冷蔵庫を備え付けている。,きゃくしつにはこがたのれいぞうこをそなえつけている。,객실에는 소형 냉장고를 비치해 두었다.
備わる,そなわる,갖추어지다,JLPT_1 JLPT,f0#k].O9>M,この施設には最新の防災設備が備わっている。,このしせつにはさいしんのぼうさいせつびがそなわっている。,이 시설에는 최신 방재 설비가 갖춰져 있다.
聳える,そびえる,우뚝 솟다,JLPT_1 JLPT,N#XbC.4.6E,雪を頂いた山々が遠くに聳えている。,ゆきをいただいたやまやまがとおくにそびえている。,눈을 인 산들이 멀리 우뚝 솟아 있다.
素朴,そぼく,소박,JLPT_1 JLPT,i)~;{+Y_4I,祖母は素朴な暮らしを今も大切にしている。,そぼはそぼくなくらしをいまもたいせつにしている。,할머니는 소박한 생활을 지금도 소중히 여기고 있다.
背く,そむく,등지다·어기다,JLPT_1 JLPT,lwG+$Mpa}3,規則に背けば、厳しい処分を受ける。,きそくにそむけば、きびしいしょぶんをうける。,규칙을 어기면 엄중한 처분을 받는다.
染まる,そまる,물들다,JLPT_1 JLPT,D^_/a/#sXJ,夕焼けで空が鮮やかな赤に染まった。,ゆうやけでそらがあざやかなあかにそまった。,저녁노을로 하늘이 선명한 붉은빛으로 물들었다.
染める,そめる,물들이다,JLPT_1 JLPT,"u,7!Dp;dsk",白い布を藍色に染めた。,しろいぬのをあいいろにそめた。,흰 천을 남색으로 물들였다.
そらす,そらす,젖히다·빗나가게 하다,JLPT_1 JLPT,O/=U<S;HO[,彼は気まずそうに視線をそらした。,かれはきまずそうにしせんをそらした。,그는 어색한 듯 시선을 돌렸다.
そり (～にのる),そり (～にのる),썰매,JLPT_1 JLPT,oD<qmOFt48,子供たちは雪の坂でそりに乗った。,こどもたちはゆきのさかでそりにのった。,아이들은 눈 덮인 비탈에서 썰매를 탔다.
反る,そる,휘다,JLPT_1 JLPT,IJaW-#q2K8,湿気を吸った板が大きく反っている。,しっけをすったいたがおおきくそっている。,습기를 먹은 판자가 크게 휘어 있다.
それゆえ,それゆえ,그러므로·그 까닭에,JLPT_1 JLPT,fd1U3Eqd0z,証拠が不足しており、それゆえ断定はできない。,しょうこがふそくしており、それゆえだんていはできない。,증거가 부족하므로 단정할 수는 없다.
ソロ,ソロ,솔로·독창,JLPT_1 JLPT,r<H?#?:lfS,彼女は今年からソロで活動している。,かのじょはことしからそろでかつどうしている。,그녀는 올해부터 솔로로 활동하고 있다.
揃い,そろい,세트·한 벌,JLPT_1 JLPT,d$?[e]vP*A,休日に家族揃いで公園へ出かけた。,きゅうじつにかぞくそろいでこうえんへでかけた。,휴일에 온 가족이 함께 공원에 나갔다.
ぞんざい,ぞんざい,함부로 함·거칠게 대함,JLPT_1 JLPT,IV/~qgGGDy,客にぞんざいな口を利いてはいけない。,きゃくにぞんざいなくちをきいてはいけない。,손님에게 함부로 말해서는 안 된다.
損失,そんしつ,손실,JLPT_1 JLPT,q}vnE8Gq;U,停電による損失は予想以上に大きかった。,ていでんによるそんしつはよそういじょうにおおきかった。,정전으로 인한 손실은 예상보다 컸다.
存続,そんぞく,존속,JLPT_1 JLPT,k--fc+@]/s,資金難で劇団の存続が危ぶまれている。,しきんなんでげきだんのそんぞくがあやぶまれている。,자금난으로 극단의 존속이 우려되고 있다.
ダース,ダース,다스 (타스),JLPT_1 JLPT,LJ)2+[0^`@,鉛筆を一ダースまとめて買った。,えんぴつをいちだーすまとめてかった。,연필을 한 다스 한꺼번에 샀다.
対応,たいおう,대응,JLPT_1 JLPT,KZnf.&v={U,店員は急な返品にも丁寧に対応した。,てんいんはきゅうなへんぴんにもていねいにたいおうした。,점원은 갑작스러운 반품에도 친절하게 대응했다.
大家,たいか,대가·명가,JLPT_1 JLPT,Nrwns(8SbS,彼は日本画の大家として世界に知られている。,かれはにほんがのたいかとしてせかいにしられている。,그는 일본화의 대가로 세계에 알려져 있다.
退化,たいか,퇴화,JLPT_1 JLPT,gPs^-F*IXX,使わない筋肉は次第に退化する。,つかわないきんにくはしだいにたいかする。,쓰지 않는 근육은 차츰 퇴화한다.
大概,たいがい,대개·대체로,JLPT_1 JLPT,h9/$[pq28V,大概の問題は話し合いで解決できる。,たいがいのもんだいははなしあいでかいけつできる。,대개의 문제는 대화로 해결할 수 있다.
体格,たいかく,체격,JLPT_1 JLPT,F<F1njV;[$,弟は父に似てがっしりした体格だ。,おとうとはちちににてがっしりしたたいかくだ。,남동생은 아버지를 닮아 다부진 체격이다.
大金,たいきん,거금·큰 돈,JLPT_1 JLPT,m_p4U|6#<L,彼は新しい事業に大金を投じた。,かれはあたらしいじぎょうにたいきんをとうじた。,그는 새로운 사업에 큰돈을 투자했다.
待遇,たいぐう,대우,JLPT_1 JLPT,F5l%#d#e`l,経験に応じて待遇が決まる。,けいけんにおうじてたいぐうがきまる。,경력에 따라 대우가 결정된다.
対決,たいけつ,대결,JLPT_1 JLPT,sKn[*vv=gw,決勝戦で両校の強豪が対決する。,けっしょうせんでりょうこうのきょうごうがたいけつする。,결승전에서 양교의 강호가 대결한다.
体験,たいけん,개인적인 체험,JLPT_1 JLPT Intermediate_Japanese_Ln.13 Intermediate_Japanese,o%)Oc|W=Ka,留学中に忘れがたい体験をした。,りゅうがくちゅうにわすれがたいたいけんをした。,유학 중에 잊기 어려운 체험을 했다.
対抗,たいこう,대항,JLPT_1 JLPT,Rd@pS:`}f/,小さな店が独自の商品で大手に対抗する。,ちいさなみせがどくじのしょうひんでおおてにたいこうする。,작은 가게가 독자적인 상품으로 대기업에 맞선다.
退治,たいじ,퇴치,JLPT_1 JLPT,pC*Xx^dBSu,畑を荒らす害虫を薬で退治した。,はたけをあらすがいちゅうをくすりでたいじした。,밭을 망치는 해충을 약으로 퇴치했다.
大衆,たいしゅう,대중,JLPT_1 JLPT,nog=kohV~>,その歌は長く大衆に親しまれてきた。,そのうたはながくたいしゅうにしたしまれてきた。,그 노래는 오랫동안 대중의 사랑을 받아 왔다.
対処,たいしょ,대처,JLPT_1 JLPT,yMT#3SVsQ>,問題が起きても冷静に対処してください。,もんだいがおきてもれいせいにたいしょしてください。,문제가 생겨도 침착하게 대처해 주세요.
退職,たいしょく,퇴직,JLPT_1 JLPT,zj2z79]QG@,父は定年を迎えて先月退職した。,ちちはていねんをむかえてせんげつたいしょくした。,아버지는 정년을 맞아 지난달 퇴직했다.
題する,だいする,제목을 붙이다,JLPT_1 JLPT,"F)V}e,NP?K",彼は「海辺の町」と題する小説を発表した。,かれは「うみべのまち」とだいするしょうせつをはっぴょうした。,그는 ‘바닷가 마을’이라는 제목의 소설을 발표했다.
態勢,たいせい,태세,JLPT_1 JLPT,q2.f(w/7&,災害に備えて救援態勢を整えた。,さいがいにそなえてきゅうえんたいせいをととのえた。,재해에 대비해 구조 태세를 갖췄다.
対談,たいだん,대담,JLPT_1 JLPT,F(U~._UF.|,二人の作家が創作について対談した。,ふたりのさっかがそうさくについてたいだんした。,두 작가가 창작에 관해 대담했다.
大胆,だいたん,대담함,JLPT_1 JLPT,NiV/^uCv:g,社長は大胆な改革案を打ち出した。,しゃちょうはだいたんなかいかくあんをうちだした。,사장은 대담한 개혁안을 내놓았다.
対等,たいとう,대등,JLPT_1 JLPT,e2@L)L#}Hy,年齢に関係なく全員を対等に扱う。,ねんれいにかんけいなくぜんいんをたいとうにあつかう。,나이와 관계없이 모두를 대등하게 대한다.
台無し,だいなし,엉망이 됨,JLPT_1 JLPT,O<W!7i{%=i,突然の雨で休日の計画が台無しになった。,とつぜんのあめできゅうじつのけいかくがだいなしになった。,갑작스러운 비로 휴일 계획이 엉망이 되었다.
滞納,たいのう,체납,JLPT_1 JLPT,"EVFf,lL5*1",彼は家賃を三か月も滞納している。,かれはやちんをさんかげつもたいのうしている。,그는 집세를 석 달이나 체납하고 있다.
対比,たいひ,대비,JLPT_1 JLPT,QS^fJ(5L6U,二つの調査結果を対比して違いを探った。,ふたつのちょうさけっかをたいひしてちがいをさぐった。,두 조사 결과를 대비해 차이를 살폈다.
タイピスト,タイピスト,타이피스트,JLPT_1 JLPT,rgU6t{db}6,彼女は出版社でタイピストとして働いていた。,かのじょはしゅっぱんしゃでたいぴすととしてはたらいていた。,그녀는 출판사에서 타이피스트로 일했다.
大部,たいぶ,대부분·대단히,JLPT_1 JLPT,M:e6p(bi4/,資料の大部はすでに整理されている。,しりょうのたいぶはすでにせいりされている。,자료의 대부분은 이미 정리되어 있다.
大便,だいべん,대변·똥,JLPT_1 JLPT,bxG(1E~XYm,検査のために大便を少量採取する。,けんさのためにだいべんをしょうりょうさいしゅする。,검사를 위해 대변을 소량 채취한다.
代弁,だいべん,대변 (남을 대신해 말함),JLPT_1 JLPT,MRN2]i=t=d,弁護士が被害者の思いを代弁した。,べんごしがひがいしゃのおもいをだいべんした。,변호사가 피해자의 심정을 대변했다.
待望,たいぼう,대망·기다리던,JLPT_1 JLPT,qE#$km{TWt,待望の新作がついに発売された。,たいぼうのしんさくがついにはつばいされた。,기다리던 신작이 마침내 출시되었다.
台本,だいほん,대본·시나리오,JLPT_1 JLPT,RgJye)6k}y,役者は本番前に何度も台本を読み返した。,やくしゃはほんばんまえになんどもだいほんをよみかえした。,배우는 공연 전에 대본을 몇 번이나 다시 읽었다.
タイマー,タイマー,타이머,JLPT_1 JLPT,Jpmdj[Dy-8,タイマーを五分に設定して休憩した。,たいまーをごふんにせっていしてきゅうけいした。,타이머를 5분으로 맞추고 쉬었다.
怠慢,たいまん,태만,JLPT_1 JLPT,o+E(5HE.HE,管理の怠慢が事故につながった。,かんりのたいまんがじこにつながった。,관리 태만이 사고로 이어졌다.
タイミング,タイミング,타이밍,JLPT_1 JLPT,xPwaZgIXR*,話しかけるタイミングを逃してしまった。,はなしかけるたいみんぐをのがしてしまった。,말을 걸 타이밍을 놓치고 말았다.
タイム,タイム,타임·시간,JLPT_1 JLPT,jbo*<.eMG[,前回より速いタイムで完走できた。,ぜんかいよりはやいたいむでかんそうできた。,지난번보다 빠른 기록으로 완주할 수 있었다.
タイムリー,タイムリー,적시의·타이밍 좋은,JLPT_1 JLPT,yP9[juCnL[,彼のタイムリーな助言に救われた。,かれのたいむりーなじょげんにすくわれた。,그의 시기적절한 조언에 도움을 받았다.
対面,たいめん,대면,JLPT_1 JLPT,i`k./6SP4;,長年手紙を交わした友人と初めて対面した。,ながねんてがみをかわしたゆうじんとはじめてたいめんした。,오랫동안 편지를 주고받은 친구와 처음으로 대면했다.
代用,だいよう,대용,JLPT_1 JLPT,mu!!VPGcN/,砂糖がなかったので蜂蜜で代用した。,さとうがなかったのではちみつでだいようした。,설탕이 없어서 꿀로 대신했다.
体力,たいりょく,체력,JLPT_1 JLPT,k5)wZQr4>y,長い登山には十分な体力が必要だ。,ながいとざんにはじゅうぶんなたいりょくがひつようだ。,긴 등산에는 충분한 체력이 필요하다.
タイル,タイル,타일,JLPT_1 JLPT,ATn!+%/EU;,浴室の床に滑りにくいタイルを敷いた。,よくしつのゆかにすべりにくいたいるをしいた。,욕실 바닥에 잘 미끄러지지 않는 타일을 깔았다.
対話,たいわ,대화,JLPT_1 JLPT,dArvNg;d~A,住民との対話を重ねて計画を見直した。,じゅうみんとのたいわをかさねてけいかくをみなおした。,주민과 거듭 대화하며 계획을 재검토했다.
耐える,たえる,견디다,JLPT_1 JLPT,fX{nWJ2pLZ,厳しい訓練に耐えて最後まで走り切った。,きびしいくんれんにたえてさいごまではしりきった。,고된 훈련을 견디고 끝까지 달렸다.
堪える,たえる,견디다,JLPT_1 JLPT,Lk-i;aQnR+,眠気に堪えながら報告書を仕上げた。,ねむけにたえながらほうこくしょをしあげた。,졸음을 참아 가며 보고서를 완성했다.
絶える,たえる,끊기다·멸절하다,JLPT_1 JLPT,rTE!2k^D@,後継者がいなければ、この技術は絶えてしまう。,こうけいしゃがいなければ、このぎじゅつはたえてしまう。,후계자가 없으면 이 기술은 끊기고 만다.
断える,たえる,끊기다,JLPT_1 JLPT,Qs%N8rxgY7,戦乱で両国の交流が断えて久しい。,せんらんでりょうこくのこうりゅうがたえてひさしい。,전란으로 양국의 교류가 끊긴 지 오래다.
打開,だかい,타개,JLPT_1 JLPT,mQ|SYI%fP],資金不足を打開するため、計画を縮小した。,しきんぶそくをだかいするため、けいかくをしゅくしょうした。,자금 부족을 타개하기 위해 계획을 축소했다.
焚火,たきび,모닥불,JLPT_1 JLPT,LcA{{ZbodA,河原で焚火を囲み、冷えた体を温めた。,かわらでたきびをかこみ、ひえたからだをあたためた。,강가에서 모닥불을 둘러싸고 차가워진 몸을 녹였다.
妥協,だきょう,타협,JLPT_1 JLPT,"s%Avc+h,O*",双方が妥協して、ようやく合意に達した。,そうほうがだきょうして、ようやくごういにたっした。,양측이 타협하여 마침내 합의에 이르렀다.
たくましい,たくましい,늠름하다·강인하다,JLPT_1 JLPT,"P8,W5KAJY/",荒れ地でも育つ、たくましい植物だ。,あれちでもそだつ、たくましいしょくぶつだ。,황무지에서도 자라는 강인한 식물이다.
巧み,たくみ,교묘함·정교함·솜씨 좋음,JLPT_1 JLPT,i]Z*A6(YX(,職人は巧みな技で壊れた器を修復した。,しょくにんはたくみなわざでこわれたうつわをしゅうふくした。,장인은 뛰어난 솜씨로 깨진 그릇을 복원했다.
丈,たけ,길이·키,JLPT_1 JLPT,enuUDdn`y|,着物の丈を身長に合わせて直した。,きもののたけをしんちょうにあわせてなおした。,기모노 길이를 키에 맞춰 고쳤다.
打撃,だげき,타격,JLPT_1 JLPT,"t;}gxU%<,g",主力選手の欠場は球団に大きな打撃を与えた。,しゅりょくせんしゅのけつじょうはきゅうだんにおおきなだげきをあたえた。,주전 선수의 결장은 구단에 큰 타격을 주었다.
妥結,だけつ,타결,JLPT_1 JLPT,l2ZF^5r/@.,労使交渉は賃上げで妥結した。,ろうしこうしょうはちんあげでだけつした。,노사 협상은 임금 인상으로 타결되었다.
駄作,ださく,졸작·보잘것없는 작품,JLPT_1 JLPT,Lw)j7o&?}o,期待して見た映画だが、残念ながら駄作だった。,きたいしてみたえいがだが、ざんねんながらださくだった。,기대하고 본 영화였지만 안타깝게도 졸작이었다.
足し算,たしざん,덧셈,JLPT_1 JLPT,iE/CUShX8n,妹は指を使って足し算をしている。,いもうとはゆびをつかってたしざんをしている。,여동생은 손가락을 사용해 덧셈을 하고 있다.
多数決,たすうけつ,다수결,JLPT_1 JLPT,"OJ~&,3EcJ/",意見が分かれたので多数決で決めた。,いけんがわかれたのでたすうけつできめた。,의견이 갈려서 다수결로 결정했다.
助け,たすけ,도움·구조,JLPT_1 JLPT,j0*?atjOa+,通りかかった人に助けを求めた。,とおりかかったひとにたすけをもとめた。,지나가던 사람에게 도움을 청했다.
携わる,たずさわる,종사하다·관계하다,JLPT_1 JLPT,McI/Z<qse(,長年、医療機器の開発に携わってきた。,ながねん、いりょうききのかいはつにたずさわってきた。,오랫동안 의료 기기 개발에 종사해 왔다.
漂う,ただよう,떠돌다·감돌다,JLPT_1 JLPT,bR^R=T^]/Z,台所から焼きたてのパンの香りが漂う。,だいどころからやきたてのぱんのかおりがただよう。,부엌에서 갓 구운 빵 냄새가 감돈다.
立ち去る,たちさる,떠나다,JLPT_1 JLPT,x4xomzb{(l,男は何も言わずに店を立ち去った。,おとこはなにもいわずにみせをたちさった。,남자는 아무 말 없이 가게를 떠났다.
立ち寄る,たちよる,잠시 들르다,JLPT_1 JLPT,"i~*^/,u.M%",帰りに書店へ立ち寄って新刊を買った。,かえりにしょてんへたちよってしんかんをかった。,돌아오는 길에 서점에 들러 신간을 샀다.
抱っこ,だっこ,안기·업기,JLPT_1 JLPT,u]W;19*#xC,泣いている子を母親が抱っこした。,ないているこをははおやがだっこした。,엄마가 울고 있는 아이를 안았다.
達者,たっしゃ,능숙함·건강함,JLPT_1 JLPT,QMO]Jn&?Ra,祖父は八十歳を過ぎても達者に暮らしている。,そふははちじゅっさいをすぎてもたっしゃにくらしている。,할아버지는 여든 살이 넘어서도 건강하게 지내신다.
脱出,だっしゅつ,탈출,JLPT_1 JLPT,rfK<qkCIf],乗客は非常口から無事に脱出した。,じょうきゃくはひじょうぐちからぶじにだっしゅつした。,승객은 비상구로 무사히 탈출했다.
脱する,だっする,벗어나다·탈출하다,JLPT_1 JLPT,t;JPYpd=u$,長い不況を脱する兆しが見えてきた。,ながいふきょうをだっするきざしがみえてきた。,오랜 불황에서 벗어날 조짐이 보이기 시작했다.
達成,たっせい,달성,JLPT_1 JLPT,y%qBRcv/jg,売上目標を予定より早く達成した。,うりあげもくひょうをよていよりはやくたっせいした。,매출 목표를 예정보다 일찍 달성했다.
脱退,だったい,탈퇴,JLPT_1 JLPT,ncettC@%js,彼は方針の違いを理由に組合を脱退した。,かれはほうしんのちがいをりゆうにくみあいをだったいした。,그는 방침의 차이를 이유로 조합에서 탈퇴했다.
だったら,だったら,그렇다면,JLPT_1 JLPT,C/Y!eNd>%+,電車が止まったの？だったら歩いて帰ろう。,でんしゃがとまったの？だったらあるいてかえろう。,전철이 멈췄어? 그렇다면 걸어서 돌아가자.
立て替える,たてかえる,대납하다·대신 내주다,JLPT_1 JLPT,kf$XJ8^ry/,昼食代は私が立て替えておきます。,ちゅうしょくだいはわたしがたてかえておきます。,점심값은 제가 대신 내 두겠습니다.
建前,たてまえ,겉치레·원칙,JLPT_1 JLPT Intermediate_Japanese_Ln.15 Intermediate_Japanese,L3SqCRekB4,安全第一は建前で、実際は利益を優先していた。,あんぜんだいいちはたてまえで、じっさいはりえきをゆうせんしていた。,안전 제일은 명분뿐이고 실제로는 이익을 우선했다.
奉る,たてまつる,바치다,JLPT_1 JLPT,f5~QK@<Z?-,神前に収穫した米を奉った。,しんぜんにしゅうかくしたこめをたてまつった。,신전에 수확한 쌀을 바쳤다.
だと,だと,~라면,JLPT_1 JLPT,AdbIr)ODQy,明日雨だと、試合は延期になる。,あしたあめだと、しあいはえんきになる。,내일 비가 오면 경기는 연기된다.
他動詞,たどうし,타동사,JLPT_1 JLPT,k%4*4&yY`0,授業では自動詞と他動詞の違いを学んだ。,じゅぎょうではじどうしとたどうしのちがいをまなんだ。,수업에서 자동사와 타동사의 차이를 배웠다.
辿り着く,たどりつく,간신히 도착하다,JLPT_1 JLPT,g7HZru1rgh,道に迷った末、日暮れ前に山小屋へ辿り着いた。,みちにまよったすえ、ひぐれまえにやまごやへたどりついた。,길을 헤맨 끝에 해가 지기 전 산장에 가까스로 도착했다.
辿る,たどる,더듬어 가다,JLPT_1 JLPT,wGxS[a6&-W,古い地図を頼りに街道を辿った。,ふるいちずをたよりにかいどうをたどった。,오래된 지도를 의지해 가도를 따라갔다.
束ねる,たばねる,묶다·통솔하다,JLPT_1 JLPT,f-6#7v|syX,新聞を紐で束ねて回収場所へ運んだ。,しんぶんをひもでたばねてかいしゅうばしょへはこんだ。,신문을 끈으로 묶어 수거 장소로 옮겼다.
だぶだぶ,だぶだぶ,헐렁헐렁,JLPT_1 JLPT,gN6($!p`)9,この上着は大きすぎて袖がだぶだぶだ。,このうわぎはおおきすぎてそでがだぶだぶだ。,이 겉옷은 너무 커서 소매가 헐렁하다.
他方,たほう,다른 한편,JLPT_1 JLPT,kBVB0U>~W;,新薬は効果が高いが、他方で副作用も強い。,しんやくはこうかがたかいが、たほうでふくさようもつよい。,신약은 효과가 높지만 다른 한편으로 부작용도 강하다.
多忙,たぼう,다망·매우 바쁨,JLPT_1 JLPT,&tDV5aeSi,多忙な時期でも十分な睡眠を心掛ける。,たぼうなじきでもじゅうぶんなすいみんをこころがける。,매우 바쁜 시기에도 충분한 수면을 취하려고 한다.
給う,たまう,주시다·내리시다,JLPT_1 JLPT,o3qNRs#MmC,王よ、民の願いを聞き給え。,おうよ、たみのねがいをききたまえ。,"왕이시여, 백성의 소원을 들어주소서."
魂,たましい,영혼,JLPT_1 JLPT,Lule^<EV8B,彼は作品に職人の魂を込めた。,かれはさくひんにしょくにんのたましいをこめた。,그는 작품에 장인의 혼을 담았다.
溜まり,たまり,고임·쌓임,JLPT_1 JLPT,vn*T!ewBaY,部屋の隅に埃の溜まりができている。,へやのすみにほこりのたまりができている。,방구석에 먼지가 쌓여 있다.
賜る,たまわる,주시다·내리시다,JLPT_1 JLPT,HP!zs26?IS,このたびは貴重なご意見を賜り、感謝いたします。,このたびはきちょうなごいけんをたまわり、かんしゃいたします。,이번에 귀중한 의견을 주셔서 감사드립니다.
保つ,たもつ,유지하다,JLPT_1 JLPT,gTbXu)j!`=,室内の温度を一定に保ってください。,しつないのおんどをいっていにたもってください。,실내 온도를 일정하게 유지해 주세요.
たやすい,たやすい,쉽다·용이하다,JLPT_1 JLPT,AG]dUK?GLW,信頼を得るのは、たやすいことではない。,しんらいをえるのは、たやすいことではない。,신뢰를 얻는 것은 쉬운 일이 아니다.
多様,たよう,다양,JLPT_1 JLPT,vtZOkeWk&x,留学生が増え、教室の文化も多様になった。,りゅうがくせいがふえ、きょうしつのぶんかもたようになった。,유학생이 늘면서 교실의 문화도 다양해졌다.
だるい,だるい,나른하다·지루하다,JLPT_1 JLPT Intermediate_Japanese_Ln.12 Intermediate_Japanese,"ssq5O?,bMD",熱があるのか、朝から体がだるい。,ねつがあるのか、あさからからだがだるい。,열이 있는지 아침부터 몸이 나른하다.
弛み,たるみ,느슨함,JLPT_1 JLPT,CfA9KvwrNs,長く使った綱に弛みが出ている。,ながくつかったつなにたるみがでている。,오래 사용한 밧줄이 느슨해져 있다.
弛む,たるむ,느슨해지다·해이해지다,JLPT_1 JLPT,Q3_&mJpm{q,年齢とともに頬の皮膚が弛んできた。,ねんれいとともにほおのひふがたるんできた。,나이가 들면서 볼의 피부가 처지기 시작했다.
垂れる,たれる,늘어지다·드리워지다,JLPT_1 JLPT,"dR~s,A!paY",柳の枝が川面まで垂れている。,やなぎのえだがかわもまでたれている。,버드나무 가지가 강 수면까지 드리워져 있다.
タレント,タレント,탤런트·연예인,JLPT_1 JLPT,lrfU7E]iMP,人気タレントが式典の司会を務めた。,にんきたれんとがしきてんのしかいをつとめた。,인기 연예인이 기념식 사회를 맡았다.
タワー,タワー,타워·탑,JLPT_1 JLPT,v5:z0AFR9T,港のタワーから町全体を見渡した。,みなとのたわーからまちぜんたいをみわたした。,항구의 타워에서 마을 전체를 내려다보았다.
単一,たんいつ,단일,JLPT_1 JLPT,h$`k(ir0Rg,単一の基準だけで人を評価してはいけない。,たんいつのきじゅんだけでひとをひょうかしてはいけない。,단일 기준만으로 사람을 평가해서는 안 된다.
短歌,たんか,단가 (31음 절 시),JLPT_1 JLPT,Ir#MY^13Ie,旅先で見た春の景色を短歌に詠んだ。,たびさきでみたはるのけしきをたんかによんだ。,여행지에서 본 봄 풍경을 단가로 읊었다.
担架,たんか,들것,JLPT_1 JLPT,HV+tZ)Qo19,負傷した選手が担架で運ばれた。,ふしょうしたせんしゅがたんかではこばれた。,부상당한 선수가 들것에 실려 갔다.
短気,たんき,성미가 급함,JLPT_1 JLPT,"q,u5ZnTUee",短気を起こさず、まず相手の話を聞こう。,たんきをおこさず、まずあいてのはなしをきこう。,성급하게 화내지 말고 우선 상대의 말을 듣자.
団結,だんけつ,단결,JLPT_1 JLPT,nY!|1{!OCq,住民が団結して森林を守った。,じゅうみんがだんけつしてしんりんをまもった。,주민들이 단결하여 숲을 지켰다.
探検,たんけん,탐험,JLPT_1 JLPT,sRi|/nSA`o,調査隊は未知の洞窟を探検した。,ちょうさたいはみちのどうくつをたんけんした。,조사대는 미지의 동굴을 탐험했다.
断言,だんげん,단언,JLPT_1 JLPT,w+Gv2p_R~h,今の情報だけでは安全だと断言できない。,いまのじょうほうだけではあんぜんだとだんげんできない。,현재 정보만으로는 안전하다고 단언할 수 없다.
短縮,たんしゅく,단축,JLPT_1 JLPT,"loQag*w7,y",新しい路線で通勤時間が短縮された。,あたらしいろせんでつうきんじかんがたんしゅくされた。,새 노선으로 출퇴근 시간이 단축되었다.
断然,だんぜん,단연,JLPT_1 JLPT,i4oX5JR1dF,軽さならこちらの製品が断然優れている。,かるさならこちらのせいひんがだんぜんすぐれている。,가벼움이라면 이쪽 제품이 단연 뛰어나다.
炭素,たんそ,탄소,JLPT_1 JLPT,x^}A~2~z<O,この素材には炭素が多く含まれている。,このそざいにはたんそがおおくふくまれている。,이 소재에는 탄소가 많이 포함되어 있다.
短大,たんだい,전문대학,JLPT_1 JLPT,q^nCWsg[HX,姉は短大で栄養学を学んでいる。,あねはたんだいでえいようがくをまなんでいる。,언니는 전문대학에서 영양학을 공부하고 있다.
単調,たんちょう,단조로움,JLPT_1 JLPT,rL$X_?_Pk#,単調な作業が続くと集中力が落ちる。,たんちょうなさぎょうがつづくとしゅうちゅうりょくがおちる。,단조로운 작업이 계속되면 집중력이 떨어진다.
単独,たんどく,단독,JLPT_1 JLPT,esBhRW$7nM,記者は危険な地域へ単独で入った。,きしゃはきけんなちいきへたんどくではいった。,기자는 위험한 지역에 단독으로 들어갔다.
旦那,だんな,남편·주인,JLPT_1 JLPT,Eg]wBS#KM/,彼女の旦那は料理がとても上手だ。,かのじょのだんなはりょうりがとてもじょうずだ。,그녀의 남편은 요리를 아주 잘한다.
短波,たんぱ,단파,JLPT_1 JLPT,i|6Bns+L;/,山小屋で海外の短波放送を受信した。,やまごやでかいがいのたんぱほうそうをじゅしんした。,산장에서 해외 단파 방송을 수신했다.
蛋白質,たんぱくしつ,단백질,JLPT_1 JLPT,Jp^dQ($699,運動後は蛋白質を十分に取るとよい。,うんどうごはたんぱくしつをじゅうぶんにとるとよい。,운동 후에는 단백질을 충분히 섭취하는 것이 좋다.
ダンプ,ダンプ,덤프트럭,JLPT_1 JLPT,Nw}Lm}Btbw,大型のダンプが工事現場へ土砂を運ぶ。,おおがたのだんぷがこうじげんばへどしゃをはこぶ。,대형 덤프트럭이 공사 현장으로 토사를 나른다.
断面,だんめん,단면,JLPT_1 JLPT,GKBfUV.8Iw,木の断面に年輪がはっきり見える。,きのだんめんにねんりんがはっきりみえる。,나무 단면에 나이테가 선명하게 보인다.
弾力,だんりょく,탄력,JLPT_1 JLPT,msj@^X&|0|,この生地は柔らかくて弾力がある。,このきじはやわらかくてだんりょくがある。,이 천은 부드럽고 탄력이 있다.
治安,ちあん,치안,JLPT_1 JLPT,"BnO,YE-DZD",夜も安心して歩けるほど治安がよい。,よるもあんしんしてあるけるほどちあんがよい。,밤에도 안심하고 걸을 수 있을 만큼 치안이 좋다.
チームワーク,チームワーク,팀워크,JLPT_1 JLPT,P=nF6sUVt[,見事なチームワークで逆転に成功した。,みごとなちーむわーくでぎゃくてんにせいこうした。,훌륭한 팀워크로 역전에 성공했다.
チェンジ,チェンジ,체인지·변경,JLPT_1 JLPT,Dijxw<8QAe,後半に選手をチェンジして流れを変えた。,こうはんにせんしゅをちぇんじしてながれをかえた。,후반에 선수를 교체해 흐름을 바꿨다.
違える,ちがえる,틀리게 하다·다르게 하다,JLPT_1 JLPT,l%F*x{2Z?s,口座番号を一桁違えて入力してしまった。,こうざばんごうをひとけたちがえてにゅうりょくしてしまった。,계좌 번호를 한 자리 잘못 입력하고 말았다.
畜産,ちくさん,축산,JLPT_1 JLPT,JuGLp(:y{X,この地域では畜産が盛んに行われている。,このちいきではちくさんがさかんにおこなわれている。,이 지역에서는 축산이 활발하게 이루어지고 있다.
畜生,ちくしょう,축생·짐승·제기랄,JLPT_1 JLPT,vq_X{4/863,畜生、あと一歩で勝てたのに。,ちくしょう、あといっぽでかてたのに。,"젠장, 조금만 더 했으면 이길 수 있었는데."
蓄積,ちくせき,축적,JLPT_1 JLPT,Pr<}&RmAQ(,長時間の作業で疲労が蓄積している。,ちょうじかんのさぎょうでひろうがちくせきしている。,장시간 작업으로 피로가 쌓이고 있다.
地形,ちけい,지형,JLPT_1 JLPT,z9e8bk2QkU,複雑な地形のため救助隊の到着が遅れた。,ふくざつなちけいのためきゅうじょたいのとうちゃくがおくれた。,복잡한 지형 때문에 구조대의 도착이 늦어졌다.
知性,ちせい,지성,JLPT_1 JLPT,O7tGamj6Tf,彼女の落ち着いた話し方には知性が感じられる。,かのじょのおちついたはなしかたにはちせいがかんじられる。,그녀의 차분한 말투에서는 지성이 느껴진다.
乳,ちち,젖·유방·우유,JLPT_1 JLPT,"l,=LW~Hy+r",赤ん坊が母親の乳を懸命に飲んでいる。,あかんぼうがははおやのちちをけんめいにのんでいる。,아기가 어머니의 젖을 열심히 먹고 있다.
縮まる,ちぢまる,줄어들다·단축되다,JLPT_1 JLPT,wu7wbA:9_;,話し合ううちに二人の距離が縮まった。,はなしあううちにふたりのきょりがちぢまった。,이야기를 나누는 사이 두 사람의 거리가 좁혀졌다.
秩序,ちつじょ,질서,JLPT_1 JLPT Intermediate_Japanese_Ln.10 Intermediate_Japanese,P)jMU1FkFO,混乱した会場にようやく秩序が戻った。,こんらんしたかいじょうにようやくちつじょがもどった。,혼란스러웠던 행사장에 마침내 질서가 돌아왔다.
窒息,ちっそく,질식,JLPT_1 JLPT,fDBko;}]D,煙を吸い込むと窒息する危険がある。,けむりをすいこむとちっそくするきけんがある。,연기를 들이마시면 질식할 위험이 있다.
知的,ちてき,지적임·지적인,JLPT_1 JLPT,jiAkN.}ZmV,彼女の話し方は知的で落ち着いている。,かのじょのはなしかたはちてきでおちついている。,그녀의 말투는 지적이고 차분하다.
着手,ちゃくしゅ,착수,JLPT_1 JLPT,F[_a*7LJN.,警察は直ちに事故原因の調査に着手した。,けいさつはただちにじこげんいんのちょうさにちゃくしゅした。,경찰은 즉시 사고 원인 조사에 착수했다.
着色,ちゃくしょく,착색,JLPT_1 JLPT,N#Q=xWnJKS,この菓子は植物由来の色素で着色されている。,このかしはしょくぶつゆらいのしきそでちゃくしょくされている。,이 과자는 식물 유래 색소로 착색되어 있다.
着席,ちゃくせき,착석,JLPT_1 JLPT,MeN__AKyp|,参加者が全員着席してから説明を始めた。,さんかしゃがぜんいんちゃくせきしてからせつめいをはじめた。,참가자가 모두 착석한 뒤 설명을 시작했다.
着目,ちゃくもく,착목·주목,JLPT_1 JLPT,wi@WVZX@m|,研究班は素材の耐久性に着目した。,けんきゅうはんはそざいのたいきゅうせいにちゃくもくした。,연구팀은 소재의 내구성에 주목했다.
着陸,ちゃくりく,착륙,JLPT_1 JLPT,b|+eNo%pfV,飛行機は強風の中を無事に着陸した。,ひこうきはきょうふうのなかをぶじにちゃくりくした。,비행기는 강풍 속에서 무사히 착륙했다.
着工,ちゃっこう,착공,JLPT_1 JLPT,Ew6+3{D_ru,市は来月、新しい校舎の建設に着工する。,しはらいげつ、あたらしいこうしゃのけんせつにちゃっこうする。,시는 다음 달 새 교사 건설에 착공한다.
茶の間,ちゃのま,거실·다실,JLPT_1 JLPT,N9-wCuA<Rp,夕食後は家族みんなが茶の間に集まる。,ゆうしょくごはかぞくみんながちゃのまにあつまる。,저녁 식사 후에는 온 가족이 거실에 모인다.
茶の湯,ちゃのゆ,다도,JLPT_1 JLPT,ejvH[/WC(/,祖母の勧めで茶の湯を習い始めた。,そぼのすすめでちゃのゆをならいはじめた。,할머니의 권유로 다도를 배우기 시작했다.
ちやほや,ちやほや,오냐오냐함·치켜세움,JLPT_1 JLPT,p7xbFu82u*,子供をちやほやして甘やかしてはいけない。,こどもをちやほやしてあまやかしてはいけない。,아이를 떠받들며 응석받이로 키워서는 안 된다.
チャンネル,チャンネル,채널,JLPT_1 JLPT,nV5l[5`h]F,見たい番組を探してチャンネルを変えた。,みたいばんぐみをさがしてちゃんねるをかえた。,보고 싶은 프로그램을 찾아 채널을 바꿨다.
宙返り,ちゅうがえり,공중제비,JLPT_1 JLPT,G#D%$XG0_r,体操選手が見事な宙返りを披露した。,たいそうせんしゅがみごとなちゅうがえりをひろうした。,체조 선수가 멋진 공중제비를 선보였다.
中継,ちゅうけい,중계,JLPT_1 JLPT,MWNEDyrDN$,決勝戦は全国に生中継された。,けっしょうせんはぜんこくになまちゅうけいされた。,결승전은 전국에 생중계되었다.
忠告,ちゅうこく,충고,JLPT_1 JLPT,N9-O04D*/i,友人の忠告を聞かずに失敗した。,ゆうじんのちゅうこくをきかずにしっぱいした。,친구의 충고를 듣지 않아 실패했다.
中傷,ちゅうしょう,중상·비방,JLPT_1 JLPT,p0CsH{8#JZ,根拠のない中傷で彼の名誉が傷ついた。,こんきょのないちゅうしょうでかれのめいよがきずついた。,근거 없는 비방으로 그의 명예가 훼손되었다.
中枢,ちゅうすう,중추,JLPT_1 JLPT,r%Mjj+Ek{5,首都は政治と経済の中枢を担っている。,しゅとはせいじとけいざいのちゅうすうをになっている。,수도는 정치와 경제의 중추를 담당하고 있다.
抽選,ちゅうせん,추첨,JLPT_1 JLPT,0KYkNtfpJ,応募者が多いため、参加者は抽選で決める。,おうぼしゃがおおいため、さんかしゃはちゅうせんできめる。,응모자가 많아서 참가자는 추첨으로 정한다.
中断,ちゅうだん,중단,JLPT_1 JLPT,w>%6r/va[-,雷雨のため試合が一時中断された。,らいうのためしあいがいちじちゅうだんされた。,뇌우 때문에 경기가 잠시 중단되었다.
中毒,ちゅうどく,중독,JLPT_1 JLPT,LzJ=jxfHor,古い暖房器具による一酸化炭素中毒が起きた。,ふるいだんぼうきぐによるいっさんかたんそちゅうどくがおきた。,낡은 난방 기구로 인한 일산화탄소 중독이 발생했다.
中腹,ちゅうふく,산 중턱,JLPT_1 JLPT,tB+gKvvwou,山の中腹に小さな寺がある。,やまのちゅうふくにちいさなてらがある。,산 중턱에 작은 절이 있다.
中立,ちゅうりつ,중립,JLPT_1 JLPT,PZFB#``%5o,委員長は議論で中立の立場を保った。,いいんちょうはぎろんでちゅうりつのたちばをたもった。,위원장은 논의에서 중립적인 입장을 유지했다.
中和,ちゅうわ,중화,JLPT_1 JLPT,nyH&P(=%8Y,酸性の土壌を石灰で中和する。,さんせいのどじょうをせっかいでちゅうわする。,산성 토양을 석회로 중화한다.
～著,～ちょ,~저·~저술,JLPT_1 JLPT,fQ0a}K7p9f,現役医師著の解説書がよく売れている。,げんえきいしちょのかいせつしょがよくうれている。,현직 의사가 저술한 해설서가 잘 팔리고 있다.
腸,ちょう,장·창자,JLPT_1 JLPT,K%kn{5[S%7,腸の働きを整えるために食物繊維を取る。,ちょうのはたらきをととのえるためにしょくもつせんいをとる。,장의 기능을 조절하기 위해 식이 섬유를 섭취한다.
蝶,ちょう,나비,JLPT_1 JLPT,q;0HqmYw1-,色鮮やかな蝶が花から花へ飛んでいる。,いろあざやかなちょうがはなからはなへとんでいる。,화려한 색의 나비가 꽃에서 꽃으로 날아다닌다.
超,ちょう,초~ (슈퍼·울트라),JLPT_1 JLPT,Eiftj43[ej,その新作は発売前から超人気だ。,そのしんさくははつばいまえからちょうにんきだ。,그 신작은 출시 전부터 엄청난 인기다.
調印,ちょういん,조인·서명,JLPT_1 JLPT,+X8b+]_hF,両国の代表が平和条約に調印した。,りょうこくのだいひょうがへいわじょうやくにちょういんした。,양국 대표가 평화 조약에 서명했다.
聴覚,ちょうかく,청각,JLPT_1 JLPT,C>6Ay%IdDe,事故で一時的に聴覚を失った。,じこでいちじてきにちょうかくをうしなった。,사고로 일시적으로 청각을 잃었다.
長官,ちょうかん,장관·국장,JLPT_1 JLPT,"H,v:QJS0Yi",長官は記者会見で辞任を表明した。,ちょうかんはきしゃかいけんでじにんをひょうめいした。,장관은 기자 회견에서 사임을 표명했다.
聴講,ちょうこう,청강,JLPT_1 JLPT,dMxJpHdu-m,専門外だが、公開講座を聴講した。,せんもんがいだが、こうかいこうざをちょうこうした。,전문 분야는 아니지만 공개 강좌를 청강했다.
徴収,ちょうしゅう,징수,JLPT_1 JLPT,LIId5$2fh5,市は住民から税金を徴収する。,しはじゅうみんからぜいきんをちょうしゅうする。,시는 주민에게서 세금을 징수한다.
聴診器,ちょうしんき,청진기,JLPT_1 JLPT,A2>D_NQ`=%,医師は聴診器を胸に当てた。,いしはちょうしんきをむねにあてた。,의사는 청진기를 가슴에 댔다.
調停,ちょうてい,조정·중재,JLPT_1 JLPT,zrfL7jNQ@_,第三者の調停で争いが解決した。,だいさんしゃのちょうていであらそいがかいけつした。,제삼자의 중재로 분쟁이 해결되었다.
重複,ちょうふく,중복,JLPT_1 JLPT,yXhchN!{a9,予約が重複して同じ部屋に二組が来た。,よやくがちょうふくしておなじへやにふたくみがきた。,예약이 중복되어 같은 방에 두 일행이 왔다.
長編,ちょうへん,장편,JLPT_1 JLPT,u19=nL^X<],休暇中に長編小説を一冊読み終えた。,きゅうかちゅうにちょうへんしょうせつをいっさつよみおえた。,휴가 중에 장편 소설 한 권을 다 읽었다.
重宝,ちょうほう,편리함·중하게 여김,JLPT_1 JLPT,P`*HZ|)=W),少量の料理にはこの小型の鍋が重宝する。,しょうりょうのりょうりにはこのこがたのなべがちょうほうする。,적은 양을 요리할 때는 이 작은 냄비가 유용하다.
調理,ちょうり,조리·요리,JLPT_1 JLPT,P`dt.f6=&.,魚は十分に加熱して調理してください。,さかなはじゅうぶんにかねつしてちょうりしてください。,생선은 충분히 가열해서 조리해 주세요.
調和,ちょうわ,조화,JLPT_1 JLPT,MQV-Mk:gSq,古い町並みと新しい建物が調和している。,ふるいまちなみとあたらしいたてものがちょうわしている。,옛 거리 풍경과 새 건물이 조화를 이루고 있다.
ちょくちょく,ちょくちょく,자주·빈번히,JLPT_1 JLPT,eXEksqIu&w,彼は仕事帰りにこの店へちょくちょく寄る。,かれはしごとがえりにこのみせへちょくちょくよる。,그는 퇴근길에 이 가게에 자주 들른다.
直面,ちょくめん,직면,JLPT_1 JLPT,Q%puR-vfcY,会社は深刻な人手不足に直面している。,かいしゃはしんこくなひとでぶそくにちょくめんしている。,회사는 심각한 인력 부족에 직면해 있다.
著書,ちょしょ,저서,JLPT_1 JLPT,k8We;qzOF?,先生から署名入りの著書をいただいた。,せんせいからしょめいいりのちょしょをいただいた。,선생님께 서명이 담긴 저서를 받았다.
貯蓄,ちょちく,저축,JLPT_1 JLPT,yk~={SS:?P,老後に備えて毎月収入の一部を貯蓄する。,ろうごにそなえてまいつきしゅうにゅうのいちぶをちょちくする。,노후에 대비해 매달 수입의 일부를 저축한다.
直感,ちょっかん,직감,JLPT_1 JLPT,QySp}y0;^p,直感で選んだ道が正しかった。,ちょっかんでえらんだみちがただしかった。,직감으로 선택한 길이 옳았다.
著名,ちょめい,저명·유명함,JLPT_1 JLPT,X^slZ{jL{,その賞の審査員には著名な作家たちが名を連ねる。,そのしょうのしんさいんにはちょめいなさっかたちがなをつらねる。,그 상의 심사위원에는 저명한 작가들이 이름을 올린다.
ちらっと,ちらっと,슬쩍·잠깐,JLPT_1 JLPT,N3Y^D/sd+D,窓の外に白い影がちらっと見えた。,まどのそとにしろいかげがちらっとみえた。,창밖으로 하얀 그림자가 언뜻 보였다.
塵,ちり,먼지·티끌,JLPT_1 JLPT,E+SU)Yck+x,棚の上には塵一つなかった。,たなのうえにはちりひとつなかった。,선반 위에는 먼지 하나 없었다.
塵取り,ちりとり,쓰레받기,JLPT_1 JLPT,APKgG.~B~%,ほうきで集めたごみを塵取りに入れた。,ほうきであつめたごみをちりとりにいれた。,빗자루로 모은 쓰레기를 쓰레받기에 담았다.
賃金,ちんぎん,임금,JLPT_1 JLPT,R~b_`JWOQ,物価の上昇に賃金が追いついていない。,ぶっかのじょうしょうにちんぎんがおいついていない。,임금이 물가 상승을 따라가지 못하고 있다.
沈殿,ちんでん,침전,JLPT_1 JLPT,G+XQh2h;J,時間がたつと容器の底に砂が沈殿する。,じかんがたつとようきのそこにすながちんでんする。,시간이 지나면 용기 바닥에 모래가 침전한다.
沈没,ちんぼつ,침몰,JLPT_1 JLPT,iW4PqKe`G4,貨物船は嵐に遭い、沖合で沈没した。,かもつせんはあらしにあい、おきあいでちんぼつした。,화물선은 폭풍을 만나 앞바다에서 침몰했다.
沈黙,ちんもく,침묵,JLPT_1 JLPT,px*6fcGx;&,質問を受けた彼は長い沈黙の後で口を開いた。,しつもんをうけたかれはながいちんもくのあとでくちをひらいた。,질문을 받은 그는 긴 침묵 끝에 입을 열었다.
陳列,ちんれつ,진열,JLPT_1 JLPT,iwMSM}M#]k,店先に旬の果物が陳列されている。,みせさきにしゅんのくだものがちんれつされている。,가게 앞에 제철 과일이 진열되어 있다.
追及,ついきゅう,추궁·조사,JLPT_1 JLPT,noU*13b5O-,記者は不正支出の責任を厳しく追及した。,きしゃはふせいししゅつのせきにんをきびしくついきゅうした。,기자는 부정 지출의 책임을 엄격히 추궁했다.
追跡,ついせき,추적,JLPT_1 JLPT,x&s%FCI5Z$,警察は逃走する容疑者を車で追跡した。,けいさつはとうそうするようぎしゃをくるまでついせきした。,경찰은 도주하는 용의자를 차로 추적했다.
追放,ついほう,추방,JLPT_1 JLPT,wlC&^*I(#k,規則を破った選手は競技団体から追放された。,きそくをやぶったせんしゅはきょうぎだんたいからついほうされた。,규칙을 어긴 선수는 경기 단체에서 추방되었다.
費やす,ついやす,소비하다·허비하다,JLPT_1 JLPT,H-?H<E[N4R,彼は十年を研究に費やした。,かれはじゅうねんをけんきゅうについやした。,그는 십 년을 연구에 쏟았다.
墜落,ついらく,추락,JLPT_1 JLPT,GIlG86j>ft,小型機が山中に墜落した。,こがたきがさんちゅうについらくした。,소형 항공기가 산속에 추락했다.
痛感,つうかん,통감,JLPT_1 JLPT,w#*!ZaG>/&,現場を見て問題の深刻さを痛感した。,げんばをみてもんだいのしんこくさをつうかんした。,현장을 보고 문제의 심각성을 통감했다.
通常,つうじょう,통상·보통,JLPT_1 JLPT,CK7#B(npW6,通常は申請から一週間ほどで届く。,つうじょうはしんせいからいっしゅうかんほどでとどく。,보통은 신청 후 일주일 정도면 도착한다.
痛切,つうせつ,통절함·뼈저림,JLPT_1 JLPT,P)gMK#>#mQ,失敗を通じて準備の大切さを痛切に感じた。,しっぱいをつうじてじゅんびのたいせつさをつうせつにかんじた。,실패를 통해 준비의 중요성을 뼈저리게 느꼈다.
杖,つえ,지팡이,JLPT_1 JLPT,E%FRI/LaC<,祖母は杖をついてゆっくり歩く。,そぼはつえをついてゆっくりあるく。,할머니는 지팡이를 짚고 천천히 걷는다.
使い道,つかいみち,용도·사용처,JLPT_1 JLPT,C.3OB5&{uj,空いた部屋の使い道を家族で話し合った。,あいたへやのつかいみちをかぞくではなしあった。,빈 방의 용도를 가족끼리 의논했다.
仕える,つかえる,섬기다·봉사하다,JLPT_1 JLPT,"yJ9cY,O`h(",彼は長年、王に仕えて国政を支えた。,かれはながねん、おうにつかえてこくせいをささえた。,그는 오랫동안 왕을 섬기며 국정을 뒷받침했다.
司る,つかさどる,다스리다·관장하다,JLPT_1 JLPT,N0ki8Oo?OJ,自律神経は体温の調節を司る。,じりつしんけいはたいおんのちょうせつをつかさどる。,자율 신경은 체온 조절을 관장한다.
つかの間,つかのま,잠깐 동안·순식간,JLPT_1 JLPT,"HjZRq7,M3q",昼休みには、つかの間の休息を取った。,ひるやすみには、つかのまのきゅうそくをとった。,점심시간에는 잠깐 휴식을 취했다.
月並,つきなみ,평범함·진부함·매월,JLPT_1 JLPT,"s,jIH8HGr)",月並な感想しか言えず、少し恥ずかしかった。,つきなみなかんそうしかいえず、すこしはずかしかった。,진부한 감상밖에 말하지 못해 조금 부끄러웠다.
継目,つぎめ,이음매,JLPT_1 JLPT,g`*Hbj}:;n,水道管の継目から水が漏れている。,すいどうかんのつぎめからみずがもれている。,수도관 이음매에서 물이 새고 있다.
尽きる,つきる,다하다·끝나다,JLPT_1 JLPT,D@MfPrj.$e,親友とは何時間話しても話題が尽きない。,しんゆうとはなんじかんはなしてもわだいがつきない。,절친과는 몇 시간을 이야기해도 화제가 끊이지 않는다.
尽くす,つくす,다하다·애쓰다,JLPT_1 JLPT,du~n(l-y;V,医師は患者の回復に力を尽くした。,いしはかんじゃのかいふくにちからをつくした。,의사는 환자의 회복에 온 힘을 다했다.
つくづく,つくづく,곰곰이·절실히,JLPT_1 JLPT,sr:&|?%)^o,病気をして、健康の大切さをつくづく感じた。,びょうきをして、けんこうのたいせつさをつくづくかんじた。,병을 앓고 나서 건강의 소중함을 절실히 느꼈다.
作り,つくり,만듦새·구조·체격,JLPT_1 JLPT,k)o<GJT`g{,この机は簡素だが丈夫な作りだ。,このつくえはかんそだがじょうぶなつくりだ。,이 책상은 단순하지만 튼튼한 구조다.
造り,つくり,건조·구조·체격,JLPT_1 JLPT,yc(=JOoe^y,この寺は古いが、今も頑丈な造りを保っている。,このてらはふるいが、いまもがんじょうなつくりをたもっている。,이 절은 오래되었지만 지금도 견고한 구조를 유지하고 있다.
繕う,つくろう,수선하다·겉치레하다,JLPT_1 JLPT,rVgUbJ=*17,祖母が破れた靴下を丁寧に繕った。,そぼがやぶれたくつしたをていねいにつくろった。,할머니가 찢어진 양말을 정성껏 꿰매었다.
付け加える,つけくわえる,덧붙이다,JLPT_1 JLPT,G(BFo.4q2m,説明の最後に注意点を一つ付け加えた。,せつめいのさいごにちゅういてんをひとつつけくわえた。,설명 마지막에 주의 사항을 하나 덧붙였다.
告げる,つげる,알리다·고하다,JLPT_1 JLPT,<m$M~A%1_,鐘の音が授業の終わりを告げた。,かねのおとがじゅぎょうのおわりをつげた。,종소리가 수업의 끝을 알렸다.
辻褄 (はなしの～),つじつま (はなしの～),사리·계산·조리·앞뒤가 맞음,JLPT_1 JLPT,jvc[~0R.1u,彼の話はところどころ辻褄が合わない。,かれのはなしはところどころつじつまがあわない。,그의 이야기는 군데군데 앞뒤가 맞지 않는다.
筒,つつ,통·원통,JLPT_1 JLPT,w^XrZ[jgo`,卒業証書を筒に入れて保管した。,そつぎょうしょうしょをつつにいれてほかんした。,졸업 증서를 통에 넣어 보관했다.
突く,つつく,찌르다·툭툭 치다,JLPT_1 JLPT,B*u&&$(Hd.,子供が風船を指で軽く突いた。,こどもがふうせんをゆびでかるくつついた。,아이가 풍선을 손가락으로 살짝 찔렀다.
突っ突く,つっつく,쿡쿡 찌르다·자극하다,JLPT_1 JLPT,"p5=i4N,JuA",友人に脇腹を何度も突っ突かれた。,ゆうじんにわきばらをなんどもつっつかれた。,친구가 내 옆구리를 몇 번이나 쿡쿡 찔렀다.
謹む,つつしむ,삼가다·조심하다,JLPT_1 JLPT,gh_.MQ25nu,故人のご冥福を謹んでお祈りいたします。,こじんのごめいふくをつつしんでおいのりいたします。,고인의 명복을 삼가 기원합니다.
突っ張る,つっぱる,버티다·우기다·뻣뻣해지다,JLPT_1 JLPT,J%0:#u3#VS,強風に備えて扉を棒で突っ張った。,きょうふうにそなえてとびらをぼうでつっぱった。,강풍에 대비해 문을 막대기로 버텨 놓았다.
務まる,つとまる,감당해 내다·적임이다,JLPT_1 JLPT,cvC_+6=O[(,経験の浅い私に責任者が務まるだろうか。,けいけんのあさいわたしにせきにんしゃがつとまるだろうか。,경험이 부족한 내가 책임자 역할을 감당할 수 있을까.
勤め先,つとめさき,근무처·직장,JLPT_1 JLPT,d%0{lsg|M/,勤め先は駅から歩いて十分ほどだ。,つとめさきはえきからあるいてじゅっぷんほどだ。,직장은 역에서 걸어서 10분 정도 거리다.
努めて,つとめて,애써·가급적,JLPT_1 JLPT,ie5f<%K4c(,会議では努めて冷静に話すよう心掛けた。,かいぎではつとめてれいせいにはなすようこころがけた。,회의에서는 되도록 침착하게 말하려고 노력했다.
津波,つなみ,쓰나미·해일,JLPT_1 JLPT,MNnk0OWf1x,大きな地震の後、沿岸に津波が押し寄せた。,おおきなじしんのあと、えんがんにつなみがおしよせた。,큰 지진 뒤 해안에 쓰나미가 밀려왔다.
抓る,つねる,꼬집다,JLPT_1 JLPT,uFreoT2Btm,夢ではないかと自分の頬を抓った。,ゆめではないかとじぶんのほおをつねった。,꿈이 아닌가 싶어 자기 볼을 꼬집었다.
角,つの,뿔,JLPT_1 JLPT,de#UEAK(5-,雄鹿の立派な角が枝に引っ掛かった。,おじかのりっぱなつのがえだにひっかかった。,수사슴의 훌륭한 뿔이 나뭇가지에 걸렸다.
募る,つのる,모집하다·심해지다,JLPT_1 JLPT,LoJ`r.LWA^,地域の祭りを手伝う人を広く募った。,ちいきのまつりをてつだうひとをひろくつのった。,지역 축제를 도울 사람을 널리 모집했다.
唾,つば,침,JLPT_1 JLPT,BsP8}KfBI.,緊張のあまり何度も唾を飲み込んだ。,きんちょうのあまりなんどもつばをのみこんだ。,너무 긴장한 나머지 몇 번이나 침을 삼켰다.
呟く,つぶやく,중얼거리다,JLPT_1 JLPT,ug.@5E|3HH,彼は誰にも聞こえない声で呟いた。,かれはだれにもきこえないこえでつぶやいた。,그는 아무에게도 들리지 않는 목소리로 중얼거렸다.
つぶら,つぶら,둥글둥글한,JLPT_1 JLPT,ef4-=?4kR%,その子はつぶらな瞳で私を見上げた。,そのこはつぶらなひとみでわたしをみあげた。,그 아이는 동그란 눈망울로 나를 올려다보았다.
つぶる (めを～),つぶる (めを～),(눈을) 감다,JLPT_1 JLPT,ndE`WwYDbY,まぶしい光を避けて目をつぶった。,まぶしいひかりをさけてめをつぶった。,눈부신 빛을 피해 눈을 감았다.
壺,つぼ,항아리·단지,JLPT_1 JLPT,C3S8JvZPeU,玄関の古い壺に季節の花を生けた。,げんかんのふるいつぼにきせつのはなをいけた。,현관의 오래된 항아리에 제철 꽃을 꽂았다.
蕾,つぼみ,꽃봉오리,JLPT_1 JLPT,"QMJ,;+-HP?",庭の桜はまだ固い蕾を付けている。,にわのさくらはまだかたいつぼみをつけている。,정원의 벚나무에는 아직 단단한 꽃봉오리가 맺혀 있다.
連なる,つらなる,줄지어 있다·연하다,JLPT_1 JLPT,mp~Cp%LGWd,雪を頂いた山々が遠くまで連なっている。,ゆきをいただいたやまやまがとおくまでつらなっている。,눈 덮인 산들이 멀리까지 줄지어 있다.
貫く,つらぬく,관통하다·일관하다,JLPT_1 JLPT,j32^3)_a~A,反対されても自分の信念を貫いた。,はんたいされてもじぶんのしんねんをつらぬいた。,반대를 받아도 자신의 신념을 관철했다.
連ねる,つらねる,줄지어 놓다·나열하다,JLPT_1 JLPT,"f,+4Zn,xV[",受賞者一覧には著名な作家が名を連ねている。,じゅしょうしゃいちらんにはちょめいなさっかがなをつらねている。,수상자 명단에는 저명한 작가들이 이름을 올리고 있다.
釣り鐘,つりがね,범종·종,JLPT_1 JLPT,NCQt3~fkfu,寺の釣り鐘が静かな町に響いた。,てらのつりがねがしずかなまちにひびいた。,절의 범종 소리가 고요한 마을에 울려 퍼졌다.
吊り革,つりかわ,(버스 등의) 손잡이,JLPT_1 JLPT,djH0o!(*c9,揺れる電車で吊り革をしっかり握った。,ゆれるでんしゃでつりかわをしっかりにぎった。,흔들리는 전철에서 손잡이를 꽉 잡았다.
手当,てあて,준비·수당·처치,JLPT_1 JLPT,"re,MYOrC&P",転んだ子供の傷に応急手当を施した。,ころんだこどものきずにおうきゅうてあてをほどこした。,넘어진 아이의 상처에 응급 처치를 했다.
定義,ていぎ,정의,JLPT_1 JLPT,Ju;[Z@>(rL,議論の前に重要な用語の定義を確認した。,ぎろんのまえにじゅうようなようごのていぎをかくにんした。,토론 전에 중요한 용어의 정의를 확인했다.
提供,ていきょう,제공,JLPT_1 JLPT,nfoi|;u&u/,市が撮影場所を無料で提供してくれた。,しがさつえいばしょをむりょうでていきょうしてくれた。,시에서 촬영 장소를 무료로 제공해 주었다.
提携,ていけい,제휴,JLPT_1 JLPT,LK&~}-CW`X,両社は新技術の開発で提携した。,りょうしゃはしんぎじゅつのかいはつでていけいした。,두 회사는 신기술 개발에서 제휴했다.
体裁,ていさい,체면·겉모양·스타일,JLPT_1 JLPT,Pn+88/;c&{,報告書の体裁を整えてから提出した。,ほうこくしょのていさいをととのえてからていしゅつした。,보고서의 형식을 다듬은 뒤 제출했다.
提示,ていじ,제시,JLPT_1 JLPT,"ghC1,HWr`q",受付で身分証明書の提示を求められた。,うけつけでみぶんしょうめいしょのていじをもとめられた。,접수처에서 신분증 제시를 요구받았다.
ティシュペーパー,ティシュペーパー,티슈·화장지,JLPT_1 JLPT,E?F_x/Bz#;,くしゃみが出てティシュペーパーを一枚取った。,くしゃみがでててぃしゅぺーぱーをいちまいとった。,재채기가 나서 티슈를 한 장 뽑았다.
定食,ていしょく,정식,JLPT_1 JLPT Intermediate_Japanese_Ln.13 Intermediate_Japanese,dh@a8noi3!,昼は食堂で焼き魚定食を頼んだ。,ひるはしょくどうでやきざかなていしょくをたのんだ。,점심에는 식당에서 생선구이 정식을 주문했다.
訂正,ていせい,정정,JLPT_1 JLPT,xK_nbbN*:9,資料の誤りに気付き、すぐに訂正した。,しりょうのあやまりにきづき、すぐにていせいした。,자료의 오류를 발견하고 즉시 정정했다.
停滞,ていたい,정체,JLPT_1 JLPT,IS{H3A{d1v,消費の低迷で国内経済が停滞している。,しょうひのていめいでこくないけいざいがていたいしている。,소비 부진으로 국내 경제가 정체되어 있다.
邸宅,ていたく,저택,JLPT_1 JLPT,y<*6&i/ulR,丘の上に古い石造りの邸宅が建っている。,おかのうえにふるいいしづくりのていたくがたっている。,언덕 위에 오래된 석조 저택이 서 있다.
定年,ていねん,정년,JLPT_1 JLPT,L&j?pv3_Qz,父は来年、定年を迎える。,ちちはらいねん、ていねんをむかえる。,아버지는 내년에 정년을 맞는다.
堤防,ていぼう,제방·둑,JLPT_1 JLPT,vS/&|1=DC6,大雨で川の堤防が一部崩れた。,おおあめでかわのていぼうがいちぶくずれた。,폭우로 강의 제방 일부가 무너졌다.
手遅れ,ておくれ,때를 놓침,JLPT_1 JLPT,nekju?5ubj,症状を放置して手遅れになってしまった。,しょうじょうをほうちしてておくれになってしまった。,증상을 방치해 때를 놓치고 말았다.
でかい,でかい,크다·커다랗다,JLPT_1 JLPT,Jx@s8-_D#U,釣り上げた魚が予想以上にでかい。,つりあげたさかながよそういじょうにでかい。,낚아 올린 물고기가 예상보다 훨씬 크다.
手掛かり,てがかり,단서·실마리,JLPT_1 JLPT,tv6_fmP+C^,現場に残された靴跡が犯人の手掛かりとなった。,げんばにのこされたくつあとがはんにんのてがかりとなった。,현장에 남은 신발 자국이 범인을 찾는 단서가 되었다.
手掛ける,てがける,직접 다루다·돌보다,JLPT_1 JLPT,b`U6.}VMxH,彼は多くの公共施設の設計を手掛けた。,かれはおおくのこうきょうしせつのせっけいをてがけた。,그는 많은 공공시설의 설계를 직접 맡았다.
手数,てかず,수고·번거로움,JLPT_1 JLPT,JN-JN1T)fO,守りを崩すには攻撃の手数を増やす必要がある。,まもりをくずすにはこうげきのてかずをふやすひつようがある。,수비를 무너뜨리려면 공격 횟수를 늘릴 필요가 있다.
手軽,てがる,손쉬움·간편함,JLPT_1 JLPT,O$[ge5&iL_,忙しい朝でも手軽に作れる料理だ。,いそがしいあさでもてがるにつくれるりょうりだ。,바쁜 아침에도 간편하게 만들 수 있는 요리다.
適応,てきおう,적응,JLPT_1 JLPT,qk3tIV:T3#,新しい環境に適応するまで時間がかかった。,あたらしいかんきょうにてきおうするまでじかんがかかった。,새로운 환경에 적응하기까지 시간이 걸렸다.
適宜,てきぎ,적의·적절히,JLPT_1 JLPT,jN;;V2!rB&,資料は必要に応じて適宜修正してください。,しりょうはひつようにおうじててきぎしゅうせいしてください。,자료는 필요에 따라 적절히 수정해 주세요.
適性,てきせい,적성,JLPT_1 JLPT,piX3]-NbDU,面接と実技試験で仕事への適性を確かめる。,めんせつとじつぎしけんでしごとへのてきせいをたしかめる。,면접과 실기 시험으로 업무 적성을 확인한다.
出来物,できもの,종기·뾰루지,JLPT_1 JLPT,O_GU07-J5^,額に赤い出来物ができて痛い。,ひたいにあかいできものができていたい。,이마에 붉은 뾰루지가 나서 아프다.
手際,てぎわ,솜씨·수완,JLPT_1 JLPT,bEAk|h>/cN,店員は注文を手際よくさばいた。,てんいんはちゅうもんをてぎわよくさばいた。,점원은 주문을 능숙하게 처리했다.
出くわす,でくわす,우연히 만나다,JLPT_1 JLPT,Q2(sjkHGlO,帰り道で突然の大雨に出くわした。,かえりみちでとつぜんのおおあめにでくわした。,돌아오는 길에 갑작스러운 폭우를 만났다.
手順,てじゅん,순서·절차,JLPT_1 JLPT Intermediate_Japanese_Ln.12 Intermediate_Japanese,c1%awvoN<G,説明書の手順に従って棚を組み立てた。,せつめいしょのてじゅんにしたがってたなをくみたてた。,설명서의 절차에 따라 선반을 조립했다.
手錠,てじょう,수갑,JLPT_1 JLPT,M]H9j1Gt/U,警察官は容疑者の両手に手錠をかけた。,けいさつかんはようぎしゃのりょうてにてじょうをかけた。,경찰관은 용의자의 두 손에 수갑을 채웠다.
手数,てすう,수고·번거로움,JLPT_1 JLPT,f]Aus5bfMZ,お手数ですが、こちらにも署名をお願いします。,おてすうですが、こちらにもしょめいをおねがいします。,번거로우시겠지만 이쪽에도 서명해 주세요.
デコレーション,デコレーション,장식,JLPT_1 JLPT,K-]Gk*htnp,会場には華やかなデコレーションが施された。,かいじょうにははなやかなでこれーしょんがほどこされた。,행사장에는 화려한 장식이 더해졌다.
手近,てぢか,가까움·곁,JLPT_1 JLPT,I~^!M@4Nmr,手近な箱を椅子代わりに使った。,てぢかなはこをいすがわりにつかった。,가까이 있던 상자를 의자 대신 사용했다.
てっきり,てっきり,틀림없이·분명히,JLPT_1 JLPT,K?Vg%~I#2j,てっきり今日は休みだと思っていた。,てっきりきょうはやすみだとおもっていた。,오늘은 틀림없이 쉬는 날인 줄 알았다.
鉄鋼,てっこう,철강,JLPT_1 JLPT,rVT@BH(A<O,この港から鉄鋼製品が各国へ輸出される。,このみなとからてっこうせいひんがかっこくへゆしゅつされる。,이 항구에서 철강 제품이 각국으로 수출된다.
デッサン,デッサン,데생·스케치,JLPT_1 JLPT,E=Z>y*~.3/,美術室で人物をデッサンした。,びじゅつしつでじんぶつをでっさんした。,미술실에서 인물을 데생했다.
徹する,てっする,철저히 하다·사무치다,JLPT_1 JLPT,"vaiF^,!jUj",彼は大会まで基礎練習に徹した。,かれはたいかいまできそれんしゅうにてっした。,그는 대회 전까지 기초 연습에 전념했다.
てっぺん,てっぺん,꼭대기·정상,JLPT_1 JLPT,e*DdFUG2(%,木のてっぺんに鳥が巣を作った。,きのてっぺんにとりがすをつくった。,나무 꼭대기에 새가 둥지를 틀었다.
鉄棒,てつぼう,철봉,JLPT_1 JLPT,r<o!(5nPnk,子供が公園の鉄棒で逆上がりを練習している。,こどもがこうえんのてつぼうでさかあがりをれんしゅうしている。,아이가 공원 철봉에서 거꾸로 오르기를 연습하고 있다.
出直し,でなおし,다시 시작함·재조정,JLPT_1 JLPT,PF+k$MO93w,資料が足りず、交渉は一から出直しになった。,しりょうがたりず、こうしょうはいちからでなおしになった。,자료가 부족해 협상은 처음부터 다시 시작하게 됐다.
掌,てのひら,손바닥,JLPT_1 JLPT,D(Up6FVIZ(,冷たい雪を掌で受け止めた。,つめたいゆきをてのひらでうけとめた。,차가운 눈을 손바닥으로 받아 냈다.
手配,てはい,수배·준비,JLPT_1 JLPT,J>A}Co`l`L,出張の航空券と宿を手配した。,しゅっちょうのこうくうけんとやどをてはいした。,출장 항공권과 숙소를 준비했다.
手筈,てはず,절차·준비,JLPT_1 JLPT,O--?RK?-XP,会議を予定どおり開く手筈を整えた。,かいぎをよていどおりひらくてはずをととのえた。,회의를 예정대로 열 수 있도록 준비를 갖췄다.
手引,てびき,입문서·안내·길잡이,JLPT_1 JLPT,J{/gJ9FsV[,初心者向けの手引を読んで作業を始めた。,しょしんしゃむけのてびきをよんでさぎょうをはじめた。,초보자용 안내서를 읽고 작업을 시작했다.
手本,てほん,본보기·모델,JLPT_1 JLPT,"t|h[1W,pPs",先輩の接客を手本にして話し方を学んだ。,せんぱいのせっきゃくをてほんにしてはなしかたをまなんだ。,선배의 고객 응대를 본보기로 삼아 말하는 법을 배웠다.
手回し,てまわし,준비·채비,JLPT_1 JLPT,dy-/j^Gui],幹事の手回しがよく、会場はすでに予約済みだった。,かんじのてまわしがよく、かいじょうはすでによやくずみだった。,총무가 준비를 잘해 행사장은 이미 예약되어 있었다.
手元,てもと,손품·가까이 있음,JLPT_1 JLPT,tu&}1&?g%w,必要な書類は手元に置いてください。,ひつようなしょるいはてもとにおいてください。,필요한 서류는 가까이에 두세요.
デモンストレーション,デモンストレーション,데몬스트레이션·시위,JLPT_1 JLPT,I55gT%~:[j,店員が新製品のデモンストレーションを行った。,てんいんがしんせいひんのでもんすとれーしょんをおこなった。,점원이 신제품 시연을 했다.
照り返す,てりかえす,반사하다,JLPT_1 JLPT,kIkT2-(*J3,強い日差しを白い壁が照り返している。,つよいひざしをしろいかべがてりかえしている。,흰 벽이 강한 햇빛을 반사하고 있다.
テレックス,テレックス,텔렉스,JLPT_1 JLPT,v1+D>d&5H.,海外支店からテレックスで連絡が届いた。,かいがいしてんからてれっくすでれんらくがとどいた。,해외 지점에서 텔렉스로 연락이 왔다.
手分け,てわけ,분담,JLPT_1 JLPT,m#VeALIb8e,家族で手分けして引っ越しの荷物を詰めた。,かぞくでてわけしてひっこしのにもつをつめた。,가족끼리 일을 나눠 이삿짐을 쌌다.
天,てん,하늘·천,JLPT_1 JLPT,NGMN.ktbZT,祈りが天に届くよう願った。,いのりがてんにとどくようねがった。,기도가 하늘에 닿기를 바랐다.
田園,でんえん,전원,JLPT_1 JLPT,u^Yf4=SXt+,列車の窓から穏やかな田園風景が見えた。,れっしゃのまどからおだやかなでんえんふうけいがみえた。,열차 창문으로 평온한 전원 풍경이 보였다.
天下,てんか,천하·세상,JLPT_1 JLPT,c`j(?T6s|2,天下を統一した武将の物語を読んだ。,てんかをとういつしたぶしょうのものがたりをよんだ。,천하를 통일한 무장의 이야기를 읽었다.
転回,てんかい,전회·회전,JLPT_1 JLPT,CdUnq5y&]D,狭い道なので車を転回できない。,せまいみちなのでくるまをてんかいできない。,좁은 길이라 차를 돌릴 수 없다.
連休,れんきゅう,연휴,JLPT_1 JLPT,v&B%&=.umW,次の連休は家でゆっくり過ごすつもりだ。,つぎのれんきゅうはいえでゆっくりすごすつもりだ。,다음 연휴에는 집에서 느긋하게 지낼 생각이다.
レンジ,レンジ,레인지·스토브,JLPT_1 JLPT,"jL!E`UXR^,",レンジでスープを温めた。,れんじですーぷをあたためた。,전자레인지로 수프를 데웠다.
連日,れんじつ,연일,JLPT_1 JLPT,CSkupzR%yX,連日、厳しい暑さが続いている。,れんじつ、きびしいあつさがつづいている。,연일 심한 더위가 이어지고 있다.
連帯,れんたい,연대,JLPT_1 JLPT,d+1viQ!EW$,被災地を支える人々の連帯が広がった。,ひさいちをささえるひとびとのれんたいがひろがった。,재해 지역을 지원하는 사람들의 연대가 확산되었다.
レンタカー,レンタカー,렌터카,JLPT_1 JLPT,LHb}$Ksd`G,駅前でレンタカーを借りて海岸へ向かった。,えきまえでれんたかーをかりてかいがんへむかった。,역 앞에서 렌터카를 빌려 해안으로 향했다.
連中,れんちゅう,패거리·동료들,JLPT_1 JLPT,fcpKtyDAP?,あの連中は夜遅くまで店で騒いでいる。,あのれんちゅうはよるおそくまでみせでさわいでいる。,저 패거리는 밤늦게까지 가게에서 떠들고 있다.
レントゲン,レントゲン,엑스레이,JLPT_1 JLPT,GHk0mkE1#{,病院で胸のレントゲンを撮った。,びょういんでむねのれんとげんをとった。,병원에서 흉부 엑스레이를 찍었다.
連邦,れんぽう,연방,JLPT_1 JLPT,xfk/&QS*u},複数の州が集まって一つの連邦を形成した。,ふくすうのしゅうがあつまってひとつのれんぽうをけいせいした。,여러 주가 모여 하나의 연방을 형성했다.
連盟,れんめい,연맹,JLPT_1 JLPT,rV)jw]&6Ih,各国の競技団体が新しい連盟を設立した。,かっこくのきょうぎだんたいがあたらしいれんめいをせつりつした。,각국의 경기 단체가 새로운 연맹을 설립했다.
老衰,ろうすい,노쇠,JLPT_1 JLPT,w1ZJJ7QWeX,祖父は百歳で老衰のため静かに亡くなった。,そふはひゃくさいでろうすいのためしずかになくなった。,할아버지는 백 살에 노쇠로 조용히 세상을 떠나셨다.
朗読,ろうどく,낭독,JLPT_1 JLPT,El2iMtJ(Sl,俳優が舞台で短編小説を朗読した。,はいゆうがぶたいでたんぺんしょうせつをろうどくした。,배우가 무대에서 단편 소설을 낭독했다.
浪費,ろうひ,낭비,JLPT_1 JLPT,u{Vu7w)%?(,使わない照明を消して電気の浪費を防ぐ。,つかわないしょうめいをけしてでんきのろうひをふせぐ。,쓰지 않는 조명을 꺼서 전기 낭비를 막는다.
労力,ろうりょく,노력·수고,JLPT_1 JLPT,qiD=dg1#y~,この調査には多くの時間と労力を要した。,このちょうさにはおおくのじかんとろうりょくをようした。,이 조사에는 많은 시간과 노력이 들었다.
ロープウエイ,ロープウエイ,로프웨이·케이블카,JLPT_1 JLPT,pKV@$<+q~Q,山頂まではロープウエイで登った。,さんちょうまではろーぷうえいでのぼった。,산 정상까지는 케이블카로 올라갔다.
ロープ,ロープ,로프·밧줄,JLPT_1 JLPT,uDO_!v|0Dd,作業員は太いロープで荷物を固定した。,さぎょういんはふといろーぷでにもつをこていした。,작업자는 굵은 로프로 짐을 고정했다.
ろくな,ろくな,제대로 된·그럴듯한,JLPT_1 JLPT,s_@NG</ZI-,忙しくて昨日はろくな食事をしていない。,いそがしくてきのうはろくなしょくじをしていない。,바빠서 어제는 제대로 된 식사를 하지 못했다.
露骨,ろこつ,노골적임,JLPT_1 JLPT,okKA1R-|_f,彼は露骨に嫌な顔をして席を立った。,かれはろこつにいやなかおをしてせきをたった。,그는 노골적으로 싫은 표정을 지으며 자리에서 일어났다.
ロマンチック,ロマンチック,로맨틱·낭만적,JLPT_1 JLPT,M?mRP8})iJ,二人は海辺でロマンチックな夜を過ごした。,ふたりはうみべでろまんちっくなよるをすごした。,두 사람은 바닷가에서 낭만적인 밤을 보냈다.
論議,ろんぎ,논의,JLPT_1 JLPT,c_VVnx7{Qw,新制度の是非を巡って論議が続いた。,しんせいどのぜひをめぐってろんぎがつづいた。,새 제도의 옳고 그름을 둘러싸고 논의가 이어졌다.
論理,ろんり,논리,JLPT_1 JLPT,L6>bmEs.Go,感情だけでなく論理に基づいて説明した。,かんじょうだけでなくろんりにもとづいてせつめいした。,감정뿐 아니라 논리에 근거해 설명했다.
惑星,わくせい,행성,JLPT_1 JLPT,i(EF_1YXl@,望遠鏡で遠い惑星を観測した。,ぼうえんきょうでとおいわくせいをかんそくした。,망원경으로 먼 행성을 관측했다.
技,わざ,기술·기예,JLPT_1 JLPT,BM:PE.Zf/W,熟練した職人の技に皆が見入った。,じゅくれんしたしょくにんのわざにみながみいった。,모두가 숙련된 장인의 기술에 넋을 잃고 바라보았다.
わざわざ,わざわざ,일부러·특별히,JLPT_1 JLPT Intermediate_Japanese_Ln.9 Intermediate_Japanese,t+s8u__g5@,遠いところをわざわざ訪ねてくれてありがとう。,とおいところをわざわざたずねてくれてありがとう。,먼 곳을 일부러 찾아와 줘서 고마워.
煩わしい,わずらわしい,번거롭다·귀찮다,JLPT_1 JLPT Intermediate_Japanese_Ln.15 Intermediate_Japanese,d%nLdUaXBB,申請のたびに同じ書類を書くのは煩わしい。,しんせいのたびにおなじしょるいをかくのはわずらわしい。,신청할 때마다 같은 서류를 작성하는 것은 번거롭다.
渡り鳥,わたりどり,철새,JLPT_1 JLPT,OW4.0`K.za,春になると多くの渡り鳥が湖に戻ってくる。,はるになるとおおくのわたりどりがみずうみにもどってくる。,봄이 되면 많은 철새가 호수로 돌아온다.
ワット,ワット,와트,JLPT_1 JLPT,Cl9:c$w_K0,消費電力を抑えるためワット数の低い電球を選んだ。,しょうひでんりょくをおさえるためわっとすうのひくいでんきゅうをえらんだ。,전력 소비를 줄이기 위해 와트 수가 낮은 전구를 골랐다.
詫び,わび,사죄·사과,JLPT_1 JLPT,AUUCTG`g4{,失礼な発言の詫びとして菓子を持って訪ねた。,しつれいなはつげんのわびとしてかしをもってたずねた。,무례한 발언을 사과하려고 과자를 들고 찾아갔다.
和文,わぶん,일문·일본어 문장,JLPT_1 JLPT,hA!eAFwp%C,和文を英語に訳す課題が出された。,わぶんをえいごにやくすかだいがだされた。,일본어 문장을 영어로 번역하는 과제가 나왔다.
藁,わら,짚,JLPT_1 JLPT,IT5]>S[<%w,農家は乾いた藁を束ねて小屋に運んだ。,のうかはかわいたわらをたばねてこやにはこんだ。,농부는 마른 짚을 묶어 헛간으로 옮겼다.
～割,～わり,~할 (10%),JLPT_1 JLPT,lrri&x/?!~,調査では回答者の八割が新案に賛成した。,ちょうさではかいとうしゃのはちわりがしんあんにさんせいした。,조사에서는 응답자의 80퍼센트가 새 안에 찬성했다.
割当,わりあて,할당·배당,JLPT_1 JLPT,IlKj$LsL25,作業を始める前に各自の割当を確認した。,さぎょうをはじめるまえにかくじのわりあてをかくにんした。,작업을 시작하기 전에 각자의 할당량을 확인했다.
割込む,わりこむ,비집고 들어가다·끼어들다,JLPT_1 JLPT,"ItKL,F,rvP",列に割込む人を係員が注意した。,れつにわりこむひとをかかりいんがちゅういした。,줄에 끼어드는 사람을 직원이 주의시켰다.
悪者,わるもの,나쁜 놈·악한,JLPT_1 JLPT,zqrlJ[/)nS,物語の最後で本当の悪者が明らかになった。,ものがたりのさいごでほんとうのわるものがあきらかになった。,이야기 마지막에 진짜 악당이 밝혀졌다.
我,われ,나·우리,JLPT_1 JLPT,Cj(Z-pN+6@,彼は怒りのあまり我を忘れて叫んだ。,かれはいかりのあまりわれをわすれてさけんだ。,그는 너무 화가 난 나머지 이성을 잃고 소리쳤다.
捗る,はかどる,진척되다·일이 순조롭게 나아가다,JLPT_1 JLPT,LcVyrW<_Ko,静かな場所では仕事がよく捗る。,しずかなばしょではしごとがよくはかどる。,조용한 곳에서는 일이 잘 진척된다.
果無い·果敢無い·儚い,はかない,덧없다·허무하다·순간적인,JLPT_1 JLPT,wqukd{`F!4,夢のような時間は儚く過ぎ去った。,ゆめのようなじかんははかなくすぎさった。,꿈 같은 시간은 덧없이 지나갔다.
ばかばかしい,ばかばかしい,바보스럽다·터무니없다,JLPT_1 JLPT,PG3w`deiE$,根拠のない噂を信じるのはばかばかしい。,こんきょのないうわさをしんじるのはばかばかしい。,근거 없는 소문을 믿는 것은 터무니없다.
破棄,はき,파기·취소,JLPT_1 JLPT,bm7xC^8X(_,重大な違反があれば契約を破棄できる。,じゅうだいないはんがあればけいやくをはきできる。,중대한 위반이 있으면 계약을 파기할 수 있다.
剥ぐ,はぐ,벗기다·박탈하다,JLPT_1 JLPT,D@e1MI=??R,倒れた木の皮を剥いで乾かした。,たおれたきのかわをはいでかわかした。,쓰러진 나무의 껍질을 벗겨 말렸다.
迫害,はくがい,박해,JLPT_1 JLPT,ApZ+iCu%0a,彼らは信仰を理由に長年迫害された。,かれらはしんこうをりゆうにながねんはくがいされた。,그들은 신앙을 이유로 오랫동안 박해받았다.
薄弱,はくじゃく,박약함·희박함,JLPT_1 JLPT,f:hfy$ygWT,その主張は根拠が薄弱で説得力に欠ける。,そのしゅちょうはこんきょがはくじゃくでせっとくりょくにかける。,그 주장은 근거가 빈약해 설득력이 부족하다.
白状,はくじょう,자백·고백,JLPT_1 JLPT,J/Jj0`N>b{,問い詰められた弟はいたずらを白状した。,といつめられたおとうとはいたずらをはくじょうした。,추궁받은 남동생은 장난을 쳤다고 털어놓았다.
漠然,ばくぜん,막연함·모호함,JLPT_1 JLPT,z<3ukk)iX!,将来について漠然とした不安を感じている。,しょうらいについてばくぜんとしたふあんをかんじている。,미래에 막연한 불안을 느끼고 있다.
爆弾,ばくだん,폭탄,JLPT_1 JLPT,qYU+(QByX-,駅で爆弾らしき不審物が見つかった。,えきでばくだんらしきふしんぶつがみつかった。,역에서 폭탄으로 보이는 수상한 물건이 발견되었다.
爆破,ばくは,폭파,JLPT_1 JLPT,"m),XrBltSD",固い岩盤を爆破して道路を通した。,かたいがんばんをばくはしてどうろをとおした。,단단한 암반을 폭파해 도로를 냈다.
暴露,ばくろ,폭로,JLPT_1 JLPT,i/U;Q_t$DD,記者が企業の不正を世間に暴露した。,きしゃがきぎょうのふせいをせけんにばくろした。,기자가 기업의 비리를 세상에 폭로했다.
励ます,はげます,격려하다·북돋우다,JLPT_1 JLPT Intermediate_Japanese_Ln.13 Intermediate_Japanese,Ov]Au<DThv,監督は落ち込む選手を優しく励ました。,かんとくはおちこむせんしゅをやさしくはげました。,감독은 낙담한 선수를 다정하게 격려했다.
励む,はげむ,힘쓰다·노력하다,JLPT_1 JLPT,eRMmv1gB8h,大会を目指して毎日の練習に励んでいる。,たいかいをめざしてまいにちのれんしゅうにはげんでいる。,대회를 목표로 매일 연습에 힘쓰고 있다.
剥げる,はげる,벗겨지다·퇴색하다,JLPT_1 JLPT,m#-VcH[ruD,古い椅子はところどころ塗装が剥げている。,ふるいいすはところどころとそうがはげている。,오래된 의자는 군데군데 도장이 벗겨져 있다.
化ける,ばける,둔갑하다·변장하다,JLPT_1 JLPT,"zsj~iuc<,S",俳優は特殊な化粧で老人に化けた。,はいゆうはとくしゅなけしょうでろうじんにばけた。,배우는 특수 분장으로 노인으로 변장했다.
派遣,はけん,파견,JLPT_1 JLPT,xZEi_Ueutn,被災地へ医療チームが派遣された。,ひさいちへいりょうちーむがはけんされた。,재해 지역에 의료팀이 파견되었다.
恥,はじ,치욕·부끄러움,JLPT_1 JLPT,H_9U]_^tqP,大勢の前で転んで恥をかいた。,おおぜいのまえでころんではじをかいた。,많은 사람 앞에서 넘어져 창피를 당했다.
弾く,はじく,튀기다·거절하다·기타 등을 치다,JLPT_1 JLPT,p02dcV&o1#,この上着は水を弾く素材で作られている。,このうわぎはみずをはじくそざいでつくられている。,이 겉옷은 물을 튕겨 내는 소재로 만들어졌다.
パジャマ,パジャマ,파자마·잠옷,JLPT_1 JLPT,Ipo@;IW-Nr,風呂から上がって暖かいパジャマに着替えた。,ふろからあがってあたたかいぱじゃまにきがえた。,목욕을 마치고 따뜻한 잠옷으로 갈아입었다.
恥じらう,はじらう,부끄러워하다·수줍어하다,JLPT_1 JLPT,"D}9,{%uTed",彼女は褒められて少し恥じらった。,かのじょはほめられてすこしはじらった。,그녀는 칭찬을 받자 조금 수줍어했다.
恥じる,はじる,부끄러워하다,JLPT_1 JLPT,p`-?T7SXQx,自分の未熟な行動を深く恥じている。,じぶんのみじゅくなこうどうをふかくはじている。,자신의 미숙한 행동을 깊이 부끄러워하고 있다.
橋渡し,はしわたし,중개·다리 역할,JLPT_1 JLPT,l%|j(`9GzE,この交流会が両国の橋渡しとなった。,このこうりゅうかいがりょうこくのはしわたしとなった。,이 교류회가 양국을 잇는 다리 역할을 했다.
弾む,はずむ,들뜨다·활기가 넘치다·튕기다,JLPT_1 JLPT,jr]t()sL{),久しぶりの再会に会話が弾んだ。,ひさしぶりのさいかいにかいわがはずんだ。,오랜만의 재회에 대화가 활기를 띠었다.
破損,はそん,파손,JLPT_1 JLPT,AcKSLKW:yW,届いた荷物の一部が破損していた。,とどいたにもつのいちぶがはそんしていた。,배송된 물건의 일부가 파손되어 있었다.
叩く,はたく,먼지를 털다·때리다,JLPT_1 JLPT,"dWYi~RDgh,",外に出る前に上着のほこりを手で叩いた。,そとにでるまえにうわぎのほこりをてではたいた。,밖에 나가기 전에 겉옷의 먼지를 손으로 털었다.
裸足,はだし,맨발,JLPT_1 JLPT,"po~Uf#TR,",子供たちは裸足で砂浜を走り回った。,こどもたちははだしですなはまをはしりまわった。,아이들은 맨발로 모래사장을 뛰어다녔다.
果たす,はたす,완수하다·달성하다,JLPT_1 JLPT,"DK+O{$,$^%",代表として最後まで責任を果たした。,だいひょうとしてさいごまでせきにんをはたした。,대표로서 끝까지 책임을 다했다.
蜂蜜,はちみつ,벌꿀,JLPT_1 JLPT,t2`Wi>Wvpr,朝食のパンに蜂蜜をたっぷり塗った。,ちょうしょくのぱんにはちみつをたっぷりぬった。,아침 식사 빵에 꿀을 듬뿍 발랐다.
パチンコ,パチンコ,파친코,JLPT_1 JLPT,"N,S-[g<N~X",仕事帰りに駅前でパチンコを楽しんだ。,しごとがえりにえきまえでぱちんこをたのしんだ。,퇴근길에 역 앞에서 파친코를 즐겼다.
罰,ばつ,벌·벌칙,JLPT_1 JLPT,pak.tgGX7x,規則を破った生徒は罰を受けた。,きそくをやぶったせいとはばつをうけた。,규칙을 어긴 학생은 벌을 받았다.
発育,はついく,발육,JLPT_1 JLPT,r)!<G?/hIO,この子犬は順調に発育している。,このこいぬはじゅんちょうにはついくしている。,이 강아지는 순조롭게 발육하고 있다.
発芽,はつが,발아,JLPT_1 JLPT,odw.?IsV+e,暖かくなると土の中の種が発芽する。,あたたかくなるとつちのなかのたねがはつがする。,날씨가 따뜻해지면 흙 속의 씨앗이 발아한다.
発掘,はっくつ,발굴,JLPT_1 JLPT,EM>uH;4cf/,遺跡から古代の土器が発掘された。,いせきからこだいのどきがはっくつされた。,유적에서 고대 토기가 발굴되었다.
発言,はつげん,발언,JLPT_1 JLPT,LH_cLO;>A#,会議では全員に発言の機会が与えられた。,かいぎではぜんいんにはつげんのきかいがあたえられた。,회의에서는 모두에게 발언 기회가 주어졌다.
バッジ,バッジ,배지,JLPT_1 JLPT,yC^3FORnX|,係員は胸に青いバッジを付けている。,かかりいんはむねにあおいばっじをつけている。,안내원은 가슴에 파란 배지를 달고 있다.
発生,はっせい,발생,JLPT_1 JLPT,[~75YIE]^,大雨の影響で土砂崩れが発生した。,おおあめのえいきょうでどしゃくずれがはっせいした。,폭우의 영향으로 산사태가 발생했다.
仕立てる,したてる,만들다·양복을 짓다·준비하다,JLPT_1 JLPT,c;3A;W&iox,卒業式に着るスーツを仕立ててもらった。,そつぎょうしきにきるすーつをしたててもらった。,졸업식에 입을 양복을 맞췄다.
下取り,したどり,중고품 매입(보상판매),JLPT_1 JLPT,x00~X}Z@;z,古い車を下取りに出して新車を買った。,ふるいくるまをしたどりにだしてしんしゃをかった。,낡은 차를 보상 판매로 넘기고 새 차를 샀다.
下火,したび,기세가 꺾임·사그라듦,JLPT_1 JLPT,GXttEHji#P,一時の熱狂はすでに下火になっている。,いちじのねっきょうはすでにしたびになっている。,한때의 열광은 이미 기세가 꺾였다.
実,じつ,열매·결실·실제,JLPT_1 JLPT,"O,>]AbA1/T",実を言うと、私はその計画に反対だ。,じつをいうと、わたしはそのけいかくにはんたいだ。,사실을 말하자면 나는 그 계획에 반대한다.
実家,じっか,친정·본가,JLPT_1 JLPT,m9e#UdET8v,連休には久しぶりに実家へ帰る。,れんきゅうにはひさしぶりにじっかへかえる。,연휴에는 오랜만에 본가에 간다.
失格,しっかく,실격,JLPT_1 JLPT,h!}VE0Z-kV,反則をした選手は大会で失格となった。,はんそくをしたせんしゅはたいかいでしっかくとなった。,반칙을 한 선수는 대회에서 실격 처리되었다.
質疑,しつぎ,질의,JLPT_1 JLPT,Mk?<?~7ejy,発表の後に質疑の時間を設けます。,はっぴょうのあとにしつぎのじかんをもうけます。,발표 후에 질의 시간을 마련하겠습니다.
失脚,しっきゃく,실각,JLPT_1 JLPT,dyF+u*87v/,汚職事件をきっかけに大臣が失脚した。,おしょくじけんをきっかけにだいじんがしっきゃくした。,부패 사건을 계기로 장관이 실각했다.
実業家,じつぎょうか,실업가·사업가,JLPT_1 JLPT,j8A-]Sd~|q,その実業家は若い起業家を支援している。,そのじつぎょうかはわかいきぎょうかをしえんしている。,그 사업가는 젊은 창업가를 지원하고 있다.
シック,シック,시크함·세련됨,JLPT_1 JLPT,b].GYST!sM,彼女はシックな黒い服で式典に出席した。,かのじょはしっくなくろいふくでしきてんにしゅっせきした。,그녀는 세련된 검은 옷을 입고 기념식에 참석했다.
じっくり,じっくり,곰곰이·차분히,JLPT_1 JLPT,OuD=.N_4bL,契約書をじっくり読んでから署名した。,けいやくしょをじっくりよんでからしょめいした。,계약서를 꼼꼼히 읽고 나서 서명했다.
躾,しつけ,예절 교육·가정 교육,JLPT_1 JLPT,p&pKDPj+ET,子供の躾には家族の一貫した態度が必要だ。,こどものしつけにはかぞくのいっかんしたたいどがひつようだ。,아이의 예절 교육에는 가족의 일관된 태도가 필요하다.
躾ける,しつける,가르치다·교육하다,JLPT_1 JLPT,M=EeDC2V^e,子犬を根気よく躾ける。,こいぬをこんきよくしつける。,강아지를 끈기 있게 훈련시킨다.
実践,じっせん,실천,JLPT_1 JLPT,lCEkku)Adc,研修で学んだ方法を職場で実践した。,けんしゅうでまなんだほうほうをしょくばでじっせんした。,연수에서 배운 방법을 직장에서 실천했다.
質素,しっそ,검소함,JLPT_1 JLPT,Lg&>>9*&@$,祖母は質素な暮らしを続けている。,そぼはしっそなくらしをつづけている。,할머니는 검소한 생활을 이어 가고 계신다.
実態,じったい,실태,JLPT_1 JLPT,r05!(zrd*p,調査によって長時間労働の実態が明らかになった。,ちょうさによってちょうじかんろうどうのじったいがあきらかになった。,조사를 통해 장시간 노동의 실태가 밝혀졌다.
失調,しっちょう,조절 이상·실조,JLPT_1 JLPT,wL|Xhp<^m},患者には歩行時の運動失調が見られた。,かんじゃにはほこうじのうんどうしっちょうがみられた。,환자에게서 보행 시 운동 실조가 관찰되었다.
嫉妬,しっと,질투,JLPT_1 JLPT,"II[T1j,nrR",同僚の成功に嫉妬する自分が嫌になった。,どうりょうのせいこうにしっとするじぶんがいやになった。,동료의 성공을 질투하는 자신이 싫어졌다.
実費,じっぴ,실비,JLPT_1 JLPT,"Brcf8cxL,]",交通費は実費で支給される。,こうつうひはじっぴでしきゅうされる。,교통비는 실비로 지급된다.
指摘,してき,지적,JLPT_1 JLPT,0XMUSx1~^,先生に論文の誤りを指摘された。,せんせいにろんぶんのあやまりをしてきされた。,선생님에게 논문의 오류를 지적받았다.
自転,じてん,자전·회전,JLPT_1 JLPT,eZnBlzL^Oi,地球は一日かけて一回自転する。,ちきゅうはいちにちかけていっかいじてんする。,지구는 하루에 한 바퀴 자전한다.
助動詞,じょどうし,조동사,JLPT_1 JLPT,MGBzC/KjZ/,授業で助動詞の使い分けを練習した。,じゅぎょうでじょどうしのつかいわけをれんしゅうした。,수업에서 조동사를 구분해 쓰는 연습을 했다.
淑やか,しとやか,아담함·우아함,JLPT_1 JLPT,cs-RRQGVDP,彼女は淑やかな話し方で客を迎えた。,かのじょはしとやかなはなしかたできゃくをむかえた。,그녀는 우아한 말투로 손님을 맞았다.
萎びる,しなびる,시들다·쭈글쭈글해지다,JLPT_1 JLPT,n39PUN5yKB,冷蔵庫の奥で野菜が萎びていた。,れいぞうこのおくでやさいがしなびていた。,냉장고 안쪽에서 채소가 시들어 있었다.
シナリオ,シナリオ,시나리오,JLPT_1 JLPT,mcEC.#phJ/,監督は撮影前にシナリオを何度も直した。,かんとくはさつえいまえにしなりおをなんどもなおした。,감독은 촬영 전에 시나리오를 여러 번 고쳤다.
しなやか,しなやか,탄력 있는·부드러운,JLPT_1 JLPT,"llcgEUgd,}",猫はしなやかな動きで塀に飛び乗った。,ねこはしなやかなうごきでへいにとびのった。,고양이는 유연한 몸놀림으로 담장에 뛰어올랐다.
屎尿,しにょう,분뇨,JLPT_1 JLPT,L{NJwSJvE1,自治体は屎尿を適切に処理する施設を整えた。,じちたいはしにょうをてきせつにしょりするしせつをととのえた。,지자체는 분뇨를 적절히 처리할 시설을 갖췄다.
地主,じぬし,지주·땅주인,JLPT_1 JLPT,P7lP?kfIYU,地主と相談して畑を借りる契約を結んだ。,じぬしとそうだんしてはたけをかりるけいやくをむすんだ。,땅주인과 상의해 밭을 빌리는 계약을 맺었다.
凌ぐ,しのぐ,능가하다·견뎌내다,JLPT_1 JLPT,G74MSKaZvn,厚い毛布にくるまって夜の寒さを凌いだ。,あついもうふにくるまってよるのさむさをしのいだ。,두꺼운 담요를 두르고 밤의 추위를 견뎠다.
芝,しば,잔디,JLPT_1 JLPT,M1OofFOiDR,庭の芝を短く刈りそろえた。,にわのしばをみじかくかりそろえた。,정원의 잔디를 짧고 고르게 깎았다.
始発,しはつ,시발·첫차,JLPT_1 JLPT,b5g^3snh;^,始発に乗るため、夜明け前に家を出た。,しはつにのるため、よあけまえにいえをでた。,첫차를 타기 위해 동이 트기 전에 집을 나섰다.
耳鼻科,じびか,이비인후과,JLPT_1 JLPT,M#I&@5u]tl,鼻詰まりが続くので耳鼻科を受診した。,はなづまりがつづくのでじびかをじゅしんした。,코막힘이 계속되어 이비인후과에서 진료받았다.
私物,しぶつ,사물·개인 소유물,JLPT_1 JLPT,vg>TaiCbc?,退職前に職場の私物を持ち帰った。,たいしょくまえにしょくばのしぶつをもちかえった。,퇴직 전에 직장에 둔 개인 물품을 가져왔다.
しぶとい,しぶとい,끈질기다·고집스럽다,JLPT_1 JLPT,mEFQwL`E!],何度断られてもしぶとく交渉を続けた。,なんどことわられてもしぶとくこうしょうをつづけた。,몇 번이나 거절당해도 끈질기게 협상을 계속했다.
司法,しほう,사법,JLPT_1 JLPT,^h2%#WFiG,司法の独立は公正な裁判に欠かせない。,しほうのどくりつはこうせいなさいばんにかかせない。,사법부의 독립은 공정한 재판에 필수적이다.
始末,しまつ,마무리·수습·뒤처리,JLPT_1 JLPT,xVDH)/d;?h,割れた瓶の始末をしてから作業を再開した。,われたびんのしまつをしてからさぎょうをさいかいした。,깨진 병을 처리한 뒤 작업을 재개했다.
染みる,しみる,스며들다·배다,JLPT_1 JLPT,uv-Quw{L2O,雨に濡れて靴の中まで水が染みた。,あめにぬれてくつのなかまでみずがしみた。,비에 젖어 신발 안까지 물이 스며들었다.
使命,しめい,사명,JLPT_1 JLPT,G+Vq)M-:^P,医師は命を守る使命を胸に治療に当たった。,いしはいのちをまもるしめいをむねにちりょうにあたった。,의사는 생명을 지킨다는 사명을 품고 치료에 임했다.
地元,じもと,현지·고장,JLPT_1 JLPT,v:38b>tQ|E,地元で採れた野菜を市場で販売する。,じもとでとれたやさいをいちばではんばいする。,현지에서 수확한 채소를 시장에서 판매한다.
視野,しや,시야,JLPT_1 JLPT,MXdrD7jy4!,高い場所に立つと視野が広がる。,たかいばしょにたつとしやがひろがる。,높은 곳에 서면 시야가 넓어진다.
弱,じゃく,약함·약간 못 됨,JLPT_1 JLPT,nRYFcY_m8},駅までは歩いて十分弱だ。,えきまではあるいてじゅっぷんじゃくだ。,역까지는 걸어서 십 분이 조금 안 걸린다.
社交,しゃこう,사교,JLPT_1 JLPT,vg:~]#q8^J,彼は社交が苦手で、大勢の集まりを避ける。,かれはしゃこうがにがてで、おおぜいのあつまりをさける。,그는 사교에 서툴러 사람이 많은 모임을 피한다.
ジャズ,ジャズ,재즈,JLPT_1 JLPT,A5m[%vwV8S,週末は喫茶店で生演奏のジャズを聴く。,しゅうまつはきっさてんでなまえんそうのじゃずをきく。,주말에는 찻집에서 라이브 재즈 연주를 듣는다.
謝絶,しゃぜつ,사절·거절,JLPT_1 JLPT,MBe{>RfT0i,感染対策のため入院患者との面会を謝絶している。,かんせんたいさくのためにゅういんかんじゃとのめんかいをしゃぜつしている。,감염 대책을 위해 입원 환자와의 면회를 사절하고 있다.
社宅,しゃたく,사택,JLPT_1 JLPT,DbP-W*D~|w,転勤後は会社の社宅で暮らしている。,てんきんごはかいしゃのしゃたくでくらしている。,전근 후에는 회사 사택에서 살고 있다.
若干,じゃっかん,약간,JLPT_1 JLPT,Q(Uny@e~8I,工事の影響で列車に若干の遅れが出ている。,こうじのえいきょうでれっしゃにじゃっかんのおくれがでている。,공사의 영향으로 열차가 약간 지연되고 있다.
三味線,しゃみせん,샤미센,JLPT_1 JLPT,s_z^^gPG!F,祖母は祭りの舞台で三味線を弾いた。,そぼはまつりのぶたいでしゃみせんをひいた。,할머니는 축제 무대에서 샤미센을 연주했다.
斜面,しゃめん,사면·경사면,JLPT_1 JLPT,x+=N.j3d7a,雨で緩んだ斜面から土砂が崩れ落ちた。,あめでゆるんだしゃめんからどしゃがくずれおちた。,비로 약해진 경사면에서 토사가 무너져 내렸다.
砂利,じゃり,자갈,JLPT_1 JLPT,ATQMr:.4bz,庭の小道に白い砂利を敷いた。,にわのこみちにしろいじゃりをしいた。,정원의 오솔길에 흰 자갈을 깔았다.
洒落る,しゃれる,멋을 내다·세련되다,JLPT_1 JLPT,H%!QFip;AM,駅前に洒落た雰囲気の喫茶店ができた。,えきまえにしゃれたふんいきのきっさてんができた。,역 앞에 세련된 분위기의 찻집이 생겼다.
ジャンパー,ジャンパー,점퍼,JLPT_1 JLPT,"n,_jvSzMfG",冷たい風を防ぐためジャンパーを羽織った。,つめたいかぜをふせぐためじゃんぱーをはおった。,찬바람을 막기 위해 점퍼를 걸쳤다.
ジャンプ,ジャンプ,점프,JLPT_1 JLPT,pw$gcH64r%,選手は助走をつけて高くジャンプした。,せんしゅはじょそうをつけてたかくじゃんぷした。,선수는 도움닫기를 하고 높이 점프했다.
ジャンボ,ジャンボ,점보·거대한,JLPT_1 JLPT,uk]{9`9Xq{,ジャンボ機がゆっくり滑走路へ進んだ。,じゃんぼきがゆっくりかっそうろへすすんだ。,점보기가 천천히 활주로로 나아갔다.
ジャンル,ジャンル,장르,JLPT_1 JLPT,c5niOf<?L8,この作家は幅広いジャンルの作品を書いている。,このさっかははばひろいじゃんるのさくひんをかいている。,이 작가는 폭넓은 장르의 작품을 쓰고 있다.
主,しゅ,주인·주요함,JLPT_1 JLPT,tZY2oe0@.s,この講座では環境問題を主として扱う。,このこうざではかんきょうもんだいをしゅとしてあつかう。,이 강좌에서는 환경 문제를 주로 다룬다.
種,しゅ,씨앗·종류,JLPT_1 JLPT,rY$n|JRb)Y,保護区では希少な種の繁殖が確認された。,ほごくではきしょうなしゅのはんしょくがかくにんされた。,보호 구역에서 희귀종의 번식이 확인되었다.
私有,しゆう,사유,JLPT_1 JLPT,jZOSWJzMsO,ここから先は私有地なので入れない。,ここからさきはしゆうちなのではいれない。,여기서부터는 사유지라서 들어갈 수 없다.
～宗,～しゅう,~종 (종파),JLPT_1 JLPT,cpa^uYdTpm,祖父の葬儀は浄土宗の寺で行われた。,そふのそうぎはじょうどしゅうのてらでおこなわれた。,할아버지의 장례식은 정토종 사찰에서 치러졌다.
収益,しゅうえき,수익,JLPT_1 JLPT,u?TiI-~;B#,広告を見直した結果、店の収益が伸びた。,こうこくをみなおしたけっか、みせのしゅうえきがのびた。,광고를 재검토한 결과 가게의 수익이 늘었다.
修学,しゅうがく,수학·배움,JLPT_1 JLPT,bPtmF5tna#,彼は奨学金を得て海外で修学した。,かれはしょうがくきんをえてかいがいでしゅうがくした。,그는 장학금을 받아 해외에서 공부했다.
周期,しゅうき,주기,JLPT_1 JLPT,CsG?_1Ru~6,この機械は一定の周期で部品交換が必要だ。,このきかいはいっていのしゅうきでぶひんこうかんがひつようだ。,이 기계는 일정한 주기로 부품을 교체해야 한다.
衆議院,しゅうぎいん,중의원,JLPT_1 JLPT,tTQG>y9]$G,その法案は衆議院で可決された。,そのほうあんはしゅうぎいんでかけつされた。,그 법안은 중의원에서 가결되었다.
就業,しゅうぎょう,취업,JLPT_1 JLPT,cF>5iCVH#I,市は就業を希望する若者に研修を行う。,しはしゅうぎょうをきぼうするわかものにけんしゅうをおこなう。,시는 취업을 희망하는 청년에게 연수를 실시한다.
従業員,じゅうぎょういん,종업원·직원,JLPT_1 JLPT,e0Gyloi?1+,全従業員を対象に安全講習を開いた。,ぜんじゅうぎょういんをたいしょうにあんぜんこうしゅうをひらいた。,전 직원을 대상으로 안전 교육을 실시했다.
集計,しゅうけい,집계,JLPT_1 JLPT,s4<5~0hL>(,投票結果を集計して表にまとめた。,とうひょうけっかをしゅうけいしてひょうにまとめた。,투표 결과를 집계해 표로 정리했다.
襲撃,しゅうげき,습격,JLPT_1 JLPT,ogO5j2R_;R,夜中に武装集団が村を襲撃した。,よなかにぶそうしゅうだんがむらをしゅうげきした。,한밤중에 무장 집단이 마을을 습격했다.
収支,しゅうし,수지·수입과 지출,JLPT_1 JLPT,kLuRkT404Z,今月は支出が多くて収支が赤字になった。,こんげつはししゅつがおおくてしゅうしがあかじになった。,이번 달은 지출이 많아 수지가 적자를 기록했다.
終始,しゅうし,종시·처음부터 끝까지,JLPT_1 JLPT,b9XF3_Vc&-,会議中、彼は終始黙ったままだった。,かいぎちゅう、かれはしゅうしだまったままだった。,회의 중 그는 줄곧 입을 다물고 있었다.
修士,しゅうし,석사,JLPT_1 JLPT,eySOZRKm#K,姉は大学院で修士号を取得した。,あねはだいがくいんでしゅうしごうをしゅとくした。,누나는 대학원에서 석사 학위를 취득했다.
従事,じゅうじ,종사,JLPT_1 JLPT,kZT/egI[mV,父は長年医療に従事してきた。,ちちはながねんいりょうにじゅうじしてきた。,아버지는 오랫동안 의료 업무에 종사해 왔다.
終日,しゅうじつ,종일,JLPT_1 JLPT,AR^6lmvOwg,台風の影響で空港は終日閉鎖された。,たいふうのえいきょうでくうこうはしゅうじつへいさされた。,태풍의 영향으로 공항은 종일 폐쇄되었다.
充実,じゅうじつ,충실함,JLPT_1 JLPT,tGa!Bufhy/,友人と山を歩き、充実した休日を過ごした。,ゆうじんとやまをあるき、じゅうじつしたきゅうじつをすごした。,친구와 산을 걸으며 알찬 휴일을 보냈다.
収集,しゅうしゅう,수집,JLPT_1 JLPT,"g+wGkM,J!.",研究に必要な資料を各地の図書館で収集した。,けんきゅうにひつようなしりょうをかくちのとしょかんでしゅうしゅうした。,연구에 필요한 자료를 각지의 도서관에서 수집했다.
十字路,じゅうじろ,십자로·사거리,JLPT_1 JLPT,M-P484f.3r,次の十字路を右に曲がると郵便局がある。,つぎのじゅうじろをみぎにまがるとゆうびんきょくがある。,다음 사거리에서 오른쪽으로 돌면 우체국이 있다.
執着,しゅうじゃく,집착,JLPT_1 JLPT,u`m`$IGAEz,僧は物への執着を捨てるよう説いた。,そうはものへのしゅうじゃくをすてるようといた。,승려는 물질에 대한 집착을 버리라고 설파했다.
執着,しゅうちゃく,집착,JLPT_1 JLPT,k5L#!.1c@y,過去の成功に執着すると成長できない。,かこのせいこうにしゅうちゃくするとせいちょうできない。,과거의 성공에 집착하면 성장할 수 없다.
柔軟,じゅうなん,유연함,JLPT_1 JLPT,o$JEWneOMf,状況の変化に柔軟に対応する必要がある。,じょうきょうのへんかにじゅうなんにたいおうするひつようがある。,상황 변화에 유연하게 대응할 필요가 있다.
重複,じゅうふく,중복,JLPT_1 JLPT,xsR4^tk;%3,二つの資料は内容が一部重複している。,ふたつのしりょうはないようがいちぶじゅうふくしている。,두 자료는 내용 일부가 중복되어 있다.
収容,しゅうよう,수용,JLPT_1 JLPT,e@q$+H3N_E,避難者は近くの体育館に収容された。,ひなんしゃはちかくのたいいくかんにしゅうようされた。,피난민들은 근처 체육관에 수용되었다.
従来,じゅうらい,종래·이전부터,JLPT_1 JLPT,m&r$7kIG&x,従来の方法では時間がかかり過ぎる。,じゅうらいのほうほうではじかんがかかりすぎる。,기존 방식으로는 시간이 너무 오래 걸린다.
守衛,しゅえい,수위·경비원,JLPT_1 JLPT,e^0%h@~lt8,守衛が来客の名前と用件を確認した。,しゅえいがらいきゃくのなまえとようけんをかくにんした。,경비원이 방문객의 이름과 용건을 확인했다.
主演,しゅえん,주연,JLPT_1 JLPT,n]D<c|Caow,若手俳優が話題の映画で主演を務める。,わかてはいゆうがわだいのえいがでしゅえんをつとめる。,젊은 배우가 화제의 영화에서 주연을 맡는다.
主観,しゅかん,주관,JLPT_1 JLPT,lW5DbL!{A5,個人の主観だけで作品の価値は決められない。,こじんのしゅかんだけでさくひんのかちはきめられない。,개인의 주관만으로 작품의 가치를 결정할 수는 없다.
修行,しゅぎょう,수행,JLPT_1 JLPT,KirESaOr*_,料理人になるため名店で修行を積んだ。,りょうりにんになるためめいてんでしゅぎょうをつんだ。,요리사가 되기 위해 유명 식당에서 수련했다.
塾,じゅく,학원,JLPT Intermediate_Japanese JLPT_1 Intermediate_Japanese_Ln.5 Genki_Ln.22 Genki,r6*vU;-fx(,弟は放課後に塾で数学を習っている。,おとうとはほうかごにじゅくですうがくをならっている。,남동생은 방과 후 학원에서 수학을 배우고 있다.
祝賀,しゅくが,축하,JLPT_1 JLPT,wRzD+</l;5,優勝を記念する祝賀会が盛大に開かれた。,ゆうしょうをきねんするしゅくがかいがせいだいにひらかれた。,우승을 기념하는 축하연이 성대하게 열렸다.
宿命,しゅくめい,숙명,JLPT_1 JLPT,BFNKk^{M1j,二人が出会うことは宿命だったのかもしれない。,ふたりがであうことはしゅくめいだったのかもしれない。,두 사람이 만난 것은 숙명이었을지도 모른다.
手芸,しゅげい,수예,JLPT_1 JLPT,QuReZ-t?cb,母は手芸が得意で小物をよく手作りする。,はははしゅげいがとくいでこものをよくてづくりする。,어머니는 수예에 능숙해서 소품을 자주 손수 만든다.
主権,しゅけん,주권,JLPT_1 JLPT,bc]8:XVC+v,国家の主権を尊重することが重要だ。,こっかのしゅけんをそんちょうすることがじゅうようだ。,국가의 주권을 존중하는 것이 중요하다.
主催,しゅさい,주최,JLPT_1 JLPT,Az?/+|wSuL,市が主催する音楽祭に参加した。,しがしゅさいするおんがくさいにさんかした。,시가 주최하는 음악제에 참가했다.
取材,しゅざい,취재,JLPT_1 JLPT,ALv+C0}[Uy,記者は事故現場で目撃者を取材した。,きしゃはじこげんばでもくげきしゃをしゅざいした。,기자는 사고 현장에서 목격자를 취재했다.
趣旨,しゅし,취지,JLPT_1 JLPT,r#aoMGQ7ru,会議の冒頭で今回の企画の趣旨を説明した。,かいぎのぼうとうでこんかいのきかくのしゅしをせつめいした。,회의 첫머리에서 이번 기획의 취지를 설명했다.
種々,しゅじゅ,여러 가지,JLPT_1 JLPT,L$zP;w1Dds,種々の事情を考慮して日程を延期した。,しゅじゅのじじょうをこうりょしてにっていをえんきした。,여러 사정을 고려해 일정을 연기했다.
主食,しゅしょく,주식,JLPT_1 JLPT,Ff{n(i0=[l,この地域では米を主食にしている。,このちいきではこめをしゅしょくにしている。,이 지역에서는 쌀을 주식으로 삼고 있다.
主人公,しゅじんこう,주인공,JLPT_1 JLPT,Ci-hQYEll,主人公は困難を乗り越えて故郷へ戻った。,しゅじんこうはこんなんをのりこえてふるさとへもどった。,주인공은 어려움을 극복하고 고향으로 돌아왔다.
主体,しゅたい,주체,JLPT_1 JLPT,"wk,7:5Ulq:",住民が主体となって祭りを運営している。,じゅうみんがしゅたいとなってまつりをうんえいしている。,주민이 주체가 되어 축제를 운영하고 있다.
主題,しゅだい,주제,JLPT_1 JLPT,t4<KTH8w{.,この小説の主題は家族の絆だ。,このしょうせつのしゅだいはかぞくのきずなだ。,이 소설의 주제는 가족의 유대다.
出演,しゅつえん,출연,JLPT_1 JLPT,B>+JLE{F%w,彼女は来月の舞台に出演する。,かのじょはらいげつのぶたいにしゅつえんする。,그녀는 다음 달 공연에 출연한다.
出血,しゅっけつ,출혈,JLPT_1 JLPT,jt7Tvjw[T<,転んで膝から出血した。,ころんでひざからしゅっけつした。,넘어져서 무릎에서 피가 났다.
出現,しゅつげん,출현,JLPT_1 JLPT,et$R3oC-m[,海面に巨大な影が突然出現した。,かいめんにきょだいなかげがとつぜんしゅつげんした。,해수면에 거대한 그림자가 갑자기 나타났다.
出産,しゅっさん,출산,JLPT_1 Intermediate_Japanese_Ln.14 JLPT Intermediate_Japanese,CT4;+h>Ai7,姉は先月、元気な男の子を出産した。,あねはせんげつ、げんきなおとこのこをしゅっさんした。,언니는 지난달 건강한 남자아이를 출산했다.
出社,しゅっしゃ,출근,JLPT_1 JLPT,Gd$MA{t_:M,朝の会議に間に合うよう早めに出社した。,あさのかいぎにまにあうようはやめにしゅっしゃした。,아침 회의에 늦지 않도록 일찍 출근했다.
出生,しゅっしょう,출생,JLPT_1 JLPT,CwJVE%al3B,出生の秘密を知った主人公は故郷を訪ねた。,しゅっしょうのひみつをしったしゅじんこうはふるさとをたずねた。,출생의 비밀을 알게 된 주인공은 고향을 찾아갔다.
出生,しゅっせい,출생,JLPT_1 JLPT,cV$*)i2b6%,彼の出生は公的な記録に残されている。,かれのしゅっせいはこうてきなきろくにのこされている。,그의 출생은 공식 기록에 남아 있다.
微量,びりょう,미량,JLPT_1 JLPT,Ix21c!hl+{,この食品には微量の鉄分が含まれている。,このしょくひんにはびりょうのてつぶんがふくまれている。,이 식품에는 미량의 철분이 들어 있다.
昼飯,ひるめし,점심밥,JLPT_1 JLPT,B4a{kV3{l&,今日は駅前の店で昼飯を食べた。,きょうはえきまえのみせでひるめしをたべた。,오늘은 역 앞 가게에서 점심을 먹었다.
比例,ひれい,비례,JLPT_1 JLPT,u^9gz.!&Uk,運動量に比例して消費する熱量も増える。,うんどうりょうにひれいしてしょうひするねつりょうもふえる。,운동량에 비례해 소비하는 열량도 늘어난다.
疲労,ひろう,피로,JLPT_1 JLPT,m.KXL51O8=,長時間の運転で疲労がたまっている。,ちょうじかんのうんてんでひろうがたまっている。,장시간 운전으로 피로가 쌓여 있다.
敏感,びんかん,민감,JLPT_1 JLPT,i]}jt3Q.(f,この植物は気温の変化に敏感だ。,このしょくぶつはきおんのへんかにびんかんだ。,이 식물은 기온 변화에 민감하다.
貧困,ひんこん,빈곤,JLPT_1 JLPT,xy9G9E{K5M,貧困から抜け出すには教育の支援が必要だ。,ひんこんからぬけだすにはきょういくのしえんがひつようだ。,빈곤에서 벗어나려면 교육 지원이 필요하다.
品質,ひんしつ,품질,JLPT_1 JLPT,v)0nMB=(Mu,検査を徹底して製品の品質を保つ。,けんさをてっていしてせいひんのひんしつをたもつ。,검사를 철저히 하여 제품의 품질을 유지한다.
貧弱,ひんじゃく,빈약함,JLPT_1 JLPT,"AT#enW$Yd,",根拠が貧弱なため、その説には納得できない。,こんきょがひんじゃくなため、そのせつにはなっとくできない。,근거가 빈약해서 그 주장을 납득할 수 없다.
品種,ひんしゅ,품종,JLPT_1 JLPT,K%9{]!|f1(,この地域では寒さに強い品種を育てている。,このちいきではさむさにつよいひんしゅをそだてている。,이 지역에서는 추위에 강한 품종을 기르고 있다.
ヒント,ヒント,힌트,JLPT_1 JLPT,l]_+v%b&%R,先生のヒントで問題の解き方が分かった。,せんせいのひんとでもんだいのときかたがわかった。,선생님의 힌트로 문제 푸는 법을 알게 되었다.
頻繁,ひんぱん,빈번함,JLPT_1 JLPT,D{nW!<u7<*,最近、この道路では事故が頻繁に起きている。,さいきん、このどうろではじこがひんぱんにおきている。,최근 이 도로에서는 사고가 빈번하게 발생하고 있다.
貧乏,びんぼう,가난,JLPT_1 JLPT,KjBzaYHZW.,若い頃は貧乏で、本を買う余裕もなかった。,わかいころはびんぼうで、ほんをかうよゆうもなかった。,젊었을 때는 가난해서 책을 살 여유도 없었다.
ファイト,ファイト,파이트·투지,JLPT_1 JLPT,"C?{V+<,&x0",試合前、仲間に「ファイト」と声を掛けた。,しあいまえ、なかまに「ふぁいと」とこえをかけた。,경기 전에 동료에게 힘내라고 외쳤다.
ファイル,ファイル,파일,JLPT_1 Genki_Ln.16 JLPT Genki,srC<dgokBJ,会議の資料を一つのファイルにまとめた。,かいぎのしりょうをひとつのふぁいるにまとめた。,회의 자료를 하나의 파일로 정리했다.
ファン,ファン,팬,JLPT_1 JLPT,hsy0ORScG&,彼は子供の頃からその球団のファンだ。,かれはこどものころからそのきゅうだんのふぁんだ。,그는 어릴 때부터 그 구단의 팬이다.
不意,ふい,불의·갑작스러움,JLPT_1 JLPT,xgYlO*O}d~,不意に名前を呼ばれて振り返った。,ふいになまえをよばれてふりかえった。,갑자기 이름을 불려서 뒤돌아보았다.
フィルタ,フィルタ,필터,JLPT_1 JLPT,jmKbIb6QcW,浄水器のフィルタを定期的に交換する。,じょうすいきのふぃるたをていきてきにこうかんする。,정수기의 필터를 정기적으로 교체한다.
封,ふう,봉함·봉투,JLPT_1 JLPT,iHGcq7T#S>,届いた手紙の封を切った。,とどいたてがみのふうをきった。,도착한 편지의 봉인을 뜯었다.
封鎖,ふうさ,봉쇄,JLPT_1 JLPT,Ae_x+Wt0^{,大雪のため山道が封鎖された。,おおゆきのためやまみちがふうさされた。,폭설 때문에 산길이 봉쇄되었다.
風車,ふうしゃ,풍차,JLPT_1 JLPT,m${YvIujFj,丘の上で白い風車がゆっくり回っている。,おかのうえでしろいふうしゃがゆっくりまわっている。,언덕 위에서 하얀 풍차가 천천히 돌고 있다.
風習,ふうしゅう,풍습,JLPT_1 JLPT,IfkXX^HH}1,正月に餅を供える風習が今も残っている。,しょうがつにもちをそなえるふうしゅうがいまものこっている。,정월에 떡을 올리는 풍습이 지금도 남아 있다.
風俗,ふうぞく,풍속,JLPT_1 JLPT,e3n120S&QB,博物館では昔の暮らしや風俗を紹介している。,はくぶつかんではむかしのくらしやふうぞくをしょうかいしている。,박물관에서는 옛 생활상과 풍속을 소개하고 있다.
ブーツ,ブーツ,부츠,JLPT_1 JLPT,Nihzy$?;~s,雪道を歩くため厚いブーツを履いた。,ゆきみちをあるくためあついぶーつをはいた。,눈길을 걷기 위해 두꺼운 부츠를 신었다.
風土,ふうど,풍토,JLPT_1 JLPT,B(IXgyGNd~,この作物は温暖な風土でよく育つ。,このさくもつはおんだんなふうどでよくそだつ。,이 작물은 온난한 풍토에서 잘 자란다.
ブーム,ブーム,붐·열기,JLPT_1 JLPT,FMQ@X9![T+,健康志向を背景に発酵食品のブームが起きた。,けんこうしこうをはいけいにはっこうしょくひんのぶーむがおきた。,건강을 중시하는 흐름을 배경으로 발효 식품 열풍이 일었다.
フォーム,フォーム,폼·형식·거품,JLPT_1 JLPT,N.>_aoM)4S,走るフォームを動画で確認した。,はしるふぉーむをどうがでかくにんした。,달리는 자세를 영상으로 확인했다.
部下,ぶか,부하,JLPT Intermediate_Japanese JLPT_1 Intermediate_Japanese_Ln.9 Genki_Ln.22 Genki,At:l-rSeL9,部下の意見にも耳を傾ける上司だ。,ぶかのいけんにもみみをかたむけるじょうしだ。,부하 직원의 의견에도 귀를 기울이는 상사다.
不可欠,ふかけつ,불가결·필수,JLPT_1 JLPT,$D>BzY&Eq,十分な睡眠は健康の維持に不可欠だ。,じゅうぶんなすいみんはけんこうのいじにふかけつだ。,충분한 수면은 건강 유지에 필수적이다.
ぶかぶか,ぶかぶか,헐렁헐렁,JLPT_1 JLPT,M4TQ1zs9*D,借りた上着は大きすぎてぶかぶかだった。,かりたうわぎはおおきすぎてぶかぶかだった。,빌린 겉옷은 너무 커서 헐렁했다.
不吉,ふきつ,불길함,JLPT_1 JLPT,GG4guCQ>St,黒い雲を見て不吉な予感がした。,くろいくもをみてふきつなよかんがした。,검은 구름을 보고 불길한 예감이 들었다.
不況,ふきょう,불황,JLPT_1 JLPT,NAxBuR@3>.,長引く不況で商店の閉店が相次いだ。,ながびくふきょうでしょうてんのへいてんがあいついだ。,장기 불황으로 상점의 폐업이 잇따랐다.
布巾,ふきん,행주,JLPT_1 JLPT,P<Zf%&wJ!m,濡れた布巾で食卓を拭いた。,ぬれたふきんでしょくたくをふいた。,젖은 행주로 식탁을 닦았다.
複合,ふくごう,복합,JLPT_1 JLPT,p=QT;iGf;n,複数の要因が複合して事故につながった。,ふくすうのよういんがふくごうしてじこにつながった。,여러 요인이 복합적으로 작용해 사고로 이어졌다.
福祉,ふくし,복지,JLPT_1 JLPT,b03!@u1#5V,市は高齢者福祉の充実に力を入れている。,しはこうれいしゃふくしのじゅうじつにちからをいれている。,시는 노인 복지 확충에 힘쓰고 있다.
覆面,ふくめん,복면,JLPT_1 JLPT,QXg#lB9xS_,覆面をした男が店に押し入った。,ふくめんをしたおとこがみせにおしいった。,복면을 쓴 남자가 가게에 들이닥쳤다.
膨れる,ふくれる,부풀다·불룩해지다,JLPT_1 JLPT,"Ie:O+1U,1j",発酵が進むと生地が膨れる。,はっこうがすすむときじがふくれる。,발효가 진행되면 반죽이 부푼다.
不景気,ふけいき,불경기,JLPT_1 JLPT,"iNdMUnu]F,",不景気で客足が遠のいている。,ふけいきできゃくあしがとおのいている。,불경기로 손님의 발길이 줄고 있다.
耽る,ふける,빠지다·몰두하다,JLPT_1 JLPT,v[B)O.T7PD,休日は時間を忘れて読書に耽る。,きゅうじつはじかんをわすれてどくしょにふける。,휴일에는 시간 가는 줄 모르고 독서에 빠진다.
老ける,ふける,나이 먹다·늙다,JLPT_1 JLPT,QZ$)s`u+7V,苦労が重なり、以前より老けて見える。,くろうがかさなり、いぜんよりふけてみえる。,고생이 겹쳐 이전보다 늙어 보인다.
富豪,ふごう,부호·부자,JLPT_1 JLPT,de)G:rS8ob,その富豪は莫大な財産を慈善団体に寄付した。,そのふごうはばくだいなざいさんをじぜんだんたいにきふした。,그 부호는 막대한 재산을 자선 단체에 기부했다.
布告,ふこく,포고,JLPT_1 JLPT,m`EP77(8*G,政府は新しい法令を全国に布告した。,せいふはあたらしいほうれいをぜんこくにふこくした。,정부는 새 법령을 전국에 포고했다.
ブザー,ブザー,부저,JLPT_1 JLPT,C0kjm{<IuS,終了を知らせるブザーが会場に鳴り響いた。,しゅうりょうをしらせるぶざーがかいじょうになりひびいた。,종료를 알리는 부저가 행사장에 울려 퍼졌다.
負債,ふさい,부채·빚,JLPT_1 JLPT,qG<ySRudYV,会社は多額の負債を抱えて経営難に陥った。,かいしゃはたがくのふさいをかかえてけいえいなんにおちいった。,회사는 거액의 부채를 안고 경영난에 빠졌다.
不在,ふざい,부재,JLPT_1 JLPT,rCM+ktTr!?,責任者が不在なので明日また来てください。,せきにんしゃがふざいなのであしたまたきてください。,책임자가 부재중이니 내일 다시 와 주세요.
相応しい,ふさわしい,어울리다·적합하다,JLPT_1 JLPT,j1c*Q9d`L},彼こそ代表に相応しい人物だ。,かれこそだいひょうにふさわしいじんぶつだ。,그야말로 대표에 걸맞은 인물이다.
不順,ふじゅん,불순함,JLPT_1 JLPT,kwTZda>KFz,天候不順で野菜の生育が遅れている。,てんこうふじゅんでやさいのせいいくがおくれている。,변덕스러운 날씨로 채소의 생육이 늦어지고 있다.
負傷,ふしょう,부상,JLPT_1 JLPT,o+oZbWGZ`o,事故で負傷した乗客が病院へ運ばれた。,じこでふしょうしたじょうきゃくがびょういんへはこばれた。,사고로 부상당한 승객이 병원으로 이송되었다.
侮辱,ぶじょく,모욕,JLPT_1 JLPT,g>J&PTIuaT,人前で容姿を笑うのは明らかな侮辱だ。,ひとまえでようしをわらうのはあきらかなぶじょくだ。,사람들 앞에서 외모를 비웃는 것은 명백한 모욕이다.
不審,ふしん,불심·의심스러움,JLPT_1 JLPT,jmIlRt&BUg,深夜に店の周りを歩く男を不審に思った。,しんやにみせのまわりをあるくおとこをふしんにおもった。,한밤중에 가게 주변을 걷는 남자를 수상하게 여겼다.
不振,ふしん,부진,JLPT_1 JLPT,G]_~>elSdu,主力商品の販売が不振に陥っている。,しゅりょくしょうひんのはんばいがふしんにおちいっている。,주력 상품의 판매가 부진에 빠져 있다.
武装,ぶそう,무장,JLPT_1 JLPT,JTlLA8kPQ$,警官は武装した集団に慎重に近づいた。,けいかんはぶそうしたしゅうだんにしんちょうにちかづいた。,경찰관은 무장한 집단에 신중하게 접근했다.
札,ふだ,패·표·패말,JLPT_1 JLPT,P_/*Zy2*:b,門に立入禁止と書かれた札が掛かっている。,もんにたちいりきんしとかかれたふだがかかっている。,문에 출입 금지라고 쓰인 팻말이 걸려 있다.
負担,ふたん,부담,JLPT_1 Intermediate_Japanese_Ln.14 JLPT Intermediate_Japanese,Gta/;X`Z+t,家事の負担を家族で公平に分けている。,かじのふたんをかぞくでこうへいにわけている。,가사 부담을 가족이 공평하게 나누고 있다.
不調,ふちょう,부조·상태가 나쁨,JLPT_1 JLPT,j!ymTpYo|(,冷房の不調で部屋がなかなか涼しくならない。,れいぼうのふちょうでへやがなかなかすずしくならない。,냉방 장치의 이상으로 방이 좀처럼 시원해지지 않는다.
復活,ふっかつ,부활,JLPT_1 JLPT,Hga}Pqjl1G,途絶えていた夏祭りが今年復活した。,とだえていたなつまつりがことしふっかつした。,중단되었던 여름 축제가 올해 부활했다.
物議,ぶつぎ,물의·논란,JLPT_1 JLPT,E>jQlZ<@Gi,大臣の不用意な発言が物議を醸した。,だいじんのふよういなはつげんがぶつぎをかもした。,장관의 경솔한 발언이 논란을 일으켰다.
復旧,ふっきゅう,복구,JLPT_1 JLPT,v+skQS.kck,大雪で止まった鉄道が翌朝復旧した。,おおゆきでとまったてつどうがよくあさふっきゅうした。,폭설로 멈춘 철도가 다음 날 아침 복구되었다.
復興,ふっこう,부흥,JLPT_1 JLPT,DSf6z@!#o3,住民が力を合わせて被災した町の復興を進めた。,じゅうみんがちからをあわせてひさいしたまちのふっこうをすすめた。,주민들이 힘을 합쳐 재해를 입은 마을의 재건을 추진했다.
物資,ぶっし,물자,JLPT_1 JLPT,wx*<XPsco8,避難所に食料や毛布などの物資が届いた。,ひなんじょにしょくりょうやもうふなどのぶっしがとどいた。,대피소에 식량과 담요 등의 물자가 도착했다.
仏像,ぶつぞう,불상,JLPT_1 JLPT,oCnal+d5Dm,寺の本堂には古い仏像が安置されている。,てらのほんどうにはふるいぶつぞうがあんちされている。,절의 본당에는 오래된 불상이 안치되어 있다.
物体,ぶったい,물체,JLPT_1 JLPT,vQK(_s<&_e,海岸で正体不明の丸い物体が発見された。,かいがんでしょうたいふめいのまるいぶったいがはっけんされた。,해안에서 정체불명의 둥근 물체가 발견되었다.
沸騰,ふっとう,비등·끓어오름,JLPT_1 JLPT,K!6nK8uJ5*,鍋の湯が沸騰したら火を弱めてください。,なべのゆがふっとうしたらひをよわめてください。,냄비의 물이 끓으면 불을 줄여 주세요.
不当,ふとう,부당함,JLPT_1 JLPT,"AB;-J~^I,j",理由のない解雇は不当だと訴えた。,りゆうのないかいこはふとうだとうったえた。,이유 없는 해고는 부당하다고 호소했다.
不動産,ふどうさん,부동산,JLPT_1 JLPT,Mv%siEq0S4,駅の近くに投資用の不動産を購入した。,えきのちかくにとうしようのふどうさんをこうにゅうした。,역 근처에 투자용 부동산을 구입했다.
無難,ぶなん,무난함,JLPT_1 JLPT,L:*{h+[3Gh,初対面なので無難な話題から会話を始めた。,しょたいめんなのでぶなんなわだいからかいわをはじめた。,첫 만남이라 무난한 화제로 대화를 시작했다.
赴任,ふにん,부임,JLPT_1 JLPT,oAb.`u!o*I,兄は来月から海外支社に赴任する。,あにはらいげつからかいがいししゃにふにんする。,형은 다음 달부터 해외 지사에 부임한다.
腐敗,ふはい,부패,JLPT_1 JLPT,M`8*mP*qtg,気温が高い場所では食品の腐敗が早く進む。,きおんがたかいばしょではしょくひんのふはいがはやくすすむ。,기온이 높은 곳에서는 식품의 부패가 빠르게 진행된다.
不評,ふひょう,불평·평판이 나쁨,JLPT_1 JLPT,uWKg6kq8N?,新しい制服は着心地が悪いと不評だ。,あたらしいせいふくはきごこちがわるいとふひょうだ。,새 교복은 착용감이 나쁘다는 혹평을 받고 있다.
不服,ふふく,불복,JLPT_1 JLPT,efQHJ:1O+%,被告は判決を不服として控訴した。,ひこくははんけつをふふくとしてこうそした。,피고는 판결에 불복해 항소했다.
普遍,ふへん,보편,JLPT_1 JLPT,DU4nCA/=D7,この作品は普遍的な家族愛を描いている。,このさくひんはふへんてきなかぞくあいをえがいている。,이 작품은 보편적인 가족애를 그리고 있다.
踏まえる,ふまえる,입각하다·근거로 하다,JLPT_1 JLPT,FbvWJQ2aYz,調査結果を踏まえて計画を修正した。,ちょうさけっかをふまえてけいかくをしゅうせいした。,조사 결과를 바탕으로 계획을 수정했다.
踏み込む,ふみこむ,발을 들여놓다·침입하다,JLPT_1 JLPT,KsQ]!/u$%%,警察は容疑者が隠れている建物に踏み込んだ。,けいさつはようぎしゃがかくれているたてものにふみこんだ。,경찰은 용의자가 숨어 있는 건물에 들이닥쳤다.
不明,ふめい,불명,JLPT_1 JLPT,c[|*N}]Ng.,大雨で登山者の安否が不明になっている。,おおあめでとざんしゃのあんぴがふめいになっている。,폭우로 등산객의 안전 여부를 알 수 없는 상태다.
部門,ぶもん,부문,JLPT_1 JLPT,fW<r$/Xexi,今年新設された海外部門に配属された。,ことししんせつされたかいがいぶもんにはいぞくされた。,올해 신설된 해외 부문에 배치되었다.
扶養,ふよう,부양,JLPT_1 JLPT,c&|r4tzL6g,幼い子供を二人扶養している。,おさないこどもをふたりふようしている。,어린 자녀 두 명을 부양하고 있다.
ふらふら,ふらふら,흔들흔들·비틀비틀·갈팡질팡,JLPT_1 JLPT,cGi)S~zu?F,熱で頭がふらふらして真っすぐ歩けない。,ねつであたまがふらふらしてまっすぐあるけない。,열 때문에 머리가 어질어질해서 똑바로 걸을 수 없다.
ぶらぶら,ぶらぶら,빈둥빈둥·어슬렁어슬렁,JLPT_1 JLPT,"cSlQ|q,LD<",休日は目的もなく町をぶらぶら歩いた。,きゅうじつはもくてきもなくまちをぶらぶらあるいた。,휴일에는 목적도 없이 거리를 어슬렁어슬렁 걸었다.
振り返る,ふりかえる,뒤돌아보다,JLPT_1 JLPT,i6Y*X-6gv),名前を呼ばれて思わず振り返った。,なまえをよばれておもわずふりかえった。,이름이 불려 나도 모르게 뒤돌아보았다.
振り出し,ふりだし,출발점·(어음) 발행,JLPT_1 JLPT,"A2?E7UEb&,",交渉が決裂し、議論は振り出しに戻った。,こうしょうがけつれつし、ぎろんはふりだしにもどった。,협상이 결렬되어 논의는 원점으로 돌아갔다.
不良,ふりょう,불량,JLPT_1 JLPT,APww5XImb>,検査で不良と判定された製品を取り除いた。,けんさでふりょうとはんていされたせいひんをとりのぞいた。,검사에서 불량으로 판정된 제품을 제거했다.
浮力,ふりょく,부력,JLPT_1 JLPT,DkFrZlvY6D,救命胴衣の浮力で体が水面に浮いた。,きゅうめいどういのふりょくでからだがすいめんにういた。,구명조끼의 부력으로 몸이 수면에 떴다.
武力,ぶりょく,무력,JLPT_1 JLPT,l$;!dayR0#,争いを武力で解決してはならない。,あらそいをぶりょくでかいけつしてはならない。,분쟁을 무력으로 해결해서는 안 된다.
ブル,ブル,불도저·수소,JLPT_1 JLPT,vCf7eeE})t,大型のブルが工事現場の土砂を押しならした。,おおがたのぶるがこうじげんばのどしゃをおしならした。,대형 불도저가 공사 현장의 토사를 밀어 평평하게 했다.
震わせる,ふるわせる,떨게 하다,JLPT_1 JLPT,j:m!@?JEXR,彼は怒りで声を震わせながら抗議した。,かれはいかりでこえをふるわせながらこうぎした。,그는 분노로 목소리를 떨며 항의했다.
無礼,ぶれい,무례,JLPT_1 JLPT,hx5Ck[5*mQ,客に無礼な態度を取ることは許されない。,きゃくにぶれいなたいどをとることはゆるされない。,손님에게 무례한 태도를 보이는 것은 용납되지 않는다.
付録,ふろく,부록,JLPT_1 JLPT,z3>_<:;2Kw,今月号には地図の付録が付いている。,こんげつごうにはちずのふろくがついている。,이번 달 호에는 지도 부록이 딸려 있다.
フロント,フロント,프런트,JLPT_1 JLPT,QB*(L<))Uf,ホテルのフロントで部屋の鍵を受け取った。,ほてるのふろんとでへやのかぎをうけとった。,호텔 프런트에서 객실 열쇠를 받았다.
憤慨,ふんがい,분개,JLPT_1 JLPT,M|ckH|tS}_,市民は公金の不正利用に憤慨した。,しみんはこうきんのふせいりようにふんがいした。,시민들은 공금의 부정 사용에 분개했다.
文化財,ぶんかざい,문화재,JLPT_1 JLPT,GKrt{zi]?g,地震で傷んだ文化財の修復が始まった。,じしんでいたんだぶんかざいのしゅうふくがはじまった。,지진으로 훼손된 문화재의 복원이 시작되었다.
分業,ぶんぎょう,분업,JLPT_1 JLPT,BTtV3{+^[7,工場では工程ごとに分業が進んでいる。,こうじょうではこうていごとにぶんぎょうがすすんでいる。,공장에서는 공정별로 분업이 이루어지고 있다.
文語,ぶんご,문어(서술체),JLPT_1 JLPT,O2yEclYZ/f,古い手紙は文語で書かれていて読みにくかった。,ふるいてがみはぶんごでかかれていてよみにくかった。,오래된 편지는 문어체로 쓰여 있어 읽기 어려웠다.
分散,ぶんさん,분산,JLPT_1 JLPT,w2^IG)[nB&,混雑を避けるため来場時間を分散させた。,こんざつをさけるためらいじょうじかんをぶんさんさせた。,혼잡을 피하려고 방문 시간을 분산시켰다.
分子,ぶんし,분자,JLPT_1 JLPT,rK-5&@bZ0^,水の分子は絶えず動いている。,みずのぶんしはたえずうごいている。,물 분자는 끊임없이 움직이고 있다.
紛失,ふんしつ,분실,JLPT_1 JLPT,j5|sBvq.}8,旅行中に財布を紛失した。,りょこうちゅうにさいふをふんしつした。,여행 중에 지갑을 분실했다.
噴出,ふんしゅつ,분출,JLPT_1 JLPT,D3z2#~XD*U,壊れた管から水が勢いよく噴出した。,こわれたくだからみずがいきおいよくふんしゅつした。,고장 난 관에서 물이 세차게 분출했다.
文書,ぶんしょ,문서,JLPT_1 JLPT,bo]+8nZw?m,合意内容を文書にして双方で保管した。,ごういないようをぶんしょにしてそうほうでほかんした。,합의 내용을 문서로 만들어 양측이 보관했다.
紛争,ふんそう,분쟁,JLPT_1 JLPT,OV3#PrQH78,長年続いた国境紛争がようやく終結した。,ながねんつづいたこっきょうふんそうがようやくしゅうけつした。,오랫동안 이어진 국경 분쟁이 마침내 종결되었다.
ふんだん,ふんだん,풍부함·넉넉함,JLPT_1 JLPT,MwIZm`m=c%,新鮮な野菜をふんだんに使った料理だ。,しんせんなやさいをふんだんにつかったりょうりだ。,신선한 채소를 풍부하게 사용한 요리다.
分担,ぶんたん,분담,JLPT_1 JLPT,gy+k.s^o1O,家事を家族全員で分担している。,かじをかぞくぜんいんでぶんたんしている。,집안일을 가족 모두가 분담하고 있다.
奮闘,ふんとう,분투,JLPT_1 JLPT,L`X>(7GS~^,新人選手は強豪を相手に奮闘した。,しんじんせんしゅはきょうごうをあいてにふんとうした。,신인 선수는 강호를 상대로 분투했다.
分配,ぶんぱい,분배,JLPT_1 JLPT,r[[VI2iWnz,集めた寄付金を各団体に公平に分配した。,あつめたきふきんをかくだんたいにこうへいにぶんぱいした。,모은 기부금을 각 단체에 공평하게 분배했다.
分母,ぶんぼ,분모,JLPT_1 JLPT,BM+H~/z91A,計算の途中で分母をそろえた。,けいさんのとちゅうでぶんぼをそろえた。,계산 도중에 분모를 통일했다.
粉末,ふんまつ,분말,JLPT_1 JLPT,O?vF%vQ*a#,薬草を乾燥させて細かい粉末にした。,やくそうをかんそうさせてこまかいふんまつにした。,약초를 건조해 고운 분말로 만들었다.
分離,ぶんり,분리,JLPT_1 JLPT,u?^XP3ZSZ),卵を黄身と白身に分離する。,たまごをきみとしろみにぶんりする。,달걀을 노른자와 흰자로 분리한다.
分裂,ぶんれつ,분열,JLPT_1 JLPT,FG95S7^tJT,意見の対立で組織が二つに分裂した。,いけんのたいりつでそしきがふたつにぶんれつした。,의견 대립으로 조직이 둘로 분열했다.
ペア,ペア,페어·짝,JLPT_1 JLPT,k=Nb=9qw5N,参加者は隣の人とペアを組んだ。,さんかしゃはとなりのひととぺあをくんだ。,참가자는 옆 사람과 짝을 이뤘다.
兵器,へいき,병기·무기,JLPT_1 JLPT,wAUL<0|lY_,条約で化学兵器の使用が禁じられた。,じょうやくでかがくへいきのしようがきんじられた。,조약으로 화학 무기의 사용이 금지되었다.
閉口,へいこう,말문이 막힘·항복함,JLPT_1 JLPT,g74gm$0hDG,隣人の長話には皆が閉口している。,りんじんのながばなしにはみながへいこうしている。,이웃의 긴 이야기에 모두가 질려 있다.
閉鎖,へいさ,폐쇄,JLPT_1 JLPT,m*Y:Rj#(nz,老朽化した橋は安全のため閉鎖された。,ろうきゅうかしたはしはあんぜんのためへいさされた。,노후한 다리는 안전을 위해 폐쇄되었다.
兵士,へいし,병사·군인,JLPT_1 JLPT,B3%=Tm.br`,若い兵士が国境の警備に当たっている。,わかいへいしがこっきょうのけいびにあたっている。,젊은 병사가 국경 경비를 맡고 있다.
平常,へいじょう,평상시,JLPT_1 JLPT,i$h--6kH#|,列車は事故後も平常どおり運行している。,れっしゃはじこごもへいじょうどおりうんこうしている。,열차는 사고 후에도 평소대로 운행하고 있다.
平方,へいほう,평방·제곱,JLPT_1 JLPT,pZOmk8w#A@,この部屋の面積は二十平方メートルだ。,このへやのめんせきはにじゅうへいほうめーとるだ。,이 방의 면적은 이십 제곱미터다.
並列,へいれつ,병렬,JLPT_1 JLPT,QDMVtj-X)],二個の電池を並列につないだ。,にこのでんちをへいれつにつないだ。,건전지 두 개를 병렬로 연결했다.
ベース,ベース,베이스·기초,JLPT_1 JLPT,m~Et>&CToA,実話をベースにした映画が公開された。,じつわをべーすにしたえいががこうかいされた。,실화를 바탕으로 한 영화가 개봉되었다.
辟易,へきえき,질림·주눅이 듦,JLPT_1 JLPT,wo~f0ok]vp,延々と続く自慢話に皆が辟易した。,えんえんとつづくじまんばなしにみながへきえきした。,끝없이 이어지는 자랑에 모두가 질렸다.
ぺこぺこ,ぺこぺこ,배가 몹시 고픈 모양·굽실굽실,JLPT_1 JLPT,F.Cz<ZL1y8,朝から何も食べず、お腹がぺこぺこだ。,あさからなにもたべず、おなかがぺこぺこだ。,아침부터 아무것도 먹지 않아 배가 몹시 고프다.
ベスト,ベスト,베스트·최선,JLPT_1 JLPT,kVQ_O=hpyu,本番でベストを尽くせるよう練習した。,ほんばんでべすとをつくせるようれんしゅうした。,실전에서 최선을 다할 수 있도록 연습했다.
ベストセラー,ベストセラー,베스트셀러,JLPT_1 JLPT,"k[DIJ,exg`",その小説は発売後すぐにベストセラーになった。,そのしょうせつははつばいごすぐにべすとせらーになった。,그 소설은 발매 후 곧바로 베스트셀러가 되었다.
隔たる,へだたる,거리가 떨어지다,JLPT_1 JLPT,b4BPS$[Q>/,二つの村は山を挟んで遠く隔たっている。,ふたつのむらはやまをはさんでとおくへだたっている。,두 마을은 산을 사이에 두고 멀리 떨어져 있다.
縁,へり,가장자리·테두리,JLPT_1 JLPT,g}BbfTHa#|,布の縁を丁寧に縫った。,ぬののへりをていねいにぬった。,천의 가장자리를 꼼꼼히 꿰맸다.
謙る·遜る,へりくだる,자신을 낮추다·겸손하게 굴다,JLPT_1 JLPT,fb3Sk}Zmt.,目上の人にも必要以上に遜ることはない。,めうえのひとにもひつよういじょうにへりくだることはない。,윗사람에게도 필요 이상으로 자신을 낮출 필요는 없다.
弁解,べんかい,변명,JLPT_1 JLPT,Eu*5BbIK^d,遅刻した彼は苦しい弁解を繰り返した。,ちこくしたかれはくるしいべんかいをくりかえした。,지각한 그는 궁색한 변명을 되풀이했다.
変革,へんかく,변혁,JLPT_1 JLPT,JH(PT>%qS{,新しい技術が産業に大きな変革をもたらした。,あたらしいぎじゅつがさんぎょうにおおきなへんかくをもたらした。,새로운 기술이 산업에 큰 변혁을 가져왔다.
返還,へんかん,반환,JLPT_1 JLPT,F`|5A?wBp8,借りていた土地を期限どおり所有者に返還した。,かりていたとちをきげんどおりしょゆうしゃにへんかんした。,빌렸던 토지를 기한대로 소유자에게 반환했다.
便宜,べんぎ,편의,JLPT_1 JLPT,uw9O+5v>m#,利用者の便宜を図り、受付時間を延長した。,りようしゃのべんぎをはかり、うけつけじかんをえんちょうした。,이용자의 편의를 도모해 접수 시간을 연장했다.
偏見,へんけん,편견,JLPT_1 JLPT,H5~Io~/)~0,出身地だけで人を判断するのは偏見だ。,しゅっしんちだけでひとをはんだんするのはへんけんだ。,출신지만으로 사람을 판단하는 것은 편견이다.
弁護,べんご,변호,JLPT_1 JLPT,rHoP07l#m/,弁護士は法廷で被告を弁護した。,べんごしはほうていでひこくをべんごした。,변호사는 법정에서 피고를 변호했다.
返済,へんさい,변제·상환,JLPT_1 JLPT,G.5i-maV%u,奨学金を十年かけて返済した。,しょうがくきんをじゅうねんかけてへんさいした。,장학금을 십 년에 걸쳐 상환했다.
弁償,べんしょう,변상,JLPT_1 JLPT,H^-g_F:FjG,子供が割った窓ガラスを弁償した。,こどもがわったまどがらすをべんしょうした。,아이가 깬 유리창 값을 물어 주었다.
変遷,へんせん,변천,JLPT_1 JLPT,qt*X5m;y07,写真を通して町並みの変遷をたどった。,しゃしんをとおしてまちなみのへんせんをたどった。,사진을 통해 거리 풍경의 변천을 살펴보았다.
返答,へんとう,답변,JLPT_1 JLPT,A+kZ]*6U1q,質問への返答をしばらく考えた。,しつもんへのへんとうをしばらくかんがえた。,질문에 어떻게 답할지 잠시 생각했다.
変動,へんどう,변동,JLPT_1 JLPT,"giBey3?e,4",原材料の価格は季節によって変動する。,げんざいりょうのかかくはきせつによってへんどうする。,원재료 가격은 계절에 따라 변동한다.
弁論,べんろん,변론,JLPT_1 JLPT,A=n2+Ps#LJ,学生は大会で環境問題について弁論を行った。,がくせいはたいかいでかんきょうもんだいについてべんろんをおこなった。,학생은 대회에서 환경 문제에 관해 변론했다.
穂,ほ,이삭,JLPT_1 JLPT,c0##(*ojkQ,秋になると稲の穂が黄金色に実る。,あきになるといねのほがこがねいろにみのる。,가을이 되면 벼 이삭이 황금빛으로 여문다.
保育,ほいく,보육,JLPT_1 JLPT,i3iCkIhG8y,保育の現場では安全への配慮が欠かせない。,ほいくのげんばではあんぜんへのはいりょがかかせない。,보육 현장에서는 안전에 대한 배려가 필수적이다.
ボイコット,ボイコット,보이콧·불매운동,JLPT_1 JLPT,mR[e%~Ga7o,消費者が値上げに抗議して商品をボイコットした。,しょうひしゃがねあげにこうぎしてしょうひんをぼいこっとした。,소비자들이 가격 인상에 항의해 상품을 불매했다.
ポイント,ポイント,포인트·점수,JLPT_1 JLPT,J#f7z)[.2},説明の重要なポイントを手帳に書いた。,せつめいのじゅうようなぽいんとをてちょうにかいた。,설명의 중요한 요점을 수첩에 적었다.
法案,ほうあん,법안,JLPT_1 JLPT,G67]H`pE*(,新しい法案が国会で可決された。,あたらしいほうあんがこっかいでかけつされた。,새 법안이 국회에서 가결되었다.
防衛,ぼうえい,방위,JLPT_1 JLPT,D~[_4zhU{o,国は沿岸地域の防衛を強化した。,くにはえんがんちいきのぼうえいをきょうかした。,국가는 연안 지역의 방위를 강화했다.
防火,ぼうか,방화,JLPT_1 JLPT,nk53s<H-ud,防火扉の前に荷物を置いてはいけない。,ぼうかとびらのまえににもつをおいてはいけない。,방화문 앞에 짐을 놓아서는 안 된다.
崩壊,ほうかい,붕괴,JLPT_1 JLPT,"jGI8,H>%=u",老朽化した建物が地震で崩壊した。,ろうきゅうかしたたてものがじしんでほうかいした。,노후한 건물이 지진으로 붕괴했다.
妨害,ぼうがい,방해,JLPT_1 JLPT,k0?pSKRG!b,大きな騒音が授業の妨害になった。,おおきなそうおんがじゅぎょうのぼうがいになった。,큰 소음이 수업에 방해가 되었다.
法学,ほうがく,법학,JLPT_1 JLPT,Mp|Wasr2Aa,姉は大学で法学を専攻している。,あねはだいがくでほうがくをせんこうしている。,누나는 대학에서 법학을 전공하고 있다.
封建,ほうけん,봉건,JLPT_1 JLPT,I3}@<tlawU,その国では長く封建制度が続いた。,そのくにではながくほうけんせいどがつづいた。,그 나라에서는 봉건 제도가 오랫동안 이어졌다.
豊作,ほうさく,풍작,JLPT_1 JLPT,DcQa/!NBRf,今年は天候に恵まれて米が豊作だった。,ことしはてんこうにめぐまれてこめがほうさくだった。,올해는 날씨가 좋아 쌀농사가 풍년이었다.
方策,ほうさく,방책,JLPT_1 JLPT,jAYb5%jhb,人口減少を抑える方策を早急に考える。,じんこうげんしょうをおさえるほうさくをさっきゅうにかんがえる。,인구 감소를 억제할 방책을 시급히 강구한다.
奉仕,ほうし,봉사,JLPT_1 JLPT,jl!5Ew9{A&,学生たちは休日に地域社会へ奉仕した。,がくせいたちはきゅうじつにちいきしゃかいへほうしした。,학생들은 휴일에 지역 사회를 위해 봉사했다.
方式,ほうしき,방식,JLPT_1 JLPT,JK5hiz`$ai,支払い方式を現金から電子決済に切り替えた。,しはらいほうしきをげんきんからでんしけっさいにきりかえた。,결제 방식을 현금에서 전자 결제로 전환했다.
放射,ほうしゃ,방사,JLPT_1 JLPT,s&NZ<R!wMX,この装置は四方に強い光を放射する。,このそうちはしほうにつよいひかりをほうしゃする。,이 장치는 사방으로 강한 빛을 방사한다.
放射能,ほうしゃのう,방사능,JLPT_1 JLPT,gGVwqx%~R],検査で土壌から微量の放射能が検出された。,けんさでどじょうからびりょうのほうしゃのうがけんしゅつされた。,검사에서 토양으로부터 미량의 방사능이 검출되었다.
報酬,ほうしゅう,보수,JLPT_1 JLPT,f3~#Hf{b;R,修理を手伝った報酬として食事をごちそうになった。,しゅうりをてつだったほうしゅうとしてしょくじをごちそうになった。,수리를 도와준 대가로 식사를 대접받았다.
放出,ほうしゅつ,방출,JLPT_1 JLPT,sh*BL^`)[I,大雨に備えてダムの水を放出した。,おおあめにそなえてだむのみずをほうしゅつした。,폭우에 대비해 댐의 물을 방출했다.
報じる,ほうじる,보도하다·알리다,JLPT_1 JLPT,JFEJ]`)bZ8,新聞は選挙の結果を大きく報じた。,しんぶんはせんきょのけっかをおおきくほうじた。,신문은 선거 결과를 크게 보도했다.
報ずる,ほうずる,보도하다·알리다,JLPT_1 JLPT,"KRvk3^-|,F",通信社は会談の結果を世界に報ずる予定だ。,つうしんしゃはかいだんのけっかをせかいにほうずるよていだ。,통신사는 회담 결과를 전 세계에 보도할 예정이다.
紡績,ぼうせき,방적,JLPT_1 JLPT,c(WbBZ;AX4,この町はかつて紡績業で栄えた。,このまちはかつてぼうせきぎょうでさかえた。,이 도시는 한때 방적업으로 번성했다.
呆然,ぼうぜん,망연자실함,JLPT_1 JLPT,"D,29%Cq6kO",突然の知らせに彼は呆然と立ち尽くした。,とつぜんのしらせにかれはぼうぜんとたちつくした。,갑작스러운 소식에 그는 망연자실한 채 서 있었다.
放置,ほうち,방치,JLPT_1 JLPT,v(CYy#&;?A,駅前に長く放置された自転車を撤去した。,えきまえにながくほうちされたじてんしゃをてっきょした。,역 앞에 오랫동안 방치된 자전거를 수거했다.
膨張,ぼうちょう,팽창,JLPT_1 JLPT,yrEhMT2lD[,容器の中の空気は温まると膨張する。,ようきのなかのくうきはあたたまるとぼうちょうする。,용기 안의 공기는 따뜻해지면 팽창한다.
法廷,ほうてい,법정,JLPT_1 JLPT,DT=sfW*:r&,証人は法廷で見たことを正直に語った。,しょうにんはほうていでみたことをしょうじきにかたった。,증인은 법정에서 본 것을 솔직하게 말했다.
報道,ほうどう,보도,JLPT_1 JLPT,c6C5#ID_tl,事故の報道を見て家族が心配になった。,じこのほうどうをみてかぞくがしんぱいになった。,사고 보도를 보고 가족이 걱정되었다.
冒頭,ぼうとう,모두·서두,JLPT_1 JLPT,j#7sz+T+0t,講演の冒頭で講師が聴衆に問いを投げかけた。,こうえんのぼうとうでこうしがちょうしゅうにといをなげかけた。,강연 서두에서 강사가 청중에게 질문을 던졌다.
暴動,ぼうどう,폭동,JLPT_1 JLPT,z>Vj=5Gt8G,暴動を鎮めるため軍隊が出動した。,ぼうどうをしずめるためぐんたいがしゅつどうした。,폭동을 진압하기 위해 군대가 출동했다.
褒美,ほうび,포상·상,JLPT_1 JLPT,p$ZOw#.2V@,約束を守った褒美に子供へ本を贈った。,やくそくをまもったほうびにこどもへほんをおくった。,약속을 지킨 상으로 아이에게 책을 선물했다.
暴風,ぼうふう,폭풍,JLPT_1 JLPT,G7m5?HCHEG,夜中に暴風が吹き荒れ、屋根が壊れた。,よなかにぼうふうがふきあれ、やねがこわれた。,한밤중에 폭풍이 몰아쳐 지붕이 부서졌다.
葬る,ほうむる,매장하다,JLPT_1 JLPT,o:m}t1oj2f,亡き父を故郷の静かな墓地に葬った。,なきちちをふるさとのしずかなぼちにほうむった。,돌아가신 아버지를 고향의 조용한 묘지에 묻었다.
放り込む,ほうりこむ,던져 넣다,JLPT_1 JLPT,eWW}rHT.ef,泥だらけの服を洗濯機に放り込んだ。,どろだらけのふくをせんたくきにほうりこんだ。,진흙투성이 옷을 세탁기에 던져 넣었다.
放り出す,ほうりだす,내팽개치다·내쫓다,JLPT_1 JLPT,x@6@j{vH4g,約束を破り続け、とうとう家から放り出された。,やくそくをやぶりつづけ、とうとういえからほうりだされた。,계속 약속을 어겨 결국 집에서 쫓겨났다.
暴力,ぼうりょく,폭력,JLPT_1 JLPT,"bBwqHP,dIr",どんな理由があっても暴力は許されない。,どんなりゆうがあってもぼうりょくはゆるされない。,어떤 이유가 있어도 폭력은 용납되지 않는다.
飽和,ほうわ,포화,JLPT_1 JLPT,e-F){8|6>q,国内市場はすでに飽和状態に達している。,こくないしじょうはすでにほうわじょうたいにたっしている。,국내 시장은 이미 포화 상태에 이르렀다.
ホース,ホース,호스,JLPT_1 JLPT,mR5}X@MWM{,長いホースを伸ばして庭の木に水をやった。,ながいほーすをのばしてにわのきにみずをやった。,긴 호스를 펴서 정원의 나무에 물을 주었다.
ポーズ,ポーズ,포즈·휴지,JLPT_1 JLPT,o2eqJ-PY$U,写真家の指示に合わせてポーズを取った。,しゃしんかのしじにあわせてぽーずをとった。,사진가의 지시에 맞춰 포즈를 취했다.
ホール,ホール,홀·구멍,JLPT_1 JLPT,g=V#H+1mJd,式典は市役所の大ホールで開かれた。,しきてんはしやくしょのだいほーるでひらかれた。,기념식은 시청 대강당에서 열렸다.
保温,ほおん,보온,JLPT_1 JLPT,caxU`1c?H},魔法瓶に入れて昼までお茶を保温した。,まほうびんにいれてひるまでおちゃをほおんした。,보온병에 넣어 점심때까지 차를 따뜻하게 보관했다.
捕獲,ほかく,포획,JLPT_1 JLPT,b>64#LmJ&_,畑を荒らした猪が罠で捕獲された。,はたけをあらしたいのししがわなでほかくされた。,밭을 망친 멧돼지가 덫으로 포획되었다.
保管,ほかん,보관,JLPT_1 JLPT,dQ*M>yKiW},重要な契約書は金庫に保管している。,じゅうようなけいやくしょはきんこにほかんしている。,중요한 계약서는 금고에 보관하고 있다.
補給,ほきゅう,보급,JLPT_1 JLPT,Dc(.H5{&b@,山頂に着く前に水分を補給した。,さんちょうにつくまえにすいぶんをほきゅうした。,산 정상에 도착하기 전에 수분을 보충했다.
補強,ほきょう,보강,JLPT_1 JLPT,J3$|<dn.re,老朽化した橋を鋼材で補強した。,ろうきゅうかしたはしをこうざいでほきょうした。,노후한 다리를 강재로 보강했다.
募金,ぼきん,모금,JLPT_1 JLPT,h)Vl=R>l^q,駅前で被災地を支援する募金を呼びかけた。,えきまえでひさいちをしえんするぼきんをよびかけた。,역 앞에서 재해 지역 지원 모금에 참여해 달라고 호소했다.
牧師,ぼくし,목사,JLPT_1 JLPT,pz`YHSooKr,牧師は教会に集まった人々へ静かに語りかけた。,ぼくしはきょうかいにあつまったひとびとへしずかにかたりかけた。,목사는 교회에 모인 사람들에게 조용히 말을 건넸다.
捕鯨,ほげい,포경·고래잡이,JLPT_1 JLPT,x$O*osSX;x,商業捕鯨の再開を巡って議論が続いた。,しょうぎょうほげいのさいかいをめぐってぎろんがつづいた。,상업 포경 재개를 둘러싸고 논의가 이어졌다.
惚ける,ぼける,흐리멍덩해지다·노망나다,JLPT_1 JLPT,q*FJd;okG=,寝不足で頭が惚けて仕事に集中できない。,ねぶそくであたまがぼけてしごとにしゅうちゅうできない。,잠이 부족해 머리가 멍해서 일에 집중할 수 없다.
保険,ほけん,보험,JLPT_1 JLPT,Bet5?24idk,旅行前に海外で使える保険に加入した。,りょこうまえにかいがいでつかえるほけんにかにゅうした。,여행 전에 해외에서 쓸 수 있는 보험에 가입했다.
母校,ぼこう,모교,JLPT_1 JLPT,qX^1y@?`G[,卒業後も母校の行事に毎年参加している。,そつぎょうごもぼこうのぎょうじにまいとしさんかしている。,졸업 후에도 모교 행사에 매년 참가하고 있다.
母国,ぼこく,모국,JLPT_1 JLPT Intermediate_Japanese_Ln.15 Intermediate_Japanese,bSW6]:G@H?,彼は長い留学を終えて母国へ帰った。,かれはながいりゅうがくをおえてぼこくへかえった。,그는 긴 유학을 마치고 모국으로 돌아갔다.
誇る,ほこる,자랑하다,JLPT_1 JLPT,M-#?~#CKEe,この会社は世界屈指の技術力を誇る。,このかいしゃはせかいくっしのぎじゅつりょくをほこる。,이 회사는 세계 굴지의 기술력을 자랑한다.
綻びる,ほころびる,(실밥이)풀리다·(꽃이) 피기 시작하다,JLPT_1 JLPT,IzpFoG;o+q,古い上着の袖口が少し綻びている。,ふるいうわぎのそでぐちがすこしほころびている。,오래된 겉옷의 소맷부리가 조금 풀려 있다.
干し～,ほし～,말린 ~,JLPT_1 JLPT,is?TC|:$uN,祖母が作った甘い干し柿をおやつに食べた。,そぼがつくったあまいほしがきをおやつにたべた。,할머니가 만든 달콤한 곶감을 간식으로 먹었다.
ポジション,ポジション,포지션·위치,JLPT_1 JLPT,PnsJ9Y`/xy,新しい選手は守備のポジションを任された。,あたらしいせんしゅはしゅびのぽじしょんをまかされた。,새 선수는 수비 포지션을 맡았다.
干し物,ほしもの,말린 것·빨래,JLPT_1 JLPT,fiEpVY&=zT,雨が降りそうなので急いで干し物を取り込んだ。,あめがふりそうなのでいそいでほしものをとりこんだ。,비가 올 것 같아 서둘러 빨래를 걷었다.
保守,ほしゅ,보수,JLPT_1 JLPT,HeA:gQu%kE,定期的に機械を保守して故障を防ぐ。,ていきてきにきかいをほしゅしてこしょうをふせぐ。,정기적으로 기계를 보수하여 고장을 막는다.
補充,ほじゅう,보충,JLPT_1 JLPT,ovQ+M7ILU),売り切れた商品を棚に補充した。,うりきれたしょうひんをたなにほじゅうした。,매진된 상품을 진열대에 보충했다.
補助,ほじょ,보조,JLPT_1 JLPT,m?5D3_JP+},高齢者の歩行を補助する器具を開発した。,こうれいしゃのほこうをほじょするきぐをかいはつした。,고령자의 보행을 보조하는 기구를 개발했다.
舗装,ほそう,포장 (도로),JLPT_1 JLPT,glr.;x9$x0,雨で傷んだ道路を舗装し直した。,あめでいたんだどうろをほそうしなおした。,비로 손상된 도로를 다시 포장했다.
補足,ほそく,보족·보충,JLPT_1 JLPT,inE4~;vRlL,誤解がないよう説明を少し補足した。,ごかいがないようせつめいをすこしほそくした。,오해가 없도록 설명을 조금 보충했다.
墓地,ぼち,묘지,JLPT_1 JLPT,nNMpx>zT&},丘の上の墓地に祖父の墓がある。,おかのうえのぼちにそふのはかがある。,언덕 위 묘지에 할아버지의 묘가 있다.
発作,ほっさ,발작,JLPT_1 JLPT,J-l0g]=x_p,彼は急な発作で病院に運ばれた。,かれはきゅうなほっさでびょういんにはこばれた。,그는 갑작스러운 발작으로 병원에 이송되었다.
没収,ぼっしゅう,몰수,JLPT_1 JLPT,FTZs|u+c%T,試験中に使った携帯電話を没収された。,しけんちゅうにつかったけいたいでんわをぼっしゅうされた。,시험 중에 사용한 휴대전화를 몰수당했다.
発足,ほっそく,발족,JLPT_1 JLPT,zOAVt?|e(1,地域の防災組織が今月発足した。,ちいきのぼうさいそしきがこんげつほっそくした。,지역 방재 조직이 이번 달에 발족했다.
ポット,ポット,포트·단지,JLPT_1 JLPT,eLxlfyvQa!,ポットに熱いお茶を入れて客に出した。,ぽっとにあついおちゃをいれてきゃくにだした。,포트에 뜨거운 차를 담아 손님에게 내놓았다.
ほっぺた,ほっぺた,볼·뺨,JLPT_1 JLPT,Jt@~gSztWD,寒さで子供のほっぺたが赤くなった。,さむさでこどものほっぺたがあかくなった。,추위로 아이의 볼이 빨개졌다.
ぼつぼつ,ぼつぼつ,슬슬·조금씩,JLPT_1 JLPT,jz~OVH6f~Q,雨もやんだし、ぼつぼつ出かけよう。,あめもやんだし、ぼつぼつでかけよう。,비도 그쳤으니 슬슬 나가자.
没落,ぼつらく,몰락,JLPT_1 JLPT,qo9QqJE?e^,浪費を重ねた名家は急速に没落した。,ろうひをかさねためいかはきゅうそくにぼつらくした。,낭비를 거듭한 명문가는 급속히 몰락했다.
解ける,ほどける,풀리다,JLPT_1 JLPT,DA{v}3+Lp$,走っているうちに靴ひもが解けた。,はしっているうちにくつひもがほどけた。,달리는 사이에 신발 끈이 풀렸다.
施す,ほどこす,베풀다·시행하다,JLPT_1 JLPT,gYMa.e[yq>,医師は負傷者に応急処置を施した。,いしはふしょうしゃにおうきゅうしょちをほどこした。,의사는 부상자에게 응급 처치를 시행했다.
ほとり,ほとり,부근·근처,JLPT_1 JLPT,h5B>a}=Y4~,湖のほとりに小さな宿を建てた。,みずうみのほとりにちいさなやどをたてた。,호숫가에 작은 숙소를 지었다.
ぼやく,ぼやく,투덜대다·푸념하다,JLPT_1 JLPT,DOH?PxBsC~,父は給料が上がらないとぼやいている。,ちちはきゅうりょうがあがらないとぼやいている。,아버지는 월급이 오르지 않는다고 푸념하고 있다.
ぼやける,ぼやける,흐릿해지다,JLPT_1 JLPT,"rB,1PHpB=G",霧で遠くの山並みがぼやけて見える。,きりでとおくのやまなみがぼやけてみえる。,안개 때문에 멀리 있는 산줄기가 흐릿하게 보인다.
保養,ほよう,보양·휴양,JLPT_1 JLPT,Q#{ir6[3o?,疲れた体を休めるため温泉地で保養した。,つかれたからだをやすめるためおんせんちでほようした。,지친 몸을 쉬게 하려고 온천지에서 요양했다.
捕虜,ほりょ,포로,JLPT_1 JLPT,qxd6jwjQC6,戦争が終わり、捕虜たちは故郷へ帰された。,せんそうがおわり、ほりょたちはふるさとへかえされた。,전쟁이 끝나 포로들은 고향으로 돌려보내졌다.
ボルト,ボルト,볼트,JLPT_1 JLPT,FZLDQ~YD+C,緩んだボルトを工具で締め直した。,ゆるんだぼるとをこうぐでしめなおした。,느슨해진 볼트를 공구로 다시 조였다.
滅びる,ほろびる,멸망하다,JLPT_1 JLPT,"O_YU5EzmO,",その王国は内乱によって滅びた。,そのおうこくはないらんによってほろびた。,그 왕국은 내란으로 멸망했다.
滅ぼす,ほろぼす,멸망시키다,JLPT_1 JLPT,eOA1)SbQq#,外来種が島の固有種を滅ぼすおそれがある。,がいらいしゅがしまのこゆうしゅをほろぼすおそれがある。,외래종이 섬의 고유종을 멸종시킬 우려가 있다.
本格,ほんかく,본격,JLPT_1 JLPT,DzD$oDSZg.,冬に入り、本格的な寒さが訪れた。,ふゆにはいり、ほんかくてきなさむさがおとずれた。,겨울에 접어들며 본격적인 추위가 찾아왔다.
本館,ほんかん,본관,JLPT_1 JLPT,rO)PGxv/$V,受付は別館ではなく本館にあります。,うけつけはべっかんではなくほんかんにあります。,접수처는 별관이 아니라 본관에 있습니다.
本気,ほんき,진심,JLPT_1 JLPT,m?pL_oxeK4,彼は冗談ではなく本気で転職を考えている。,かれはじょうだんではなくほんきでてんしょくをかんがえている。,그는 농담이 아니라 진지하게 이직을 생각하고 있다.
本国,ほんごく,본국,JLPT_1 JLPT,HviGkp(Y>O,任期を終えた大使は本国へ戻った。,にんきをおえたたいしはほんごくへもどった。,임기를 마친 대사는 본국으로 돌아갔다.
本質,ほんしつ,본질,JLPT_1 JLPT,HQcPpLF4DH,表面的な数字だけでは問題の本質は見えない。,ひょうめんてきなすうじだけではもんだいのほんしつはみえない。,표면적인 수치만으로는 문제의 본질이 보이지 않는다.
本体,ほんたい,본체,JLPT_1 JLPT,"f]jl3TlH~,",電源を切ってから機械の本体を掃除した。,でんげんをきってからきかいのほんたいをそうじした。,전원을 끈 뒤 기계 본체를 청소했다.
本音,ほんね,본심·진심에서 우러나오는 말,JLPT_1 JLPT Intermediate_Japanese_Ln.15 Intermediate_Japanese,Li:D?QHH;~,酒の席で彼はようやく本音を漏らした。,さけのせきでかれはようやくほんねをもらした。,술자리에서 그는 마침내 속마음을 털어놓았다.
本能,ほんのう,본능,JLPT_1 JLPT,LYsP`F`>Yc,動物は危険を本能で察知する。,どうぶつはきけんをほんのうでさっちする。,동물은 위험을 본능적으로 감지한다.
本場,ほんば,본고장,JLPT_1 JLPT,L1wT%E>`J`,本場で伝統的な料理を味わった。,ほんばででんとうてきなりょうりをあじわった。,본고장에서 전통 요리를 맛보았다.
ポンプ,ポンプ,펌프,JLPT_1 JLPT,iq>r8*xxvq,ポンプで地下室の水をくみ出した。,ぽんぷでちかしつのみずをくみだした。,펌프로 지하실의 물을 퍼냈다.
本文,ほんぶん,본문,JLPT_1 JLPT,OPcHo]s_IF,図だけでなく本文にも目を通してください。,ずだけでなくほんぶんにもめをとおしてください。,그림뿐 아니라 본문도 훑어보세요.
本名,ほんみょう,본명,JLPT_1 JLPT,tgSVI-BSzp,その作家は本名を明かさず活動している。,そのさっかはほんみょうをあかさずかつどうしている。,그 작가는 본명을 밝히지 않고 활동하고 있다.
マーク,マーク,마크·표시,JLPT_1 JLPT,xSmh(Hx|6s,危険な場所には赤いマークが付いている。,きけんなばしょにはあかいまーくがついている。,위험한 장소에는 빨간 표시가 붙어 있다.
マイ～,マイ～,나의 ~·마이 ~,JLPT_1 JLPT,M3C.y[*%DG,通勤用にマイカーを購入した。,つうきんようにまいかーをこうにゅうした。,출퇴근용으로 자가용을 구입했다.
マイクロフォン,マイクロフォン,마이크로폰·마이크,JLPT_1 JLPT,"O(^,e1PC5c",歌手はマイクロフォンを握って舞台に立った。,かしゅはまいくろふぉんをにぎってぶたいにたった。,가수는 마이크를 쥐고 무대에 섰다.
埋蔵,まいぞう,매장,JLPT_1 JLPT,x=IBNay?qY,この地域には豊富な石炭が埋蔵されている。,このちいきにはほうふなせきたんがまいぞうされている。,이 지역에는 풍부한 석탄이 매장되어 있다.
舞う,まう,춤추다·흩날리다,JLPT_1 JLPT,E~)$*yPg`;,桜の花びらが風に乗って舞っている。,さくらのはなびらがかぜにのってまっている。,벚꽃잎이 바람을 타고 흩날리고 있다.
真上,まうえ,바로 위,JLPT_1 JLPT,d)IsOG^B=),太陽が真上に来て、影が短くなった。,たいようがまうえにきて、かげがみじかくなった。,태양이 바로 위에 와서 그림자가 짧아졌다.
前売,まえうり,예매,JLPT_1 JLPT,bq0PjYAHh(,人気公演の前売券を発売日に買った。,にんきこうえんのまえうりけんをはつばいびにかった。,인기 공연의 예매권을 발매일에 샀다.
前置き,まえおき,서두·머리말,JLPT_1 JLPT,w66ywP/&&4,長い前置きは省いて要点から話してください。,ながいまえおきははぶいてようてんからはなしてください。,긴 서두는 생략하고 요점부터 말해 주세요.
任す,まかす,맡기다,JLPT_1 JLPT,p:ILhp([Gw,経験豊富な彼に現場の判断を任した。,けいけんほうふなかれにげんばのはんだんをまかした。,경험이 풍부한 그에게 현장의 판단을 맡겼다.
負かす,まかす,이기다·패배시키다,JLPT_1 JLPT,qi|Hx;t;6u,弟は将棋で初めて父を負かした。,おとうとはしょうぎではじめてちちをまかした。,남동생은 일본 장기에서 처음으로 아버지를 이겼다.
賄う,まかなう,조달하다·마련하다,JLPT_1 JLPT,z7=~3@j0#5,参加費だけで会場費を賄った。,さんかひだけでかいじょうひをまかなった。,참가비만으로 행사장 비용을 충당했다.
紛らわしい,まぎらわしい,혼동하기 쉽다·헷갈리다,JLPT_1 JLPT,"h,2f1PppwU",二つの商品は名前が似ていて紛らわしい。,ふたつのしょうひんはなまえがにていてまぎらわしい。,두 상품은 이름이 비슷해서 헷갈린다.
紛れる,まぎれる,혼동되다·혼란한다,JLPT_1 JLPT,d#WX3KXSxZ,書類の間に大切な手紙が紛れていた。,しょるいのあいだにたいせつなてがみがまぎれていた。,서류 사이에 중요한 편지가 섞여 있었다.
真心,まごころ,진심·정성,JLPT_1 JLPT,D6e()w&]x>,店主は一人一人の客を真心でもてなした。,てんしゅはひとりひとりのきゃくをまごころでもてなした。,가게 주인은 손님 한 명 한 명을 정성으로 대접했다.
まごつく,まごつく,당황하다·허둥대다,JLPT_1 JLPT,f/~oJkW$x!,券売機の操作が分からず、その場でまごついた。,けんばいきのそうさがわからず、そのばでまごついた。,발권기 조작법을 몰라 그 자리에서 헤맸다.
誠,まこと,진실·성실,JLPT_1 JLPT,t$vv<u=?i:,誠を尽くして相手と向き合えば気持ちは伝わる。,まことをつくしてあいてとむきあえばきもちはつたわる。,성의를 다해 상대와 마주하면 마음은 전해진다.
誠に,まことに,정말로·진심으로,JLPT_1 JLPT Genki_Ln.20 Genki,P/8R*Tv!+F,本日はお越しいただき、誠にありがとうございます。,ほんじつはおこしいただき、まことにありがとうございます。,오늘 와 주셔서 진심으로 감사합니다.
まさしく,まさしく,정말로·틀림없이,JLPT_1 JLPT,zuz5Xe$DuA,彼の行動はまさしく勇気ある決断だった。,かれのこうどうはまさしくゆうきあるけつだんだった。,그의 행동은 틀림없이 용기 있는 결단이었다.
勝る,まさる,낫다·우수하다,JLPT_1 JLPT,t<|1#xSX&T,使いやすさでは新製品が旧型に勝る。,つかいやすさではしんせいひんがきゅうがたにまさる。,사용 편의성에서는 신제품이 구형보다 낫다.
～増し,～まし,~증가·~더함,JLPT_1 JLPT,z5+QCF_t-U,休日の料金は平日より二割増しだ。,きゅうじつのりょうきんはへいじつよりにわりましだ。,휴일 요금은 평일보다 20퍼센트 더 비싸다.
交える,まじえる,섞다·교차시키다·나누다,JLPT_1 JLPT,B~3MEZXI+!,講師は冗談を交えて難しい内容を説明した。,こうしはじょうだんをまじえてむずかしいないようをせつめいした。,강사는 농담을 섞어 어려운 내용을 설명했다.
真下,ました,바로 아래,JLPT_1 JLPT,Iz;A7a]fD~,窓の真下に自転車を置かないでください。,まどのましたにじてんしゃをおかないでください。,창문 바로 아래에 자전거를 놓지 마세요.
まして,まして,하물며·더구나,JLPT_1 JLPT,PY/0T[blt;,大人でも難しいのだから、まして子供には無理だ。,おとなでもむずかしいのだから、ましてこどもにはむりだ。,어른에게도 어려우니 하물며 아이에게는 무리다.
交わる,まじわる,교차하다·사귀다,JLPT_1 JLPT,mS|?u$Z<><,この港町では異なる文化が交わっている。,このみなとまちではことなるぶんかがまじわっている。,이 항구 도시에서는 서로 다른 문화가 어우러지고 있다.
麻酔,ますい,마취,JLPT_1 JLPT,"mw>M%F[]D,",手術の前に局所麻酔をかけてもらった。,しゅじゅつのまえにきょくしょますいをかけてもらった。,수술 전에 국소 마취를 받았다.
またがる (うまを～),またがる (うまを～),올라타다·걸치다,JLPT_1 JLPT,uN3HnTL61M,少年は馬にまたがって草原を駆けた。,しょうねんはうまにまたがってそうげんをかけた。,소년은 말에 올라타 초원을 달렸다.
待ち合わせ,まちあわせ,약속(해서 만나기로 함),JLPT_1 JLPT,IyY!Ll1/sj,友人との待ち合わせに十分も遅れてしまった。,ゆうじんとのまちあわせにじゅっぷんもおくれてしまった。,친구와의 약속에 10분이나 늦고 말았다.
待ち遠しい,まちどおしい,몹시 기다려지다,JLPT_1 JLPT,w+0{4=a9>3,家族で出かける日曜日が待ち遠しい。,かぞくででかけるにちようびがまちどおしい。,가족과 외출하는 일요일이 몹시 기다려진다.
待ち望む,まちのぞむ,간절히 기다리다,JLPT_1 JLPT,CwJO9mIIMV,住民は鉄道の再開を長い間待ち望んでいた。,じゅうみんはてつどうのさいかいをながいあいだまちのぞんでいた。,주민들은 철도 운행 재개를 오랫동안 간절히 기다렸다.
区区,まちまち,제각각,JLPT_1 JLPT,Ddw`;bcVVc,同じ質問でも参加者の答えは区区だった。,おなじしつもんでもさんかしゃのこたえはまちまちだった。,같은 질문에도 참가자들의 답은 제각각이었다.
末期,まっき,말기,JLPT_1 JLPT,GQt+3/1&iv,病気が末期になる前に治療を始めることが大切だ。,びょうきがまっきになるまえにちりょうをはじめることがたいせつだ。,병이 말기가 되기 전에 치료를 시작하는 것이 중요하다.
真っ二つ,まっぷたつ,정확히 두 조각,JLPT_1 JLPT,rhE|8rVnO$,強風で古い看板が真っ二つに割れた。,きょうふうでふるいかんばんがまっぷたつにわれた。,강풍에 낡은 간판이 완전히 두 동강 났다.
まと,まと,과녁·표적,JLPT_1 JLPT,Q*)wm/p9we,放った矢が見事にまとの中央へ当たった。,はなったやがみごとにまとのちゅうおうへあたった。,쏜 화살이 멋지게 과녁 중앙에 맞았다.
纏まり,まとまり,정리됨·결말·통일,JLPT_1 JLPT,"z55#c:D.,?",その発表は全体に纏まりがなく分かりにくい。,そのはっぴょうはぜんたいにまとまりがなくわかりにくい。,그 발표는 전체적으로 통일성이 없어 이해하기 어렵다.
纏め,まとめ,정리·요약,JLPT_1 JLPT,oa&iF{vs}),会議の纏めを作成して全員に配った。,かいぎのまとめをさくせいしてぜんいんにくばった。,회의 요약을 작성해 모두에게 나누어 주었다.
免れる,まぬがれる,면하다·벗어나다,JLPT_1 JLPT,s%K15EwNfz,早めに避難したため大きな被害を免れた。,はやめにひなんしたためおおきなひがいをまぬがれた。,일찍 대피한 덕분에 큰 피해를 면했다.
招き,まねき,초대·초청,JLPT_1 JLPT,yU~T`=>LDi,友人の招きで週末を山荘で過ごした。,ゆうじんのまねきでしゅうまつをさんそうですごした。,친구의 초대로 주말을 산장에서 보냈다.
瞬き,まばたき,깜박임,JLPT_1 JLPT,P9XKDg!![C,観客は瞬きもせず舞台を見つめていた。,かんきゃくはまばたきもせずぶたいをみつめていた。,관객은 눈도 깜박이지 않고 무대를 바라보았다.
麻痺,まひ,마비,JLPT_1 JLPT,"E,_FTp$2/<",事故の後遺症で右足が麻痺している。,じこのこういしょうでみぎあしがまひしている。,사고 후유증으로 오른쪽 다리가 마비되어 있다.
～まみれ,～まみれ,~투성이,JLPT_1 JLPT,"sqX,LlH3-A",雨の中を走って靴が泥まみれになった。,あめのなかをはしってくつがどろまみれになった。,빗속을 달려 신발이 진흙투성이가 되었다.
眉,まゆ,눈썹,JLPT_1 JLPT,s]w/H=It~C,驚いた彼女は眉を上げた。,おどろいたかのじょはまゆをあげた。,놀란 그녀는 눈썹을 크게 치켜올렸다.
鞠,まり,공,JLPT_1 JLPT,L0Js7PDQey,子供たちは庭で鞠をついて遊んだ。,こどもたちはにわでまりをついてあそんだ。,아이들은 마당에서 공을 튀기며 놀았다.
丸ごと,まるごと,통째로,JLPT_1 JLPT,oAOL{@?a=y,釣った魚を丸ごと焼いて皆で食べた。,つったさかなをまるごとやいてみんなでたべた。,잡은 생선을 통째로 구워 모두 함께 먹었다.
まるっきり,まるっきり,전혀·완전히,JLPT_1 JLPT,roz]qfa`JS,彼の予想はまるっきり外れていた。,かれのよそうはまるっきりはずれていた。,그의 예상은 완전히 빗나갔다.
丸々,まるまる,전부·통째로,JLPT_1 JLPT,eV$3aB(/)x,風邪で丸々一週間仕事を休んだ。,かぜでまるまるいっしゅうかんしごとをやすんだ。,감기로 꼬박 일주일 동안 일을 쉬었다.
丸める,まるめる,둥글게 말다,JLPT_1 JLPT,Nd=%r[H=>c,不要な書類を丸めて箱に入れた。,ふようなしょるいをまるめてはこにいれた。,불필요한 서류를 둥글게 말아 상자에 넣었다.
満月,まんげつ,만월·보름달,JLPT_1 JLPT,dZR3ROGpT$,雲の間から明るい満月が姿を現した。,くものあいだからあかるいまんげつがすがたをあらわした。,구름 사이로 밝은 보름달이 모습을 드러냈다.
満場,まんじょう,만장·온 장내,JLPT_1 JLPT,ffiOG%*5K_,提案は満場一致で可決された。,ていあんはまんじょういっちでかけつされた。,제안은 만장일치로 가결되었다.
真ん前,まんまえ,바로 앞,JLPT_1 JLPT,B[GBnZiI4Z,駅の真ん前に新しい図書館が建った。,えきのまんまえにあたらしいとしょかんがたった。,역 바로 앞에 새 도서관이 들어섰다.
真ん丸い,まんまるい,동그랗다,JLPT_1 JLPT,F)+$.BY>]K,池には真ん丸い月が映っていた。,いけにはまんまるいつきがうつっていた。,연못에는 동그란 달이 비치고 있었다.
真ん円い,まんまるい,동그랗다,JLPT_1 JLPT,l73GW43&1I,子猫が真ん円い目でこちらを見ている。,こねこがまんまるいめでこちらをみている。,새끼 고양이가 동그란 눈으로 이쪽을 보고 있다.
～味,～み,~미·~맛,JLPT_1 JLPT,JZMc!Ve6^U,よく煮込むと野菜の甘味が増す。,よくにこむとやさいのあまみがます。,푹 끓이면 채소의 단맛이 강해진다.
見合い,みあい,맞선,JLPT_1 JLPT,dP:cnU(>Lf,叔母の紹介で先月初めて見合いをした。,おばのしょうかいでせんげつはじめてみあいをした。,이모의 소개로 지난달 처음 맞선을 보았다.
見合わせる,みあわせる,마주 보다·보류하다,JLPT_1 JLPT,o0gE$9N?58,悪天候のため試合の開始を見合わせた。,あくてんこうのためしあいのかいしをみあわせた。,악천후로 경기 시작을 보류했다.
見落とす,みおとす,간과하다·못 보고 넘기다,JLPT_1 JLPT,pxrQq~WN~>,確認したのに重要な誤りを見落とした。,かくにんしたのにじゅうようなあやまりをみおとした。,확인했는데도 중요한 오류를 놓쳤다.
未開,みかい,미개,JLPT_1 JLPT,A5z6h|*?{|,調査隊は未開の地へ足を踏み入れた。,ちょうさたいはみかいのちへあしをふみいれた。,조사대는 미개척지에 발을 들였다.
味覚,みかく,미각,JLPT_1 JLPT,lw?sswB?B?,風邪をひいて一時的に味覚を失った。,かぜをひいていちじてきにみかくをうしなった。,감기에 걸려 일시적으로 미각을 잃었다.
幹,みき,줄기,JLPT_1 JLPT,l4N|@LrpFp,強風で庭の木の太い幹が折れた。,きょうふうでにわのきのふといみきがおれた。,강풍에 정원 나무의 굵은 줄기가 부러졌다.
見苦しい,みぐるしい,꼴사납다·보기 흉하다,JLPT_1 JLPT,"zoS)q7/,pA",人前で責任を押し付け合う姿は見苦しい。,ひとまえでせきにんをおしつけあうすがたはみぐるしい。,사람들 앞에서 서로 책임을 떠넘기는 모습은 보기 흉하다.
見込み,みこみ,가망·예상,JLPT_1 JLPT,AJ2+ju9lav,医師は来週には退院できる見込みだと話した。,いしはらいしゅうにはたいいんできるみこみだとはなした。,의사는 다음 주에는 퇴원할 수 있을 전망이라고 말했다.
未婚,みこん,미혼,JLPT_1 JLPT,y~*KiMDApr,申込書には未婚か既婚かを記入する欄がある。,もうしこみしょにはみこんかきこんかをきにゅうするらんがある。,신청서에는 미혼인지 기혼인지 기입하는 칸이 있다.
未熟,みじゅく,미숙함,JLPT_1 JLPT,Mm``I-uL4c,技術がまだ未熟なので経験を積む必要がある。,ぎじゅつがまだみじゅくなのでけいけんをつむひつようがある。,아직 기술이 미숙하므로 경험을 쌓을 필요가 있다.
微塵,みじん,미세함·티끌,JLPT_1 JLPT,xr|L`N8dB@,彼は失敗したことを微塵も後悔していない。,かれはしっぱいしたことをみじんもこうかいしていない。,그는 실패한 것을 조금도 후회하지 않는다.
水気,みずけ,습기·물기,JLPT_1 JLPT,"AAG,tXSTs&",豆腐の水気をよく切ってから焼いた。,とうふのみずけをよくきってからやいた。,두부의 물기를 잘 뺀 뒤 구웠다.
ミスプリント,ミスプリント,오타,JLPT_1 JLPT,MN~t-y(9f/,配布資料に重大なミスプリントが見つかった。,はいふしりょうにじゅうだいなみすぷりんとがみつかった。,배포 자료에서 중대한 오타가 발견되었다.
見窄らしい,みすぼらしい,초라하다,JLPT_1 JLPT,zZ?|#(.Ue2,古びた上着はすっかり見窄らしくなった。,ふるびたうわぎはすっかりみすぼらしくなった。,낡은 겉옷은 완전히 초라해졌다.
ミセス,ミセス,미세스·부인,JLPT_1 JLPT,FN(%bDaCYE,その雑誌は若いミセス向けの記事が多い。,そのざっしはわかいみせすむけのきじがおおい。,그 잡지는 젊은 기혼 여성 대상 기사가 많다.
見せびらかす,みせびらかす,과시하다·뽐내다,JLPT_1 JLPT,vp0up+%&~4,彼は新しい腕時計を皆に見せびらかした。,かれはあたらしいうでどけいをみなにみせびらかした。,그는 새 손목시계를 모두에게 자랑했다.
見せ物,みせもの,구경거리,JLPT_1 JLPT,Cc24XA|;u.,人の失敗を見せ物にするべきではない。,ひとのしっぱいをみせものにするべきではない。,남의 실패를 구경거리로 삼아서는 안 된다.
溝,みぞ,도랑·틈,JLPT_1 JLPT,"k,R(3N{_j9",大雨で道端の溝があふれた。,おおあめでみちばたのみぞがあふれた。,폭우로 길가의 도랑이 넘쳤다.
満たす,みたす,채우다·만족시키다,JLPT_1 JLPT,B44j~=|$C},応募者はすべての条件を満たしている。,おうぼしゃはすべてのじょうけんをみたしている。,지원자는 모든 조건을 충족하고 있다.
乱す,みだす,어지럽히다,JLPT_1 JLPT,C%T3isV/48,突然の物音が会場の静けさを乱した。,とつぜんのものおとがかいじょうのしずけさをみだした。,갑작스러운 소리가 행사장의 정적을 깨뜨렸다.
乱れる,みだれる,어지러워지다,JLPT_1 JLPT,KLJg{.X@t^,強い風で髪が乱れた。,つよいかぜでかみがみだれた。,강한 바람에 머리가 헝클어졌다.
未知,みち,미지,JLPT_1 JLPT,LJ513rxoTO,研究者は未知の生物を探して深海へ向かった。,けんきゅうしゃはみちのせいぶつをさがしてしんかいへむかった。,연구자는 미지의 생물을 찾아 심해로 향했다.
身近,みぢか,신변·가까움,JLPT_1 JLPT,bkRa/9L=lh,環境問題を身近な例から考える。,かんきょうもんだいをみぢかなれいからかんがえる。,환경 문제를 주변의 사례부터 생각해 본다.
導く,みちびく,이끌다·인도하다,JLPT_1 JLPT,"A,UwJ4E[I_",教師は質問を重ねて生徒を正解へ導いた。,きょうしはしつもんをかさねてせいとをせいかいへみちびいた。,교사는 거듭 질문하며 학생을 정답으로 이끌었다.
密集,みっしゅう,밀집,JLPT_1 JLPT,iiclZ|l}Fq,古い家屋が密集する地域では火災に注意が必要だ。,ふるいかおくがみっしゅうするちいきではかさいにちゅういがひつようだ。,낡은 가옥이 밀집한 지역에서는 화재에 주의해야 한다.
密接,みっせつ,밀접,JLPT_1 JLPT,o{R4~BmT^x,睡眠は心身の健康と密接に関係している。,すいみんはしんしんのけんこうとみっせつにかんけいしている。,수면은 심신의 건강과 밀접하게 관련되어 있다.
密度,みつど,밀도,JLPT_1 JLPT,t`MF+}P~d:,この木材は密度が高くて丈夫だ。,このもくざいはみつどがたかくてじょうぶだ。,이 목재는 밀도가 높고 튼튼하다.
見積もり,みつもり,견적,JLPT_1 JLPT,KD?@iY>SQH,修理費の見積もりを業者に依頼した。,しゅうりひのみつもりをぎょうしゃにいらいした。,수리비 견적을 업체에 의뢰했다.
未定,みてい,미정,JLPT_1 JLPT,Q}7[YRL|?=,会議の詳しい日程はまだ未定だ。,かいぎのくわしいにっていはまだみていだ。,회의의 자세한 일정은 아직 미정이다.
見通し,みとおし,전망,JLPT_1 JLPT,hHCL?CdIG],工事は来月末に完了する見通しだ。,こうじはらいげつまつにかんりょうするみとおしだ。,공사는 다음 달 말에 완료될 전망이다.
見なす,みなす,간주하다·여기다,JLPT_1 JLPT,E8w4wKW7Y],正当な理由のない欠席は辞退と見なす。,せいとうなりゆうのないけっせきはじたいとみなす。,정당한 이유 없는 결석은 사퇴로 간주한다.
源,みなもと,근원·수원,JLPT_1 JLPT,zO=gu0Zqs*,雪解け水がこの川の源となっている。,ゆきどけみずがこのかわのみなもととなっている。,눈 녹은 물이 이 강의 수원이 되고 있다.
見習う,みならう,본받다,JLPT_1 JLPT,p&yDgKca2!,先輩の丁寧な仕事ぶりを見習いたい。,せんぱいのていねいなしごとぶりをみならいたい。,선배의 꼼꼼한 업무 태도를 본받고 싶다.
身なり,みなり,옷차림,JLPT_1 JLPT,s|<m`9tUtv,面接では清潔な身なりを心掛けた。,めんせつではせいけつなみなりをこころがけた。,면접에서는 단정한 옷차림을 신경 썼다.
峰,みね,봉우리,JLPT_1 JLPT,wx-mVJq6fi,雪に覆われた峰が朝日に輝いている。,ゆきにおおわれたみねがあさひにかがやいている。,눈 덮인 봉우리가 아침 햇살에 빛나고 있다.
身の上,みのうえ,신상·처지,JLPT_1 JLPT,j-p$+}.^ac,彼は旅の途中で自分の身の上を語った。,かれはたびのとちゅうでじぶんのみのうえをかたった。,그는 여행 도중 자신의 처지를 이야기했다.
見逃す,みのがす,못 본 체하다·놓치다,JLPT_1 JLPT,IsG@e1nb*B,録画を忘れて最終回を見逃した。,ろくがをわすれてさいしゅうかいをみのがした。,녹화를 잊어서 마지막 회를 놓쳤다.
身の回り,みのまわり,신변·주위,JLPT_1 JLPT,"[(&,B0kXN",入院前に身の回りの品を鞄に詰めた。,にゅういんまえにみのまわりのしなをかばんにつめた。,입원 전에 개인용품을 가방에 챙겼다.
見計らう,みはからう,가늠하다·적당히 시기를 보다,JLPT_1 JLPT,"z8AN&Zq,!-",客が途切れた頃を見計らって休憩した。,きゃくがとぎれたころをみはからってきゅうけいした。,손님이 뜸해진 때를 봐서 쉬었다.
見晴らし,みはらし,전망·조망,JLPT_1 JLPT,h3a00LHX8h,山頂は見晴らしがよく、海まで見える。,さんちょうはみはらしがよく、うみまでみえる。,산 정상은 전망이 좋아 바다까지 보인다.
身振り,みぶり,몸짓,JLPT_1 JLPT Intermediate_Japanese Intermediate_Japanese_Ln.11,Lm.Fj=%/7a,言葉が通じず、身振りで道を尋ねた。,ことばがつうじず、みぶりでみちをたずねた。,말이 통하지 않아 몸짓으로 길을 물었다.
脈,みゃく,맥박,JLPT_1 JLPT,C|`|>zxQM+,医師は患者の手首に触れて脈を取った。,いしはかんじゃのてくびにふれてみゃくをとった。,의사는 환자의 손목을 짚어 맥박을 쟀다.
ミュージック,ミュージック,뮤직·음악,JLPT_1 JLPT,t9mG6QGvsw,軽快なミュージックに合わせて踊った。,けいかいなみゅーじっくにあわせておどった。,경쾌한 음악에 맞춰 춤을 췄다.
未練,みれん,미련,JLPT_1 JLPT,B=cwZ~017_,彼は前の仕事に未練を残している。,かれはまえのしごとにみれんをのこしている。,그는 이전 직장에 미련을 두고 있다.
見渡す,みわたす,멀리 바라보다,JLPT_1 JLPT,x&]mO6(]ee,丘の上から町全体を見渡した。,おかのうえからまちぜんたいをみわたした。,언덕 위에서 마을 전체를 둘러보았다.
民宿,みんしゅく,민숙·민박,JLPT_1 JLPT Intermediate_Japanese_Ln.10 Intermediate_Japanese,yy/1y<3;Yk,海辺の民宿に泊まり、新鮮な魚を味わった。,うみべのみんしゅくにとまり、しんせんなさかなをあじわった。,해변의 민박집에 묵으며 신선한 생선을 맛보았다.
民族,みんぞく,민족,JLPT_1 JLPT,p>p/|sT6Jg,この地域には異なる民族が共に暮らしている。,このちいきにはことなるみんぞくがともにくらしている。,이 지역에는 서로 다른 민족이 함께 살고 있다.
民俗,みんぞく,민속,JLPT_1 JLPT,M(tc2N/}z{,祭りを通して地域の民俗を研究している。,まつりをとおしてちいきのみんぞくをけんきゅうしている。,축제를 통해 지역의 민속을 연구하고 있다.
無意味,むいみ,무의미,JLPT_1 JLPT,B9C6%m[4lF,目的もなく数字を比べても無意味だ。,もくてきもなくすうじをくらべてもむいみだ。,목적도 없이 수치를 비교해 봐야 무의미하다.
ムード,ムード,무드·분위기,JLPT_1 JLPT,JZzdb{.Zc^,店内は落ち着いたムードに包まれていた。,てんないはおちついたむーどにつつまれていた。,가게 안은 차분한 분위기에 싸여 있었다.
無口,むくち,말수가 적음,JLPT_1 JLPT,z:Ts^0TQ4#,無口な彼も趣味の話になるとよく話す。,むくちなかれもしゅみのはなしになるとよくはなす。,말수가 적은 그도 취미 이야기가 나오면 말을 많이 한다.
婿,むこ,사위,JLPT_1 JLPT,bX1GlIQN8L,娘の婿は家業を手伝っている。,むすめのむこはかぎょうをてつだっている。,딸의 사위는 가업을 돕고 있다.
無効,むこう,무효,JLPT_1 JLPT,EqE:ixA-k+,期限を過ぎた入場券は無効です。,きげんをすぎたにゅうじょうけんはむこうです。,기한이 지난 입장권은 무효입니다.
無言,むごん,무언,JLPT_1 JLPT,fZ{o?TF{7B,彼は無言のまま部屋を出ていった。,かれはむごんのままへやをでていった。,그는 말없이 방을 나갔다.
無邪気,むじゃき,천진난만함,JLPT_1 JLPT,L)xB!4E<k?,子供たちは無邪気に水遊びを楽しんだ。,こどもたちはむじゃきにみずあそびをたのしんだ。,아이들은 천진난만하게 물놀이를 즐겼다.
毟る·挘る,むしる,뜯다·쥐어뜯다,JLPT_1 JLPT,.d8S>K-=k,庭の雑草を一本ずつ毟った。,にわのざっそうをいっぽんずつむしった。,정원의 잡초를 한 포기씩 뽑았다.
結び,むすび,결말·맺음,JLPT_1 JLPT,d{_<>*~x%J,講演の結びに、謝辞を述べた。,こうえんのむすびに、しゃじをのべた。,강연을 마무리하며 감사의 말을 전했다.
結び付き,むすびつき,결속·유대,JLPT_1 JLPT,"O3KGVopE,2",地域と学校の結び付きが強まった。,ちいきとがっこうのむすびつきがつよまった。,지역과 학교의 유대가 강해졌다.
結び付く,むすびつく,결부되다·연결되다,JLPT_1 JLPT,EMFAQ1Kh)m,小さな発見が新薬の開発に結び付いた。,ちいさなはっけんがしんやくのかいはつにむすびついた。,작은 발견이 신약 개발로 이어졌다.
結び付ける,むすびつける,결부시키다·묶다,JLPT_1 JLPT,fRB2/x*X`A,二つの事件を同じ人物に結び付ける証拠が出た。,ふたつのじけんをおなじじんぶつにむすびつけるしょうこがでた。,두 사건을 동일 인물과 연결하는 증거가 나왔다.
無線,むせん,무선,JLPT_1 JLPT,y?)Jdm`O>c,山小屋から無線で救助を要請した。,やまごやからむせんできゅうじょをようせいした。,산장에서 무선으로 구조를 요청했다.
無駄遣い,むだづかい,낭비,JLPT_1 JLPT Genki_Ln.22 Genki,"O?A,`d=isH",衝動買いをやめて無駄遣いを減らした。,しょうどうがいをやめてむだづかいをへらした。,충동구매를 그만두고 낭비를 줄였다.
無断,むだん,무단,JLPT_1 JLPT,I$Ua7qpQZH,他人の写真を無断で掲載してはいけない。,たにんのしゃしんをむだんでけいさいしてはいけない。,타인의 사진을 무단으로 게재해서는 안 된다.
無知,むち,무지,JLPT_1 JLPT,g+^m*mx.<r,制度への無知が思わぬ違反につながった。,せいどへのむちがおもわぬいはんにつながった。,제도에 대한 무지가 뜻밖의 위반으로 이어졌다.
無茶,むちゃ,터무니없음·무모함,JLPT_1 JLPT Intermediate_Japanese_Ln.12 Intermediate_Japanese,AEYrHxjg#f,一日で全て終わらせるなんて無茶だ。,いちにちですべておわらせるなんてむちゃだ。,하루 만에 전부 끝내겠다니 무모하다.
無茶苦茶,むちゃくちゃ,엉망진창,JLPT_1 JLPT,KCqc4.UxPr,引っ越しの途中で部屋が無茶苦茶になった。,ひっこしのとちゅうでへやがむちゃくちゃになった。,이사 도중에 방이 엉망진창이 되었다.
空しい,むなしい,공허하다·헛되다,JLPT_1 JLPT,P|:1(IV_+~,努力が全く報われず、空しい気持ちになった。,どりょくがまったくむくわれず、むなしいきもちになった。,노력이 전혀 보답받지 못해 허무한 기분이 들었다.
無念,むねん,무념·분함,JLPT_1 JLPT,b;piP^Vw+j,決勝を目前に敗れて無念でならない。,けっしょうをもくぜんにやぶれてむねんでならない。,결승을 눈앞에 두고 패해 몹시 분하다.
無能,むのう,무능,JLPT_1 JLPT,izu(:0$`9@,彼は失敗のたびに自分を無能だと責めた。,かれはしっぱいのたびにじぶんをむのうだとせめた。,그는 실패할 때마다 자신을 무능하다고 책망했다.
無闇に,むやみに,함부로·무턱대고,JLPT_1 JLPT,N)&c#LP7Bq,知らない薬を無闇に飲んではいけない。,しらないくすりをむやみにのんではいけない。,모르는 약을 함부로 먹어서는 안 된다.
無用,むよう,무용·소용없음,JLPT_1 JLPT,"Oc`U#P0i,-",準備は全て整ったので心配は無用だ。,じゅんびはすべてととのったのでしんぱいはむようだ。,준비는 모두 끝났으니 걱정할 필요가 없다.
斑,むら,얼룩·얼룩덜룩함,JLPT_1 JLPT,ejP4z=)m?O,塗った壁に色の斑ができてしまった。,ぬったかべにいろのむらができてしまった。,칠한 벽의 색이 얼룩덜룩해지고 말았다.
群がる,むらがる,무리 짓다,JLPT_1 JLPT,vyc%)s7Efv,餌をまくと池の鯉が一斉に群がった。,えさをまくといけのこいがいっせいにむらがった。,먹이를 뿌리자 연못의 잉어가 일제히 몰려들었다.
無論,むろん,물론,JLPT_1 JLPT,I(9V_xrT80,条件に納得できれば無論参加するつもりだ。,じょうけんになっとくできればむろんさんかするつもりだ。,조건을 받아들일 수 있다면 물론 참가할 생각이다.
名産,めいさん,명산,JLPT_1 JLPT,KN>?5r|..h,甘い桃はこの地域を代表する名産だ。,あまいももはこのちいきをだいひょうするめいさんだ。,달콤한 복숭아는 이 지역을 대표하는 특산물이다.
名称,めいしょう,명칭,JLPT_1 JLPT,P!9gSFK*GV,来月から施設の正式な名称が変わる。,らいげつからしせつのせいしきなめいしょうがかわる。,다음 달부터 시설의 정식 명칭이 바뀐다.
命中,めいちゅう,명중,JLPT_1 JLPT,Qq0/BP{lJ:,放った矢が的の中央に命中した。,はなったやがまとのちゅうおうにめいちゅうした。,쏜 화살이 과녁 중앙에 명중했다.
明白,めいはく,명백,JLPT_1 JLPT,g|K4[<><hX,映像を見れば彼の責任は明白だ。,えいぞうをみればかれのせきにんはめいはくだ。,영상을 보면 그의 책임은 명백하다.
名簿,めいぼ,명부,JLPT_1 JLPT,xkhYhi]K-$,受付で参加者の名簿に名前を記入した。,うけつけでさんかしゃのめいぼになまえをきにゅうした。,접수처에서 참가자 명부에 이름을 기입했다.
名誉,めいよ,명예,JLPT_1 JLPT,PiLIi1%_ER,根拠のない噂で彼の名誉が傷ついた。,こんきょのないうわさでかれのめいよがきずついた。,근거 없는 소문으로 그의 명예가 훼손되었다.
明瞭,めいりょう,명료,JLPT_1 JLPT,"s[dks,f=+A",彼の説明は簡潔で明瞭だった。,かれのせつめいはかんけつでめいりょうだった。,그의 설명은 간결하고 명료했다.
明朗,めいろう,명랑,JLPT_1 JLPT,Kzdx<dR.%],彼女の明朗な性格は周囲を元気にする。,かのじょのめいろうなせいかくはしゅういをげんきにする。,그녀의 명랑한 성격은 주위 사람들에게 활기를 준다.
メーカー,メーカー,제조사·메이커,JLPT_1 JLPT,r)Eust:VuL,故障した機械についてメーカーに問い合わせた。,こしょうしたきかいについてめーかーにといあわせた。,고장 난 기계에 관해 제조사에 문의했다.
目方,めかた,무게·중량,JLPT_1 JLPT,"unS}*nsB,_",市場で魚の目方を量って値段を決めた。,いちばでさかなのめかたをはかってねだんをきめた。,시장에서 생선의 무게를 달아 가격을 정했다.
恵み,めぐみ,은혜·축복,JLPT_1 JLPT,gdikXkV`X<,久しぶりの雨は農作物にとって大きな恵みだ。,ひさしぶりのあめはのうさくもつにとっておおきなめぐみだ。,오랜만에 내린 비는 농작물에 큰 축복이다.
恵む,めぐむ,베풀다,JLPT_1 JLPT,u_D+Zdxyy/,寺の前で空腹の旅人に食べ物を恵んだ。,てらのまえでくうふくのたびびとにたべものをめぐんだ。,절 앞에서 배고픈 나그네에게 음식을 베풀었다.
目覚しい,めざましい,눈부시다·괄목할 만하다,JLPT_1 JLPT,"z8UKuy,l`d",この十年で医療技術は目覚しい進歩を遂げた。,このじゅうねんでいりょうぎじゅつはめざましいしんぽをとげた。,지난 10년 동안 의료 기술은 눈부신 발전을 이루었다.
目覚める,めざめる,잠에서 깨다·깨닫다,JLPT_1 JLPT,~I1tdEiJ_,鳥の声を聞いて夜明け前に目覚めた。,とりのこえをきいてよあけまえにめざめた。,새소리를 듣고 동트기 전에 잠에서 깼다.
召す,めす,드시다·입으시다(존경어),JLPT_1 JLPT,K%!n2|&<A0,先生は紺色の着物をお召しになっていた。,せんせいはこんいろのきものをおめしになっていた。,선생님은 감색 기모노를 입고 계셨다.
雌,めす,암컷,JLPT_1 JLPT,EW)C>Dc!w6,この動物園では雌の象が子供を産んだ。,このどうぶつえんではめすのぞうがこどもをうんだ。,이 동물원에서 암컷 코끼리가 새끼를 낳았다.
目付き,めつき,눈매·눈빛,JLPT_1 JLPT,MWZLbZ@^R+,男の鋭い目付きに思わず身構えた。,おとこのするどいめつきにおもわずみがまえた。,남자의 날카로운 눈빛에 나도 모르게 경계했다.
滅亡,めつぼう,멸망,JLPT_1 JLPT,"v,{^w}Wj5u",繁栄した古代文明が突然滅亡した。,はんえいしたこだいぶんめいがとつぜんめつぼうした。,번영했던 고대 문명이 갑자기 멸망했다.
メディア,メディア,미디어,JLPT_1 JLPT,A?+IR*&l/Z,事件は多くのメディアで大きく報道された。,じけんはおおくのめでぃあでおおきくほうどうされた。,사건은 여러 매체에서 크게 보도되었다.
目途,めど,목표·전망,JLPT_1 JLPT,iewKY)jVg],工事が来月中に終わる目途が立った。,こうじがらいげつちゅうにおわるめどがたった。,공사를 다음 달 안에 끝낼 수 있다는 전망이 생겼다.
目盛,めもり,눈금,JLPT_1 JLPT,"q0F+,vU3vc",計量器の細かい目盛を慎重に読んだ。,けいりょうきのこまかいめもりをしんちょうによんだ。,계량기의 세밀한 눈금을 신중하게 읽었다.
メロディー,メロディー,멜로디,JLPT_1 JLPT,coHp=(F!o=,懐かしいメロディーを思わず口ずさんだ。,なつかしいめろでぃーをおもわずくちずさんだ。,그리운 멜로디를 나도 모르게 흥얼거렸다.
面会,めんかい,면회,JLPT_1 JLPT,QB;1.39?j>,入院中の祖父と週末に面会した。,にゅういんちゅうのそふとしゅうまつにめんかいした。,입원 중인 할아버지를 주말에 면회했다.
免除,めんじょ,면제,JLPT_1 JLPT,ro}g@BYFqK,一定の条件を満たせば授業料が免除される。,いっていのじょうけんをみたせばじゅぎょうりょうがめんじょされる。,일정한 조건을 충족하면 수업료가 면제된다.
面する,めんする,면하다·마주하다,JLPT_1 JLPT,oK/f+%co{~,客室の大きな窓は海に面している。,きゃくしつのおおきなまどはうみにめんしている。,객실의 큰 창은 바다를 향하고 있다.
面目,めんぼく,면목,JLPT_1 JLPT,xl=a%LW1Mr,大事な試合で敗れ、監督としての面目を失った。,だいじなしあいでやぶれ、かんとくとしてのめんぼくをうしなった。,중요한 경기에서 패해 감독으로서 면목을 잃었다.
面目,めんもく,면목,JLPT_1 JLPT,p4D(kkU&Ya,新製品の成功で会社の面目を一新した。,しんせいひんのせいこうでかいしゃのめんもくをいっしんした。,신제품의 성공으로 회사의 면모를 일신했다.
～網,～もう,~망 (네트워크),JLPT_1 JLPT,"kks{,EwPh",大雪で地域の交通網がまひした。,おおゆきでちいきのこうつうもうがまひした。,폭설로 지역의 교통망이 마비되었다.
設ける,もうける,설치하다·만들다,JLPT_1 JLPT,MQGAfGCn2s,店内に子供向けの休憩場所を設けた。,てんないにこどもむけのきゅうけいばしょをもうけた。,매장 안에 어린이용 휴게 공간을 마련했다.
申し入れる,もうしいれる,제안하다·제의하다,JLPT_1 JLPT,A!/~oWN34l,組合は会社に労働条件の改善を申し入れた。,くみあいはかいしゃにろうどうじょうけんのかいぜんをもうしいれた。,노조는 회사에 노동 조건 개선을 요구했다.
申込,もうしこみ,신청,JLPT_1 JLPT,iTX<OH$n{u,大会への申込は今週末で締め切られる。,たいかいへのもうしこみはこんしゅうまつでしめきられる。,대회 신청은 이번 주말에 마감된다.
申出,もうしで,신청·제의,JLPT_1 JLPT,"v,YJy~@#5$",近所の人から会場まで送るとの申出があった。,きんじょのひとからかいじょうまでおくるとのもうしでがあった。,이웃이 행사장까지 태워 주겠다고 제안했다.
申し出る,もうしでる,신청하다·말하다,JLPT_1 JLPT,o$K|y3;=)!,同僚が残業を代わると申し出てくれた。,どうりょうがざんぎょうをかわるともうしでてくれた。,동료가 야근을 대신하겠다고 나서 주었다.
申し分,もうしぶん,비난할 점·부족함,JLPT_1 JLPT,GNY9])J3>&,料理の味も店員の対応も申し分ない。,りょうりのあじもてんいんのたいおうももうしぶんない。,요리 맛도 점원의 응대도 나무랄 데 없다.
盲点,もうてん,맹점,JLPT_1 JLPT,m.:>Z[agNy,便利な仕組みだが安全面に盲点があった。,べんりなしくみだがあんぜんめんにもうてんがあった。,편리한 구조지만 안전 측면에 맹점이 있었다.
猛烈,もうれつ,맹렬함,JLPT_1 JLPT,yLUeQW5(ZA,午後から猛烈な風が吹き始めた。,ごごからもうれつなかぜがふきはじめた。,오후부터 맹렬한 바람이 불기 시작했다.
モーテル,モーテル,모텔,JLPT_1 JLPT,mg2c}$GoZg,長距離運転の途中で道路沿いのモーテルに泊まった。,ちょうきょりうんてんのとちゅうでどうろぞいのもーてるにとまった。,장거리 운전 도중 도로변 모텔에서 묵었다.
踠く·藻掻く,もがく,발버둥 치다,JLPT_1 JLPT,C7rE2*5O^8,流れに逆らって必死に藻掻いた。,ながれにさからってひっしにもがいた。,물살을 거슬러 필사적으로 발버둥 쳤다.
目録,もくろく,목록,JLPT_1 JLPT,uL+agcp`WN,展覧会の目録で作品の解説を確認した。,てんらんかいのもくろくでさくひんのかいせつをかくにんした。,전시회 도록에서 작품 해설을 확인했다.
目論見,もくろみ,계획·의도,JLPT_1 JLPT,c9iE`D<`%d,値上げで利益を増やす目論見は外れた。,ねあげでりえきをふやすもくろみははずれた。,가격을 올려 이익을 늘리려던 계획은 빗나갔다.
模型,もけい,모형,JLPT_1 JLPT,ed!.{WEf4?,子供は木材で船の模型を作った。,こどもはもくざいでふねのもけいをつくった。,아이는 목재로 배 모형을 만들었다.
模索,もさく,모색,JLPT_1 JLPT,"B4,c<+ikaa",市は空き家を活用する方法を模索している。,しはあきやをかつようするほうほうをもさくしている。,시는 빈집을 활용할 방법을 모색하고 있다.
もしかして,もしかして,혹시,JLPT_1 JLPT,w5+%$rMA:M,もしかして、駅を間違えたのではないか。,もしかして、えきをまちがえたのではないか。,혹시 역을 잘못 찾은 것이 아닐까.
もしくは,もしくは,혹은,JLPT_1 JLPT,f24/]y_t7c,申請書は郵送、もしくは窓口で提出してください。,しんせいしょはゆうそう、もしくはまどぐちでていしゅつしてください。,신청서는 우편 또는 창구에서 제출해 주세요.
もたらす,もたらす,가져오다·초래하다,JLPT_1 JLPT,k=cp%Lr}Pw,新しい鉄道は地域に大きな変化をもたらした。,あたらしいてつどうはちいきにおおきなへんかをもたらした。,새 철도는 지역에 큰 변화를 가져왔다.
持ち切り,もちきり,계속 지속됨·화제가 됨,JLPT_1 JLPT,Q~!SFE+j1*,職場は新社長の話で持ち切りだった。,しょくばはしんしゃちょうのはなしでもちきりだった。,직장에서는 온통 새 사장 이야기뿐이었다.
目下,もっか,현재·당분간,JLPT_1 JLPT,J1]`GmmTSp,新製品は目下開発中です。,しんせいひんはもっかかいはつちゅうです。,신제품은 현재 개발 중입니다.
専ら,もっぱら,오로지·주로,JLPT_1 JLPT,tu&L<v;Fqv,退職後は専ら庭仕事を楽しんでいる。,たいしょくごはもっぱらにわしごとをたのしんでいる。,퇴직 후에는 주로 정원 일을 즐기고 있다.
もてなす,もてなす,대접하다·환대하다,JLPT_1 JLPT,K@A<3)}2cZ,地元の料理で遠方からの客をもてなした。,じもとのりょうりでえんぽうからのきゃくをもてなした。,향토 요리로 먼 곳에서 온 손님을 대접했다.
もてる,もてる,인기 있다,JLPT_1 JLPT,K^XraA[CV!,彼は話が面白く、学生時代からよくもてた。,かれははなしがおもしろく、がくせいじだいからよくもてた。,그는 이야기가 재미있어서 학창 시절부터 인기가 많았다.
モニター,モニター,모니터,JLPT_1 JLPT,ztCrx#(s0[,大きなモニターに検査結果が表示された。,おおきなもにたーにけんさけっかがひょうじされた。,큰 모니터에 검사 결과가 표시되었다.
物好き,ものずき,호기심이 강함·색다른 것을 좋아함,JLPT_1 JLPT,Rb?3(vt:f>,雨の日に山へ登るとは、君も物好きだね。,あめのひにやまへのぼるとは、きみもものずきだね。,비 오는 날 산에 오르다니 너도 참 별난 걸 좋아하는구나.
物足りない,ものたりない,어딘가 부족하다,JLPT_1 JLPT,KI9JcrBw_2,料理はおいしいが、量が少なくて物足りない。,りょうりはおいしいが、りょうがすくなくてものたりない。,요리는 맛있지만 양이 적어서 아쉽다.
最早,もはや,이미·벌써,JLPT_1 JLPT,fZ`+BeK9z~,一度失った信用は、最早簡単には戻らない。,いちどうしなったしんようは、もはやかんたんにはもどらない。,한번 잃은 신뢰는 이제 쉽게 돌아오지 않는다.
模範,もはん,모범,JLPT_1 JLPT,Mau9*C?C72,彼の誠実な働き方は若手社員の模範だ。,かれのせいじつなはたらきかたはわかてしゃいんのもはんだ。,그의 성실한 업무 태도는 젊은 직원들의 모범이다.
模倣,もほう,모방,JLPT_1 JLPT,yUL<]q3$8n,他社の製品を模倣しただけでは支持されない。,たしゃのせいひんをもほうしただけではしじされない。,다른 회사의 제품을 모방하기만 해서는 지지받지 못한다.
揉める,もめる,분쟁이 일어나다·시끄러워지다,JLPT_1 JLPT,v(j?vVE;el,遺産の分け方を巡って兄弟が揉めた。,いさんのわけかたをめぐってきょうだいがもめた。,유산을 나누는 방식을 두고 형제들이 다퉜다.
股,もも,허벅지,JLPT_1 JLPT,G_TQ_^K>(0,転んで右の股を強く打った。,ころんでみぎのももをつよくうった。,넘어져 오른쪽 허벅지를 세게 부딪쳤다.
腿,もも,허벅지,JLPT_1 JLPT,Fl0F`YIkpg,長い坂を登って腿の筋肉が痛くなった。,ながいさかをのぼってもものきんにくがいたくなった。,긴 비탈길을 올라 허벅지 근육이 아파졌다.
催す,もよおす,개최하다·느끼다,JLPT_1 JLPT,qKmEag$Qr@,市民会館で写真展を催した。,しみんかいかんでしゃしんてんをもよおした。,시민회관에서 사진전을 개최했다.
漏らす,もらす,새게 하다·설사하다·누설하다,JLPT_1 JLPT,k!U%{2y7j|,彼は会議の内容を外部に漏らした。,かれはかいぎのないようをがいぶにもらした。,그는 회의 내용을 외부에 누설했다.
盛り上がる,もりあがる,달아오르다·부풀어 오르다,JLPT_1 JLPT,g[M=aCpEE[,決勝戦の終盤に会場が一気に盛り上がった。,けっしょうせんのしゅうばんにかいじょうがいっきにもりあがった。,결승전 막바지에 경기장 분위기가 단숨에 달아올랐다.
漏る,もる,새다,JLPT_1 JLPT,ke69%r#AD.,古い屋根から雨が漏る。,ふるいやねからあめがもる。,낡은 지붕에서 빗물이 샌다.
漏れる,もれる,새다·누락되다,JLPT_1 JLPT,f:|ir!hLeQ,名簿から私の名前が漏れていた。,めいぼからわたしのなまえがもれていた。,명단에서 내 이름이 빠져 있었다.
脆い,もろい,부서지기 쉽다·마음이 약하다,JLPT_1 JLPT,m7?rDT~~db,この岩は脆くて少しの衝撃でも崩れる。,このいわはもろくてすこしのしょうげきでもくずれる。,이 바위는 약해서 작은 충격에도 무너진다.
もろに,もろに,직접·정면으로,JLPT_1 JLPT,K3fu7*E_vY,強い風をもろに受けて傘が壊れた。,つよいかぜをもろにうけてかさがこわれた。,강한 바람을 정면으로 맞아 우산이 망가졌다.
矢,や,화살,JLPT_1 JLPT,uA$qbca=&2,放たれた矢が的の中央に刺さった。,はなたれたやがまとのちゅうおうにささった。,쏜 화살이 과녁 중앙에 꽂혔다.
野外,やがい,야외,JLPT_1 JLPT,"gD=,$2gpm|",夏祭りの演奏会は野外で開かれた。,なつまつりのえんそうかいはやがいでひらかれた。,여름 축제 연주회는 야외에서 열렸다.
～薬,～やく,~약,JLPT_1 JLPT,O.[e|Y6E?j,頭痛薬を飲んでしばらく横になった。,ずつうやくをのんでしばらくよこになった。,두통약을 먹고 잠시 누웠다.
夜具,やぐ,침구·이부자리,JLPT_1 JLPT,EFUa$D)qGB,客のために清潔な夜具を用意した。,きゃくのためにせいけつなやぐをよういした。,손님을 위해 깨끗한 침구를 준비했다.
役職,やくしょく,직책·관리직,JLPT_1 JLPT,o1K=ON/OTS,昇進して新しい役職に就いた。,しょうしんしてあたらしいやくしょくについた。,승진하여 새로운 직책을 맡았다.
役場,やくば,면사무소·관공서,JLPT_1 JLPT,g(k9.|^KSZ,住民票を取るため町の役場へ行った。,じゅうみんひょうをとるためまちのやくばへいった。,주민등록표를 발급받으려고 관공서에 갔다.
やけに,やけに,몹시·지독하게,JLPT_1 JLPT,tyF=qET&O!,今日は朝からやけに静かだ。,きょうはあさからやけにしずかだ。,오늘은 아침부터 유난히 조용하다.
屋敷,やしき,저택,JLPT_1 JLPT,kyE@%cV[?g,森の奥に古い屋敷が残っている。,もりのおくにふるいやしきがのこっている。,숲속 깊은 곳에 오래된 저택이 남아 있다.
養う,やしなう,기르다·부양하다,JLPT_1 JLPT,neyyq^bU/c,彼は働きながら家族を養っている。,かれははたらきながらかぞくをやしなっている。,그는 일하면서 가족을 부양하고 있다.
野心,やしん,야심,JLPT_1 JLPT,n<1rbhOoTc,彼はいつか自分の会社を持つ野心を抱いている。,かれはいつかじぶんのかいしゃをもつやしんをいだいている。,그는 언젠가 자기 회사를 갖겠다는 야심을 품고 있다.
安っぽい,やすっぽい,값싸 보이다,JLPT_1 JLPT,q./Z7LJ%[7,光沢が強すぎて安っぽく見える。,こうたくがつよすぎてやすっぽくみえる。,광택이 지나치게 강해서 값싸 보인다.
休める,やすめる,쉬게 하다,JLPT_1 JLPT,JqF3vGaVV,疲れた目を休めるため画面から目を離した。,つかれためをやすめるためがめんからめをはなした。,피곤한 눈을 쉬게 하려고 화면에서 눈을 뗐다.
野生,やせい,야생,JLPT_1 JLPT,Fy^pVCXg]$,保護された鳥を野生に戻した。,ほごされたとりをやせいにもどした。,보호하던 새를 야생으로 돌려보냈다.
奴,やつ,놈·녀석,JLPT_1 JLPT,"zof3FA<N,u",あいつは困った時に頼りになる奴だ。,あいつはこまったときにたよりになるやつだ。,그 녀석은 어려울 때 믿을 만한 녀석이다.
闇,やみ,어둠·암거래,JLPT_1 JLPT,s|4s:5(PD;,月が隠れ、辺りは深い闇に包まれた。,つきがかくれ、あたりはふかいやみにつつまれた。,달이 가려지고 주위는 깊은 어둠에 휩싸였다.
病む,やむ,병들다·앓다,JLPT_1 JLPT,H5M2j-I:6B,長年心を病み、仕事を休んでいる。,ながねんこころをやみ、しごとをやすんでいる。,오랫동안 마음의 병을 앓아 일을 쉬고 있다.
ややこしい,ややこしい,복잡하다·까다롭다,JLPT_1 JLPT,ICemn<#!-X,契約の条件がややこしくて理解しにくい。,けいやくのじょうけんがややこしくてりかいしにくい。,계약 조건이 복잡해서 이해하기 어렵다.
やり通す·遣り通す,やりとおす,끝까지 해내다,JLPT_1 JLPT,J/n?:UTJiF,何度失敗しても、任された調査を最後までやり通した。,なんどしっぱいしても、まかされたちょうさをさいごまでやりとおした。,몇 번 실패해도 맡은 조사를 끝까지 해냈다.
やりとげる,やりとげる,완수하다,JLPT_1 JLPT,pEIG3P~OVf,仲間と協力して難しい復旧工事をやりとげた。,なかまときょうりょくしてむずかしいふっきゅうこうじをやりとげた。,동료들과 협력하여 어려운 복구 공사를 완수했다.
和らげる,やわらげる,완화시키다·부드럽게 하다,JLPT_1 JLPT,kl6br!q.AY,深呼吸をして面接前の緊張を和らげた。,しんこきゅうをしてめんせつまえのきんちょうをやわらげた。,심호흡을 해서 면접 전 긴장을 완화했다.
ヤング,ヤング,젊은이·영,JLPT_1 JLPT,"gk{d%L,)K+",この商品はヤング層を中心に人気がある。,このしょうひんはやんぐそうをちゅうしんににんきがある。,이 상품은 젊은 층을 중심으로 인기가 있다.
～油,～ゆ,~유·기름,JLPT_1 JLPT,QcD#WpcqE6,船は燃料として重油を積み込んだ。,ふねはねんりょうとしてじゅうゆをつみこんだ。,배는 연료로 중유를 실었다.
優位,ゆうい,우위,JLPT_1 JLPT,kt30`|;>Vo,新技術によって市場で優位に立った。,しんぎじゅつによってしじょうでゆういにたった。,신기술 덕분에 시장에서 우위에 섰다.
憂鬱,ゆううつ,우울,JLPT_1 JLPT,oT|*}x?p{D,雨の日が続くと少し憂鬱な気分になる。,あめのひがつづくとすこしゆううつなきぶんになる。,비 오는 날이 계속되면 조금 우울한 기분이 든다.
有益,ゆうえき,유익,JLPT_1 JLPT,B/K9zqnWV+,先輩から有益な助言を得て仕事に生かした。,せんぱいからゆうえきなじょげんをえてしごとにいかした。,선배에게서 유익한 조언을 얻어 업무에 활용했다.
優越,ゆうえつ,우월,JLPT_1 JLPT,J@3^J2[Dqz,彼は他人に対して優越感を抱いている。,かれはたにんにたいしてゆうえつかんをいだいている。,그는 다른 사람에게 우월감을 품고 있다.
勇敢,ゆうかん,용감,JLPT_1 JLPT,ij|^m_ZF8l,消防士は燃える家から子供を勇敢に救い出した。,しょうぼうしはもえるいえからこどもをゆうかんにすくいだした。,소방관은 불타는 집에서 아이를 용감하게 구해 냈다.
夕暮れ,ゆうぐれ,해질녘,JLPT_1 JLPT,xn0Tp1JH0v,夕暮れの海辺を一人でゆっくり歩いた。,ゆうぐれのうみべをひとりでゆっくりあるいた。,해 질 녘 바닷가를 혼자 천천히 걸었다.
融資,ゆうし,융자,JLPT_1 JLPT,G&m_H=N/D;,新しい工場の建設に銀行から融資を受けた。,あたらしいこうじょうのけんせつにぎんこうからゆうしをうけた。,새 공장 건설을 위해 은행에서 융자를 받았다.
有する,ゆうする,가지다·소유하다,JLPT_1 JLPT,vkF;K$-{=^,この企業は百年を超える歴史を有する。,このきぎょうはひゃくねんをこえるれきしをゆうする。,이 기업은 백 년이 넘는 역사를 지니고 있다.
優勢,ゆうせい,우세,JLPT_1 JLPT,L0nx>W(-e+,試合は終始こちらのチームが優勢だった。,しあいはしゅうしこちらのちーむがゆうせいだった。,경기는 처음부터 끝까지 우리 팀이 우세했다.
優先,ゆうせん,우선,JLPT_1 JLPT,l)|YgL5_SN,事故現場では人命の救助を最優先する。,じこげんばではじんめいのきゅうじょをさいゆうせんする。,사고 현장에서는 인명 구조를 최우선으로 한다.
誘導,ゆうどう,유도,JLPT_1 JLPT,uG_U[CknG5,係員が乗客を非常口へ誘導した。,かかりいんがじょうきゃくをひじょうぐちへゆうどうした。,직원이 승객을 비상구로 유도했다.
融通,ゆうずう,융통,JLPT_1 JLPT,n>A>S2P-0$,この店は予約時間に融通が利く。,このみせはよやくじかんにゆうずうがきく。,이 가게는 예약 시간에 융통성이 있다.
優美,ゆうび,우아함,JLPT_1 JLPT,}Ap|`a2gY,踊り手の優美な動きに観客が見入った。,おどりてのゆうびなうごきにかんきゃくがみいった。,관객은 무용수의 우아한 움직임에 넋을 잃고 바라보았다.
有望,ゆうぼう,유망함,JLPT_1 JLPT,oFsPf~4K.z,彼は将来有望な若手選手だ。,かれはしょうらいゆうぼうなわかてせんしゅだ。,그는 장래가 유망한 젊은 선수다.
遊牧,ゆうぼく,유목,JLPT_1 JLPT,gJX#eMq!5y,一族は草原で遊牧生活を送っている。,いちぞくはそうげんでゆうぼくせいかつをおくっている。,일족은 초원에서 유목 생활을 하고 있다.
夕焼け,ゆうやけ,노을,JLPT_1 JLPT,H_x[IPS7*X,浜辺から真っ赤な夕焼けを眺めた。,はまべからまっかなゆうやけをながめた。,해변에서 새빨간 저녁노을을 바라보았다.
有力,ゆうりょく,유력함,JLPT_1 JLPT,uhNbfXeT%o,彼が次期会長の有力候補だ。,かれがじきかいちょうのゆうりょくこうほだ。,그가 차기 회장의 유력한 후보다.
幽霊,ゆうれい,유령,JLPT_1 JLPT,d6/M)isa9B,古い屋敷で幽霊を見たという噂が広がった。,ふるいやしきでゆうれいをみたといううわさがひろがった。,오래된 저택에서 유령을 봤다는 소문이 퍼졌다.
誘惑,ゆうわく,유혹,JLPT_1 JLPT,hy!Cy1YJLH,甘い菓子の誘惑に負けて一つ食べた。,あまいかしのゆうわくにまけてひとつたべた。,달콤한 과자의 유혹에 져서 하나 먹었다.
故,ゆえ,까닭·이유,JLPT_1 JLPT,h8UChh;E+0,互いを信頼しているが故に本音で話せる。,たがいをしんらいしているがゆえにほんねではなせる。,서로 신뢰하기 때문에 속마음을 터놓고 말할 수 있다.
歪む,ゆがむ,비뚤어지다·왜곡되다,JLPT_1 JLPT,O/sWb*b+n=,湿気を吸って木製の扉が歪んでしまった。,しっけをすってもくせいのとびらがゆがんでしまった。,습기를 먹어 나무 문이 뒤틀리고 말았다.
揺さぶる,ゆさぶる,흔들다·뒤흔들다,JLPT_1 JLPT,o>L:}zi#N(,突然の告発が社会全体を大きく揺さぶった。,とつぜんのこくはつがしゃかいぜんたいをおおきくゆさぶった。,갑작스러운 고발이 사회 전체를 크게 뒤흔들었다.
濯ぐ,ゆすぐ,헹구다,JLPT_1 JLPT,z.SPsly;Tq,食後に水で口をよく濯いだ。,しょくごにみずでくちをよくゆすいだ。,식후에 물로 입을 잘 헹궜다.
ゆとり,ゆとり,여유,JLPT_1 JLPT,NS_6$;R>$L,時間にゆとりを持って空港へ向かった。,じかんにゆとりをもってくうこうへむかった。,시간에 여유를 두고 공항으로 향했다.
ユニーク,ユニーク,유니크·독특함,JLPT_1 JLPT,E5Uv4)V5=f,彼のユニークな発想から新商品が生まれた。,かれのゆにーくなはっそうからしんしょうひんがうまれた。,그의 독특한 발상에서 신상품이 탄생했다.
ユニフォーム,ユニフォーム,유니폼,JLPT_1 JLPT,n$7/R&Ww((,選手たちは新しいユニフォームに着替えた。,せんしゅたちはあたらしいゆにふぉーむにきがえた。,선수들은 새 유니폼으로 갈아입었다.
指差す,ゆびさす,손가락으로 가리키다,JLPT_1 JLPT,AE`Cr+k?sb,子供が空を指差して虹だと叫んだ。,こどもがそらをゆびさしてにじだとさけんだ。,아이가 하늘을 가리키며 무지개라고 외쳤다.
弓,ゆみ,활,JLPT_1 JLPT,mG05Jx(c4U,狩人は弓を引いて獲物を狙った。,かりゅうどはゆみをひいてえものをねらった。,사냥꾼은 활을 당겨 사냥감을 겨눴다.
揺らぐ,ゆらぐ,흔들리다·동요하다,JLPT_1 JLPT,zGZf|<JX8y,不正の発覚で組織への信頼が揺らいだ。,ふせいのはっかくでそしきへのしんらいがゆらいだ。,비리가 드러나 조직에 대한 신뢰가 흔들렸다.
緩む,ゆるむ,느슨해지다,JLPT_1 JLPT,m#?_Dh<o@V,歩いているうちに靴ひもが緩んだ。,あるいているうちにくつひもがゆるんだ。,걷는 사이에 신발 끈이 느슨해졌다.
緩める,ゆるめる,느슨하게 하다,JLPT_1 JLPT,RfPhr}DF_M,苦しかったので首元のボタンを緩めた。,くるしかったのでくびもとのぼたんをゆるめた。,답답해서 목 부분의 단추를 풀었다.
緩やか,ゆるやか,완만함·느릿함,JLPT_1 JLPT,"jM`-s,o~rY",この先は緩やかな上り坂が続く。,このさきはゆるやかなのぼりざかがつづく。,이 앞부터는 완만한 오르막길이 이어진다.
要因,よういん,요인,JLPT_1 JLPT,"PDhRFT[0+,",睡眠不足が事故を招いた要因の一つだ。,すいみんぶそくがじこをまねいたよういんのひとつだ。,수면 부족이 사고를 일으킨 요인 중 하나다.
溶液,ようえき,용액,JLPT_1 JLPT,"r|,.l+IJQ{",透明な溶液を試験管に少しずつ注いだ。,とうめいなようえきをしけんかんにすこしずつそそいだ。,투명한 용액을 시험관에 조금씩 부었다.
用件,ようけん,용건,JLPT_1 JLPT,C-)X0ioICv,受付で名前と用件を伝えてから中に入った。,うけつけでなまえとようけんをつたえてからなかにはいった。,접수처에서 이름과 용건을 말한 뒤 안으로 들어갔다.
養護,ようご,양호·보호,JLPT_1 JLPT,N|{MY>0Lab,親を失った児童を養護する施設で働いている。,おやをうしなったじどうをようごするしせつではたらいている。,부모를 잃은 아동을 보호하는 시설에서 일하고 있다.
用紙,ようし,용지·양식,JLPT_1 JLPT Intermediate_Japanese Intermediate_Japanese_Ln.3,bG0P/-5o6f,必要事項を申請用紙に記入してください。,ひつようじこうをしんせいようしにきにゅうしてください。,필요 사항을 신청 용지에 기입해 주세요.
様式,ようしき,양식·스타일,JLPT_1 JLPT,xVY.ZL|vDW,この教会は古い建築様式を今に伝えている。,このきょうかいはふるいけんちくようしきをいまにつたえている。,이 교회는 오래된 건축 양식을 오늘날까지 전하고 있다.
要する,ようする,요하다·필요로 하다,JLPT_1 JLPT,P^j;$V:Pev,この設備の修理には数日を要する。,このせつびのしゅうりにはすうじつをようする。,이 설비를 수리하는 데는 며칠이 필요하다.
要請,ようせい,요청,JLPT_1 JLPT,"Dy@,)<4%*N",市は川沿いの住民に避難を要請した。,しはかわぞいのじゅうみんにひなんをようせいした。,시는 강가 주민들에게 대피를 요청했다.
様相,ようそう,양상,JLPT_1 JLPT,jpni?rjeGN,事態は時間とともに複雑な様相を呈してきた。,じたいはじかんとともにふくざつなようそうをていしてきた。,사태는 시간이 지나며 복잡한 양상을 띠기 시작했다.
用品,ようひん,용품,JLPT_1 JLPT,M7dV_3mZ.d,登山用品をそろえて週末の山行に備えた。,とざんようひんをそろえてしゅうまつのさんこうにそなえた。,등산용품을 갖춰 주말 산행에 대비했다.
洋風,ようふう,서양식,JLPT_1 JLPT,tBk{]R??>Z,駅前に白い壁をした洋風の家が建っている。,えきまえにしろいかべをしたようふうのいえがたっている。,역 앞에 흰 벽의 서양식 집이 서 있다.
用法,ようほう,용법,JLPT_1 JLPT,NFkcD+Ao.H,薬を飲む前に正しい用法を確認した。,くすりをのむまえにただしいようほうをかくにんした。,약을 먹기 전에 올바른 용법을 확인했다.
要望,ようぼう,요망,JLPT_1 JLPT,B{KHwh(BxM,住民から公園の整備を求める要望が出た。,じゅうみんからこうえんのせいびをもとめるようぼうがでた。,주민들로부터 공원 정비 요청이 나왔다.
余暇,よか,여가,JLPT_1 JLPT,u`/)9|k2cq,余暇には庭で野菜を育てて楽しんでいる。,よかにはにわでやさいをそだててたのしんでいる。,여가에는 정원에서 채소를 기르는 일을 즐긴다.
予感,よかん,예감,JLPT_1 JLPT,CdRj.vDXXz,朝から何か悪いことが起きそうな予感がした。,あさからなにかわるいことがおきそうなよかんがした。,아침부터 무슨 나쁜 일이 생길 듯한 예감이 들었다.
余興,よきょう,여흥,JLPT_1 JLPT,se@{9}ijE~,披露宴の余興で友人たちが歌を披露した。,ひろうえんのよきょうでゆうじんたちがうたをひろうした。,피로연의 여흥으로 친구들이 노래를 선보였다.
預金,よきん,예금,JLPT_1 JLPT,AT=*3Iv8cw,毎月決まった額を銀行に預金している。,まいつききまったがくをぎんこうによきんしている。,매달 정해진 금액을 은행에 예금하고 있다.
欲,よく,욕심,JLPT_1 JLPT,wL1+)L#<Om,欲を出して買い過ぎると後で困る。,よくをだしてかいすぎるとあとでこまる。,욕심을 부려 너무 많이 사면 나중에 곤란해진다.
抑圧,よくあつ,억압,JLPT_1 JLPT,b!*U/^@Y/m,長年の抑圧に耐えかねて市民が立ち上がった。,ながねんのよくあつにたえかねてしみんがたちあがった。,오랜 억압을 견디지 못해 시민들이 들고일어났다.
浴室,よくしつ,욕실,JLPT_1 JLPT,H)~?~hPVN<,浴室の窓を開けて湿気を逃がした。,よくしつのまどをあけてしっけをにがした。,욕실 창문을 열어 습기를 내보냈다.
抑制,よくせい,억제,JLPT_1 JLPT,H)Ghd^1QF6,新しい装置が機械の振動を抑制する。,あたらしいそうちがきかいのしんどうをよくせいする。,새 장치가 기계의 진동을 억제한다.
欲深い,よくふかい,욕심이 많다,JLPT_1 JLPT,e?a3SOn$}u,欲深い商人は利益を独り占めしようとした。,よくふかいしょうにんはりえきをひとりじめしようとした。,욕심 많은 상인은 이익을 독차지하려 했다.
欲望,よくぼう,욕망,JLPT_1 JLPT Intermediate_Japanese_Ln.13 Intermediate_Japanese,o.og0WiUHF,彼は権力への欲望を隠そうとしなかった。,かれはけんりょくへのよくぼうをかくそうとしなかった。,그는 권력에 대한 욕망을 숨기려 하지 않았다.
避ける,よける,피하다,JLPT_1 JLPT,w}V+UOhCI~,飛んできたボールを素早く避けた。,とんできたぼーるをすばやくよけた。,날아온 공을 재빨리 피했다.
予言,よげん,예언,JLPT_1 JLPT,H_Z4P-@?E;,占い師の予言が偶然当たった。,うらないしのよげんがぐうぜんあたった。,점술가의 예언이 우연히 맞았다.
横綱,よこづな,요코즈나,JLPT_1 JLPT,P#D)i6dV;s,横綱が土俵入りすると会場が沸いた。,よこづながどひょういりするとかいじょうがわいた。,요코즈나가 도효 입장식을 하자 경기장이 열광했다.
汚れ,よごれ,더러움·오염,JLPT_1 JLPT,"jq?[h<.nx,",袖についた油の汚れが落ちない。,そでについたあぶらのよごれがおちない。,소매에 묻은 기름때가 지워지지 않는다.
よし (かん),よし (かん),좋아·좋았어,JLPT_1 JLPT,u5UVAmt|+p,よし、これで準備は終わった。,よし、これでじゅんびはおわった。,"좋아, 이걸로 준비는 끝났다."
良し,よし,좋음·알았다,JLPT_1 JLPT,ze3SZ]}-(^,仕上がりを確認し、これで良しとした。,しあがりをかくにんし、これでよしとした。,마무리 상태를 확인하고 이것으로 됐다고 판단했다.
善し悪し,よしあし,선악·좋고 나쁨,JLPT_1 JLPT,ub0?2]DZCo,新しい制度の善し悪しはまだ判断できない。,あたらしいせいどのよしあしはまだはんだんできない。,새 제도의 좋고 나쁨은 아직 판단할 수 없다.
余所見,よそみ,한눈팔기,JLPT_1 JLPT,rQWf8.vXBd,運転中に余所見をしてはいけない。,うんてんちゅうによそみをしてはいけない。,운전 중에 한눈팔아서는 안 된다.
余地,よち,여지,JLPT_1 JLPT,cFUuXOAAN@,証拠が明確で、疑う余地はない。,しょうこがめいかくで、うたがうよちはない。,증거가 명확해서 의심할 여지가 없다.
よって (よりどころ),よって (よりどころ),따라서·~에 의해,JLPT_1 JLPT,Jty=:!ShWn,事故によって電車が遅れた。,じこによってでんしゃがおくれた。,사고로 인해 전철이 늦었다.
与党,よとう,여당,JLPT_1 JLPT,Pjs4V/6-Tk,与党は新しい法案を国会に提出した。,よとうはあたらしいほうあんをこっかいにていしゅつした。,여당은 새 법안을 국회에 제출했다.
呼び止める,よびとめる,불러 세우다,JLPT_1 Intermediate_Japanese_Ln.6 JLPT Intermediate_Japanese,oQ(`IiM1(t,駅へ向かう彼を後ろから呼び止めた。,えきへむかうかれをうしろからよびとめた。,역으로 향하는 그를 뒤에서 불러 세웠다.
夜更し,よふかし,밤을 새움,JLPT_1 JLPT,b2@Q&QWM~Z,夜更しが続いて朝起きられない。,よふかしがつづいてあさおきられない。,밤늦게까지 깨어 있는 날이 이어져 아침에 일어나지 못한다.
夜更け,よふけ,심야·깊은 밤,JLPT_1 JLPT,EAa.IIVk2{,夜更けに激しい雨の音で目が覚めた。,よふけにはげしいあめのおとでめがさめた。,깊은 밤에 거센 빗소리로 잠에서 깼다.
余程,よほど,상당히·대단히,JLPT_1 JLPT,r:W.A5F_=m,彼は余程疲れていたのか、電車で眠り込んだ。,かれはよほどつかれていたのか、でんしゃでねむりこんだ。,그는 상당히 피곤했는지 전철에서 깊이 잠들었다.
読み上げる,よみあげる,소리 내어 읽다,JLPT_1 JLPT,c2W8@Ns@MB,司会者が受賞者の名前を順に読み上げた。,しかいしゃがじゅしょうしゃのなまえをじゅんによみあげた。,사회자가 수상자의 이름을 차례로 소리 내어 읽었다.
～寄り,～より,~쪽으로 치우침,JLPT_1 JLPT,AF4/UYB9T5,この色は青寄りの灰色だ。,このいろはあおよりのはいいろだ。,이 색은 푸른빛이 도는 회색이다.
寄り掛かる,よりかかる,기대다·의지하다,JLPT_1 JLPT,n>&m--dPQu,疲れて壁に寄り掛かった。,つかれてかべによりかかった。,지쳐서 벽에 기댔다.
世論,よろん,여론,JLPT_1 JLPT,gryKv+N</S,政府は政策に対する世論を調査した。,せいふはせいさくにたいするよろんをちょうさした。,정부는 정책에 대한 여론을 조사했다.
弱る,よわる,약해지다·곤란해지다,JLPT_1 JLPT,K>FuuD!+>/,病気で足腰がすっかり弱った。,びょうきであしこしがすっかりよわった。,병으로 허리와 다리가 완전히 약해졌다.
来場,らいじょう,내장·입장,JLPT_1 JLPT,o#f@&YbcYY,展示会には多くの家族連れが来場した。,てんじかいにはおおくのかぞくづれがらいじょうした。,전시회에는 많은 가족 단위 관람객이 방문했다.
ライス,ライス,라이스·밥,JLPT_1 JLPT,q#0OB)RX;*,昼食にカレーライスを注文した。,ちゅうしょくにかれーらいすをちゅうもんした。,점심으로 카레라이스를 주문했다.
酪農,らくのう,낙농,JLPT_1 JLPT,ym$h5c;ttT,叔父は山間部で酪農に携わっている。,おじはさんかんぶでらくのうにたずさわっている。,삼촌은 산간 지역에서 낙농업에 종사하고 있다.
落下,らっか,낙하,JLPT_1 JLPT,A7]wCr6wWL,強風で看板が道路に落下した。,きょうふうでかんばんがどうろにらっかした。,강풍으로 간판이 도로에 떨어졌다.
楽観,らっかん,낙관,JLPT_1 JLPT,k~>dbLQz-7,事態を楽観せず、最悪の場合に備えた。,じたいをらっかんせず、さいあくのばあいにそなえた。,사태를 낙관하지 않고 최악의 경우에 대비했다.
ランプ,ランプ,램프,JLPT_1 JLPT,C!7~*Q0J*S,停電したので古いランプに火をともした。,ていでんしたのでふるいらんぷにひをともした。,정전되어 오래된 램프에 불을 밝혔다.
濫用,らんよう,남용,JLPT_1 JLPT,CFNU<F}Co&,権限を濫用して私的な利益を得ていた。,けんげんをらんようしてしてきなりえきをえていた。,권한을 남용해 사적인 이익을 얻고 있었다.
リード,リード,리드·선도,JLPT_1 JLPT,f;Gy:Z95DB,主将が若い選手たちをうまくリードした。,しゅしょうがわかいせんしゅたちをうまくりーどした。,주장이 젊은 선수들을 능숙하게 이끌었다.
理屈,りくつ,이치·핑계·도리,JLPT_1 JLPT,"Mh,Xn3W#yG",理屈では分かっていても気持ちが追いつかない。,りくつではわかっていてもきもちがおいつかない。,이치로는 알고 있어도 마음이 따라가지 못한다.
利子,りし,이자,JLPT_1 JLPT,AEJ.8_NM:H,預金には毎年わずかな利子が付く。,よきんにはまいとしわずかなりしがつく。,예금에는 매년 약간의 이자가 붙는다.
利潤,りじゅん,이윤,JLPT_1 JLPT,LuA(&F@>8^,原料費が上がり、会社の利潤が減った。,げんりょうひがあがり、かいしゃのりじゅんがへった。,원료비가 올라 회사의 이윤이 줄었다.
理性,りせい,이성,JLPT_1 JLPT,hFk%V[}poF,怒りに任せず理性を保って話し合った。,いかりにまかせずりせいをたもってはなしあった。,분노에 휩쓸리지 않고 이성을 유지하며 대화했다.
利息,りそく,이속·이자,JLPT_1 JLPT,jiW}gvaFbu,借金の利息を毎月支払っている。,しゃっきんのりそくをまいつきしはらっている。,빚의 이자를 매달 내고 있다.
立体,りったい,입체,JLPT_1 JLPT,c$*Ro:kj?0,子供は紙を折って立体を作った。,こどもはかみをおってりったいをつくった。,아이는 종이를 접어 입체물을 만들었다.
立方,りっぽう,입방·세제곱,JLPT_1 JLPT,f~_S5!(=mz,この箱の体積は八立方メートルある。,このはこのたいせきははちりっぽうめーとるある。,이 상자의 부피는 팔 세제곱미터다.
立法,りっぽう,입법,JLPT_1 JLPT,Ap&ba>BFUP,議会は環境保護のため立法措置を講じた。,ぎかいはかんきょうほごのためりっぽうそちをこうじた。,의회는 환경 보호를 위해 입법 조치를 취했다.
利点,りてん,이점,JLPT_1 JLPT,tXy6bul-X8,在宅勤務には通勤時間を省ける利点がある。,ざいたくきんむにはつうきんじかんをはぶけるりてんがある。,재택근무에는 통근 시간을 줄일 수 있다는 이점이 있다.
略奪,りゃくだつ,약탈,JLPT_1 JLPT,gDxp+5=#Xg,戦乱に乗じて美術品が略奪された。,せんらんにじょうじてびじゅつひんがりゃくだつされた。,전란을 틈타 미술품이 약탈당했다.
略語,りゃくご,약어,JLPT_1 JLPT,K>oKmQ]kga,社内では部署名を略語で呼ぶことが多い。,しゃないではぶしょめいをりゃくごでよぶことがおおい。,회사에서는 부서명을 약어로 부르는 경우가 많다.
流通,りゅうつう,유통,JLPT_1 JLPT,H5O$EOa.I6,大雪で商品の流通が一時止まった。,おおゆきでしょうひんのりゅうつうがいちじとまった。,폭설로 상품 유통이 한때 중단되었다.
領域,りょういき,영역,JLPT_1 JLPT,HiA.[31{b|,人工知能は医療の領域でも活用されている。,じんこうちのうはいりょうのりょういきでもかつようされている。,인공지능은 의료 영역에서도 활용되고 있다.
了解,りょうかい,양해·알았음,JLPT_1 JLPT,kxhJ=)Od=Q,上司の了解を得て計画を変更した。,じょうしのりょうかいをえてけいかくをへんこうした。,상사의 동의를 얻어 계획을 변경했다.
領海,りょうかい,영해,JLPT_1 JLPT,MB@]yC;xab,不審な船が領海に侵入した。,ふしんなふねがりょうかいにしんにゅうした。,수상한 선박이 영해에 침입했다.
両極,りょうきょく,양극,JLPT_1 JLPT,I]j83bI=8Q,議論は賛成と反対の両極に分かれた。,ぎろんはさんせいとはんたいのりょうきょくにわかれた。,논의는 찬성과 반대의 양극으로 갈렸다.
良好,りょうこう,양호함,JLPT_1 JLPT,d:q8$rI;Jz,手術後の経過は良好だ。,しゅじゅつごのけいかはりょうこうだ。,수술 후 경과는 양호하다.
良識,りょうしき,양식·좋은 식견,JLPT_1 JLPT,g^(nW>D*vj,良識ある判断で混乱を避けてほしい。,りょうしきあるはんだんでこんらんをさけてほしい。,분별 있는 판단으로 혼란을 피하길 바란다.
良質,りょうしつ,양질,JLPT_1 JLPT,nVu=s-lEz|,この家具には良質な木材が使われている。,このかぐにはりょうしつなもくざいがつかわれている。,이 가구에는 양질의 목재가 사용되고 있다.
了承,りょうしょう,양해·승인,JLPT_1 JLPT,j]m*irzgE:,日程を変更する前に全員の了承を得た。,にっていをへんこうするまえにぜんいんのりょうしょうをえた。,일정을 변경하기 전에 모두의 동의를 얻었다.
良心,りょうしん,양심,JLPT_1 JLPT,I#~pygL#h!,良心に恥じない行動を選んだ。,りょうしんにはじないこうどうをえらんだ。,양심에 부끄럽지 않은 행동을 선택했다.
領地,りょうち,영지,JLPT_1 JLPT,y}6|eQ/0%E,領主は広大な領地にある多くの村を治めていた。,りょうしゅはこうだいなりょうちにあるおおくのむらをおさめていた。,영주는 광대한 영지에 있는 많은 마을을 다스렸다.
領土,りょうど,영토,JLPT_1 JLPT,xYhB+8`@i2,両国は長年にわたり島の領土権を争っている。,りょうこくはながねんにわたりしまのりょうどけんをあらそっている。,양국은 오랫동안 섬의 영유권을 다투고 있다.
両立,りょうりつ,양립,JLPT_1 JLPT,p7by!eTW@3,仕事と子育てを両立するのは簡単ではない。,しごととこそだてをりょうりつするのはかんたんではない。,일과 육아를 양립하는 것은 쉽지 않다.
旅客,りょかく,여객,JLPT_1 JLPT,I8wSM=gOtR,強風のため旅客船の運航が中止された。,きょうふうのためりょかくせんのうんこうがちゅうしされた。,강풍으로 여객선 운항이 중지되었다.
旅券,りょけん,여권,JLPT_1 JLPT,u/udi_w#M!,出発前に旅券の有効期限を確認した。,しゅっぱつまえにりょけんのゆうこうきげんをかくにんした。,출발 전에 여권의 유효기간을 확인했다.
履歴,りれき,이력,JLPT_1 JLPT,lgw@;Sby)x,端末に過去の利用履歴が全て残っている。,たんまつにかこのりようりれきがすべてのこっている。,단말기에 과거 이용 이력이 모두 남아 있다.
理論,りろん,이론,JLPT_1 JLPT,Kkq/Vwo|)`,実験結果によって彼の理論が裏付けられた。,じっけんけっかによってかれのりろんがうらづけられた。,실험 결과로 그의 이론이 뒷받침되었다.
林業,りんぎょう,임업,JLPT_1 JLPT,l$qH?E<2YH,山が多いこの地域では林業が盛んだ。,やまがおおいこのちいきではりんぎょうがさかんだ。,산이 많은 이 지역에서는 임업이 활발하다.
類,るい,유·종류,JLPT_1 JLPT,o&+Ivn(%oO,この類の問題は慎重に扱う必要がある。,このるいのもんだいはしんちょうにあつかうひつようがある。,이런 종류의 문제는 신중하게 다룰 필요가 있다.
類推,るいすい,유추,JLPT_1 JLPT,MG!~-T=}_S,過去の事例から事故の原因を類推した。,かこのじれいからじこのげんいんをるいすいした。,과거 사례에서 사고 원인을 유추했다.
類似,るいじ,유사함,JLPT_1 JLPT,l=?07xJqV=,二つの製品は外観が非常に類似している。,ふたつのせいひんはがいかんがひじょうにるいじしている。,두 제품은 외관이 매우 유사하다.
ルーズ,ルーズ,루즈함·느슨함,JLPT_1 JLPT,t;l^jLhRxc,彼は時間にルーズでよく待ち合わせに遅れる。,かれはじかんにるーずでよくまちあわせにおくれる。,그는 시간관념이 느슨해서 약속에 자주 늦는다.
冷酷,れいこく,냉혹,JLPT_1 JLPT,Gpei)G)?`V,弱者を見捨てる冷酷な判断に批判が集まった。,じゃくしゃをみすてるれいこくなはんだんにひはんがあつまった。,약자를 버리는 냉혹한 판단에 비판이 쏟아졌다.
冷蔵,れいぞう,냉장,JLPT_1 JLPT,"IYaX-(,sbM",残った料理は冷蔵して翌日食べた。,のこったりょうりはれいぞうしてよくじつたべた。,남은 음식은 냉장 보관했다가 다음 날 먹었다.
冷淡,れいたん,냉담,JLPT_1 JLPT,Q5Ez[qRMa0,助けを求めても彼の反応は冷淡だった。,たすけをもとめてもかれのはんのうはれいたんだった。,도움을 청해도 그의 반응은 냉담했다.
レース,レース,레이스·경주,JLPT_1 JLPT,kxs-fAUJum,最後のレースで自己最高記録を更新した。,さいごのれーすでじこさいこうきろくをこうしんした。,마지막 경주에서 개인 최고 기록을 경신했다.
レギュラー,レギュラー,레귤러·정기적인,JLPT_1 JLPT,"f@``;g,,Yd",努力を重ねてついにレギュラーの座を得た。,どりょくをかさねてついにれぎゅらーのざをえた。,노력을 거듭해 마침내 주전 자리를 얻었다.
レッスン,レッスン,레슨,JLPT_1 JLPT,JfvUf_?9-:,仕事の後に週一回の英会話レッスンを受ける。,しごとのあとにしゅういっかいのえいかいわれっすんをうける。,퇴근 후 일주일에 한 번 영어 회화 수업을 받는다.
レディー,レディー,레이디·숙녀,JLPT_1 JLPT,p!9sykDKO0,上品なレディーが静かに席へ案内された。,じょうひんなれでぃーがしずかにせきへあんないされた。,품위 있는 숙녀가 조용히 자리로 안내되었다.
レバー,レバー,레버·간,JLPT_1 JLPT,Ml*IZFZKKl,係員の指示に従って赤いレバーを引いた。,かかりいんのしじにしたがってあかいればーをひいた。,직원의 지시에 따라 빨간 레버를 당겼다.
恋愛,れんあい,연애,JLPT_1 JLPT,"g0Js_zq8,k",二人は長い友人関係を経て恋愛に発展した。,ふたりはながいゆうじんかんけいをへてれんあいにはってんした。,두 사람은 오랜 친구 관계를 거쳐 연인 관계로 발전했다.
バッテリー,バッテリー,배터리,JLPT_1 JLPT,p?ZvzxPq%b,車のバッテリーが上がってエンジンが動かない。,くるまのばってりーがあがってえんじんがうごかない。,자동차 배터리가 방전되어 엔진이 작동하지 않는다.
バット,バット,배트·방망이,JLPT_1 JLPT,Q^}DTOnkl|,打者はバットを強く振って球を遠くへ飛ばした。,だしゃはばっとをつよくふってたまをとおくへとばした。,타자는 배트를 힘껏 휘둘러 공을 멀리 날렸다.
発病,はつびょう,발병,JLPT_1 JLPT,BvVN^85[N;,彼は海外出張中に突然発病した。,かれはかいがいしゅっちょうちゅうにとつぜんはつびょうした。,그는 해외 출장 중에 갑자기 병이 났다.
初耳,はつみみ,처음 듣는 말,JLPT_1 JLPT,DQ%JLcfuZZ,その店が閉店するとは全く初耳だ。,そのみせがへいてんするとはまったくはつみみだ。,그 가게가 폐점한다는 것은 정말 처음 듣는 이야기다.
果て,はて,끝·결과,JLPT_1 JLPT,"b57,px8J*K",探検隊は長い旅の果てに古い遺跡を発見した。,たんけんたいはながいたびのはてにふるいいせきをはっけんした。,탐험대는 긴 여행 끝에 오래된 유적을 발견했다.
果てる,はてる,끝나다·다하다,JLPT_1 JLPT,"bAff*:bf*,",兵士は故郷を思いながら戦地で果てた。,へいしはふるさとをおもいながらせんちではてた。,병사는 고향을 그리며 전쟁터에서 생을 마쳤다.
ばてる,ばてる,지치다·녹초가 되다,JLPT_1 JLPT,r>0SmD(F4h,暑い中を歩き続けてすっかりばてた。,あついなかをあるきつづけてすっかりばてた。,더운 날씨에 계속 걸어서 완전히 녹초가 되었다.
パトカー,パトカー,순찰차,JLPT_1 JLPT,"EO|xx2G2G,",通報を受けたパトカーが現場へ急行した。,つうほうをうけたぱとかーがげんばへきゅうこうした。,신고를 받은 순찰차가 현장으로 급히 출동했다.
甚だ,はなはだ,매우·심히,JLPT_1 JLPT,OQgv[Rp`!?,個人情報の扱いが甚だ不適切だった。,こじんじょうほうのあつかいがはなはだふてきせつだった。,개인 정보 취급이 매우 부적절했다.
華々しい,はなばなしい,화려하다·눈부시다,JLPT_1 JLPT,v^@Rm/*uYq,新人選手は国際大会で華々しい活躍を見せた。,しんじんせんしゅはこくさいたいかいではなばなしいかつやくをみせた。,신인 선수는 국제 대회에서 눈부신 활약을 보였다.
花びら,はなびら,꽃잎,JLPT_1 JLPT,gVEobi&glz,風が吹くたび桜の花びらが舞い落ちた。,かぜがふくたびさくらのはなびらがまいおちた。,바람이 불 때마다 벚꽃잎이 흩날려 떨어졌다.
華やか,はなやか,화려함,JLPT_1 JLPT,b*1sjY=VE6,会場は色鮮やかな花で華やかに飾られた。,かいじょうはいろあざやかなはなではなやかにかざられた。,행사장은 형형색색의 꽃으로 화려하게 장식되었다.
阻む,はばむ,가로막다·저지하다,JLPT_1 JLPT,KW0lr0LPyk,深い雪が救助隊の行く手を阻んだ。,ふかいゆきがきゅうじょたいのゆくてをはばんだ。,깊이 쌓인 눈이 구조대의 앞길을 가로막았다.
浜,はま,해변·바닷가,JLPT_1 JLPT,gaeewOTy8/,子供たちは浜で貝殻を拾って遊んだ。,こどもたちははまでかいがらをひろってあそんだ。,아이들은 해변에서 조개껍데기를 주우며 놀았다.
浜辺,はまべ,해변,JLPT_1 JLPT,AL_W(0hn&V,朝早く犬を連れて静かな浜辺を歩いた。,あさはやくいぬをつれてしずかなはまべをあるいた。,이른 아침 개를 데리고 조용한 해변을 걸었다.
はまる,はまる,빠지다·꼭 끼이다·적합하다,JLPT_1 JLPT,key3o7$aM},箱の蓋がぴったりはまって開かなくなった。,はこのふたがぴったりはまってあかなくなった。,상자 뚜껑이 꼭 끼어 열리지 않게 되었다.
早める,はやめる,앞당기다·서두르다,JLPT_1 JLPT,hS]svbo-ig,台風に備えて出発時刻を早めた。,たいふうにそなえてしゅっぱつじこくをはやめた。,태풍에 대비해 출발 시각을 앞당겼다.
腹立ち,はらだち,화가 남,JLPT_1 JLPT,p.*AhT>Yg8,理不尽な対応への腹立ちを必死に抑えた。,りふじんなたいおうへのはらだちをひっしにおさえた。,부당한 대응에 대한 분노를 필사적으로 억눌렀다.
原っぱ,はらっぱ,벌판·들판,JLPT_1 JLPT,BF1(%i;>nB,子供たちが広い原っぱを元気に駆け回った。,こどもたちがひろいはらっぱをげんきにかけまわった。,아이들이 넓은 들판을 신나게 뛰어다녔다.
はらはら,はらはら,아슬아슬·조마조마,JLPT_1 JLPT,m<Y%mFA4zS,観客は綱渡りをはらはらしながら見守った。,かんきゃくはつなわたりをはらはらしながらみまもった。,관객은 줄타기를 조마조마해하며 지켜보았다.
ばらまく,ばらまく,흩뿌리다,JLPT_1 JLPT,wmN`A*3CG),畑全体に花の種を均等にばらまいた。,はたけぜんたいにはなのたねをきんとうにばらまいた。,밭 전체에 꽃씨를 고르게 흩뿌렸다.
張り紙,はりがみ,벽보,JLPT_1 JLPT,BB7%DI+bc=,店の扉に臨時休業の張り紙がしてあった。,みせのとびらにりんじきゅうぎょうのはりがみがしてあった。,가게 문에 임시 휴업 벽보가 붙어 있었다.
遥か,はるか,아득히·멀리,JLPT_1 JLPT,fUD7d;W?9R,山頂から遥か遠くの海まで見渡せた。,さんちょうからはるかとおくのうみまでみわたせた。,산 정상에서 아득히 먼 바다까지 내다볼 수 있었다.
破裂,はれつ,파열,JLPT_1 JLPT,"b^2,E+JYkn",空気を入れ過ぎた風船が突然破裂した。,くうきをいれすぎたふうせんがとつぜんはれつした。,공기를 너무 많이 넣은 풍선이 갑자기 터졌다.
腫れる,はれる,붓다·부어오르다,JLPT_1 JLPT,z8C-Q:96;k,転んだ後、足首が赤く腫れてきた。,ころんだあと、あしくびがあかくはれてきた。,넘어진 뒤 발목이 붉게 부어올랐다.
繁栄,はんえい,번영,JLPT_1 JLPT,nH@_ep+1}j,港の発展とともに町は大きく繁栄した。,みなとのはってんとともにまちはおおきくはんえいした。,항구의 발전과 함께 마을은 크게 번영했다.
版画,はんが,판화,JLPT_1 JLPT,sBPn!C6|$0,美術館で色鮮やかな版画を鑑賞した。,びじゅつかんでいろあざやかなはんがをかんしょうした。,미술관에서 색채가 선명한 판화를 감상했다.
ハンガー,ハンガー,옷걸이·행거,JLPT_1 JLPT,HNMn){L;p@,濡れた上着をハンガーに掛けて乾かした。,ぬれたうわぎをはんがーにかけてかわかした。,젖은 겉옷을 옷걸이에 걸어 말렸다.
反感,はんかん,반감,JLPT_1 JLPT,KAT#$^~N=[,彼の尊大な態度は周囲の反感を買った。,かれのそんだいなたいどはしゅういのはんかんをかった。,그의 거만한 태도는 주위의 반감을 샀다.
反響,はんきょう,반향,JLPT_1 JLPT,(!Sbp/Ryc,新商品の発表には大きな反響があった。,しんしょうひんのはっぴょうにはおおきなはんきょうがあった。,신상품 발표에는 큰 반향이 있었다.
パンク,パンク,펑크,JLPT_1 JLPT,LzYO%D<&Ei,通勤途中で自転車のタイヤがパンクした。,つうきんとちゅうでじてんしゃのたいやがぱんくした。,출근길에 자전거 타이어가 펑크 났다.
反撃,はんげき,반격,JLPT_1 JLPT,BBy/kmWv|!,劣勢だった選手が後半に反撃を始めた。,れっせいだったせんしゅがこうはんにはんげきをはじめた。,열세였던 선수가 후반에 반격을 시작했다.
判決,はんけつ,판결,JLPT_1 JLPT,K@f^#cZ5Q`,裁判所は被告に無罪の判決を言い渡した。,さいばんしょはひこくにむざいのはんけつをいいわたした。,법원은 피고에게 무죄 판결을 선고했다.
反射,はんしゃ,반사,JLPT_1 JLPT,LDqIUH^=vr,朝日が窓ガラスに反射してまぶしい。,あさひがまどがらすにはんしゃしてまぶしい。,아침 햇살이 유리창에 반사되어 눈부시다.
繁盛,はんじょう,번성,JLPT_1 JLPT,oD{V&C=!wS,駅前に移ってから店が繁盛している。,えきまえにうつってからみせがはんじょうしている。,역 앞으로 옮긴 뒤 가게가 번창하고 있다.
繁殖,はんしょく,번식,JLPT_1 JLPT,Gps#@ydvak,外来種が湖で急速に繁殖している。,がいらいしゅがみずうみできゅうそくにはんしょくしている。,외래종이 호수에서 빠르게 번식하고 있다.
反する,はんする,반하다·위반하다,JLPT_1 JLPT,fVrr[FObH2,規則に反する行為には罰則がある。,きそくにはんするこういにはばっそくがある。,규칙에 위배되는 행위에는 벌칙이 있다.
判定,はんてい,판정,JLPT_1 JLPT,l.y^yE`fLF,写真判定の結果、彼の勝利が決まった。,しゃしんはんていのけっか、かれのしょうりがきまった。,사진 판정 결과 그의 승리로 결정되었다.
万人,ばんにん,만인·모든 사람,JLPT_1 JLPT,gTmA]f8[{J,その芸術が万人に理解されるとは限らない。,そのげいじゅつがばんにんにりかいされるとはかぎらない。,그 예술이 모든 사람에게 이해된다고는 할 수 없다.
晩年,ばんねん,말년,JLPT_1 JLPT,DKi7Lij}b#,画家は晩年を静かな村で過ごした。,がかはばんねんをしずかなむらですごした。,화가는 말년을 조용한 마을에서 보냈다.
反応,はんのう,반응,JLPT_1 JLPT,tmAeij8aDL,名前を呼んでも彼から反応がなかった。,なまえをよんでもかれからはんのうがなかった。,이름을 불러도 그에게서 반응이 없었다.
万能,ばんのう,만능,JLPT_1 JLPT,z`.g9zaN?,この道具は便利だが、決して万能ではない。,このどうぐはべんりだが、けっしてばんのうではない。,이 도구는 편리하지만 결코 만능은 아니다.
半端,はんぱ,어중간함·나머지,JLPT_1 JLPT,eK}21?Q<uQ,半端な覚悟ではこの訓練を続けられない。,はんぱなかくごではこのくんれんをつづけられない。,어중간한 각오로는 이 훈련을 계속할 수 없다.
反発,はんぱつ,반발,JLPT_1 JLPT,rHA_.Kqp5U,急な値上げに利用者から強い反発が出た。,きゅうなねあげにりようしゃからつよいはんぱつがでた。,갑작스러운 가격 인상에 이용자들이 강하게 반발했다.
反乱,はんらん,반란,JLPT_1 JLPT,"JJB,BD9|0D",重い税に耐えかねた民衆が反乱を起こした。,おもいぜいにたえかねたみんしゅうがはんらんをおこした。,무거운 세금을 견디지 못한 민중이 반란을 일으켰다.
氾濫,はんらん,범람,JLPT_1 JLPT,"Im~yS%,7(E",豪雨で川が氾濫し、住宅街が浸水した。,ごううでかわがはんらんし、じゅうたくがいがしんすいした。,폭우로 강이 범람해 주택가가 침수되었다.
美,び,미·아름다움,JLPT_1 JLPT,Oi9jkr_JC,彼女は自然の美を写真に収めた。,かのじょはしぜんのびをしゃしんにおさめた。,그녀는 자연의 아름다움을 사진에 담았다.
延いては,ひいては,나아가서는·결과적으로,JLPT_1 JLPT,jOz98=%a=I,小さな節約が家計を助け、延いては環境も守る。,ちいさなせつやくがかけいをたすけ、ひいてはかんきょうもまもる。,작은 절약이 가계에 도움이 되고 나아가 환경도 지킨다.
ビールス,ビールス,바이러스,JLPT_1 JLPT,k4c<|hYsN{,研究所で新種のビールスが発見された。,けんきゅうじょでしんしゅのびーるすがはっけんされた。,연구소에서 신종 바이러스가 발견되었다.
控室,ひかえしつ,대기실,JLPT_1 JLPT,y&_T~x>Y8R,出演者は控室で出番を待っていた。,しゅつえんしゃはひかえしつででばんをまっていた。,출연자는 대기실에서 자기 차례를 기다리고 있었다.
控える,ひかえる,삼가다·대기하다·메모하다,JLPT_1 JLPT,v:A0($lqMw,健康のため甘い物を控えている。,けんこうのためあまいものをひかえている。,건강을 위해 단것을 삼가고 있다.
悲観,ひかん,비관,JLPT_1 JLPT,b5j5UZJ)]S,一度の失敗で将来を悲観する必要はない。,いちどのしっぱいでしょうらいをひかんするひつようはない。,한 번의 실패로 미래를 비관할 필요는 없다.
引き上げる,ひきあげる,끌어올리다·인상하다,JLPT_1 JLPT,N^;oc:0[e;,会社は来月から基本給を引き上げる。,かいしゃはらいげつからきほんきゅうをひきあげる。,회사는 다음 달부터 기본급을 인상한다.
率いる,ひきいる,이끌다·통솔하다,JLPT_1 JLPT,puJ9X.qkPt,監督は若い選手を率いて大会に臨んだ。,かんとくはわかいせんしゅをひきいてたいかいにのぞんだ。,감독은 젊은 선수들을 이끌고 대회에 임했다.
引き起こす,ひきおこす,일으키다·야기하다,JLPT_1 JLPT,wH2wMsnzkj,小さな油断が重大な事故を引き起こした。,ちいさなゆだんがじゅうだいなじこをひきおこした。,작은 방심이 중대한 사고를 일으켰다.
引下げる,ひきさげる,내리다·인하하다,JLPT_1 JLPT,M7FZ16-#)F,政府は輸入品の関税を引下げた。,せいふはゆにゅうひんのかんぜいをひきさげた。,정부는 수입품의 관세를 인하했다.
引きずる,ひきずる,질질 끌다,JLPT_1 JLPT,qTp%jki[ap,重い荷物を床の上で引きずった。,おもいにもつをゆかのうえでひきずった。,무거운 짐을 바닥에 질질 끌었다.
引取る,ひきとる,물러나다·인수하다·거두다,JLPT_1 JLPT,bqG=Sz>mVR,修理を終えた車を店から引取った。,しゅうりをおえたくるまをみせからひきとった。,수리를 마친 차를 가게에서 인수했다.
否決,ひけつ,부결,JLPT_1 JLPT,H=WQ4MO0SN,予算案は議会で反対多数により否決された。,よさんあんはぎかいではんたいたすうによりひけつされた。,예산안은 의회에서 반대 다수로 부결되었다.
日頃,ひごろ,평소·평상시,JLPT_1 JLPT,y9J%2)~r.v,災害に備えて日頃から避難経路を確認している。,さいがいにそなえてひごろからひなんけいろをかくにんしている。,재해에 대비해 평소부터 대피 경로를 확인하고 있다.
久しい,ひさしい,오래간만이다·오래되다,JLPT_1 JLPT,x^qb6Ainn%,彼と最後に会ってから久しい。,かれとさいごにあってからひさしい。,그를 마지막으로 만난 지 오래되었다.
悲惨,ひさん,비참함,JLPT_1 JLPT,dkkS+?oHtT,戦争で多くの町が悲惨な状況に陥った。,せんそうでおおくのまちがひさんなじょうきょうにおちいった。,전쟁으로 많은 마을이 비참한 상황에 빠졌다.
ビジネス,ビジネス,비즈니스,JLPT JLPT_1 Genki_Ln.2 Genki_Ln.1 Genki,stJO[>w5pM,彼は海外で新しいビジネスを始めた。,かれはかいがいであたらしいびじねすをはじめた。,그는 해외에서 새로운 사업을 시작했다.
比重,ひじゅう,비중,JLPT_1 JLPT,l4}j=7jzb:,最近は仕事より家庭に比重を置いている。,さいきんはしごとよりかていにひじゅうをおいている。,최근에는 일보다 가정에 비중을 두고 있다.
美術,びじゅつ,미술,JLPT_1 JLPT,",I91nlD38",休日は美術館で現代美術を鑑賞した。,きゅうじつはびじゅつかんでげんだいびじゅつをかんしょうした。,휴일에는 미술관에서 현대 미술을 감상했다.
秘書,ひしょ,비서,JLPT_1 JLPT,HbDP7]^^wK,社長の秘書が会議の日程を調整した。,しゃちょうのひしょがかいぎのにっていをちょうせいした。,사장의 비서가 회의 일정을 조정했다.
微笑,びしょう,미소,JLPT_1 JLPT,"y,db|5_YaV",彼女は安心したように静かな微笑を浮かべた。,かのじょはあんしんしたようにしずかなびしょうをうかべた。,그녀는 안심한 듯 잔잔한 미소를 지었다.
歪む,ひずむ,비뚤어지다·왜곡되다,JLPT_1 JLPT,KT[PkhY&vP,重い荷物を載せたため棚の板が歪んだ。,おもいにもつをのせたためたなのいたがひずんだ。,무거운 짐을 올려놓아 선반 판자가 휘었다.
密か,ひそか,몰래·남모르게,JLPT_1 JLPT,jJ5o@8/`~@,彼は家族に知らせず、密かに旅の準備を進めた。,かれはかぞくにしらせず、ひそかにたびのじゅんびをすすめた。,그는 가족에게 알리지 않고 몰래 여행 준비를 진행했다.
浸す,ひたす,적시다·담그다,JLPT_1 JLPT,g_KlG}!uS#,汚れた布を洗剤を溶かした水に浸した。,よごれたぬのをせんざいをとかしたみずにひたした。,더러운 천을 세제를 푼 물에 담갔다.
ひたすら,ひたすら,오로지·한결같이,JLPT_1 JLPT,r_F?uM8zZq,合格を目指して毎日ひたすら勉強した。,ごうかくをめざしてまいにちひたすらべんきょうした。,합격을 목표로 매일 오로지 공부했다.
左利き,ひだりきき,왼손잡이,JLPT_1 JLPT,k-sYD9-/$o,弟は左利きなので箸を左手で持つ。,おとうとはひだりききなのではしをひだりてでもつ。,남동생은 왼손잡이라서 젓가락을 왼손으로 든다.
引っ掻く,ひっかく,할퀴다,JLPT_1 JLPT,E.o[!3b:Nm,驚いた猫に腕を引っ掻かれた。,おどろいたねこにうでをひっかかれた。,놀란 고양이가 내 팔을 할퀴었다.
必修,ひっしゅう,필수,JLPT_1 JLPT,v$oSFhOWfe,この授業は一年生の必修科目だ。,このじゅぎょうはいちねんせいのひっしゅうかもくだ。,이 수업은 1학년 필수 과목이다.
びっしょり,びっしょり,흠뻑,JLPT_1 JLPT,z/^[4xCt0B,突然の雨で服がびっしょり濡れた。,とつぜんのあめでふくがびっしょりぬれた。,갑작스러운 비로 옷이 흠뻑 젖었다.
必然,ひつぜん,필연,JLPT_1 JLPT,Q)ow/ypncR,準備を怠れば失敗は必然だ。,じゅんびをおこたればしっぱいはひつぜんだ。,준비를 소홀히 하면 실패는 필연적이다.
匹敵,ひってき,필적함,JLPT_1 JLPT,JEil[{vK3q,彼の技術は熟練した職人にも匹敵する。,かれのぎじゅつはじゅくれんしたしょくにんにもひってきする。,그의 기술은 숙련된 장인에게도 필적한다.
一息,ひといき,한숨 돌림·잠깐의 휴식,JLPT_1 JLPT,E^BIFQp}ze,坂を上り切ったところで一息ついた。,さかをのぼりきったところでひといきついた。,비탈길을 다 오른 곳에서 한숨 돌렸다.
人影,ひとかげ,사람의 그림자,JLPT_1 JLPT,lEh{t=A?Px,深夜の公園に怪しい人影が見えた。,しんやのこうえんにあやしいひとかげがみえた。,한밤중 공원에 수상한 사람의 모습이 보였다.
人柄,ひとがら,인품,JLPT_1 JLPT,dM5AOlir)Y,温厚な人柄を慕って多くの人が集まる。,おんこうなひとがらをしたっておおくのひとがあつまる。,온후한 인품을 존경해 많은 사람이 모인다.
人気,ひとけ,인기척,JLPT_1 JLPT,NG2)}0vQ0h,早朝の駅にはまだ人気がなかった。,そうちょうのえきにはまだひとけがなかった。,이른 아침 역에는 아직 인기척이 없었다.
一頃,ひところ,한때,JLPT_1 JLPT,g6jcX?>0?e,この通りも一頃は多くの客でにぎわっていた。,このとおりもひところはおおくのきゃくでにぎわっていた。,이 거리도 한때는 많은 손님으로 붐볐다.
人質,ひとじち,인질,JLPT_1 JLPT,zJcHfH}ajC,犯人は人質を解放して警察に投降した。,はんにんはひとじちをかいほうしてけいさつにとうこうした。,범인은 인질을 풀어 주고 경찰에 투항했다.
一筋,ひとすじ,한 줄기·일편단심,JLPT_1 JLPT,Iw`AaG(p-#,父は四十年間、研究一筋に生きてきた。,ちちはよんじゅうねんかん、けんきゅうひとすじにいきてきた。,아버지는 40년 동안 오직 연구 한길만 걸어왔다.
人目,ひとめ,사람들의 눈·남의 이목,JLPT_1 JLPT,I=B$#9HzY_,彼は人目を避けて裏口から店を出た。,かれはひとめをさけてうらぐちからみせをでた。,그는 남의 눈을 피해 뒷문으로 가게를 나갔다.
日取り,ひどり,날짜를 정함,JLPT_1 JLPT,"E,%=}b)+ea",家族と相談して結婚式の日取りを決めた。,かぞくとそうだんしてけっこんしきのひどりをきめた。,가족과 상의해 결혼식 날짜를 정했다.
雛,ひな,병아리·인형,JLPT_1 JLPT,x|ru;#K_h[,巣の中で黄色い雛が元気に鳴いている。,すのなかできいろいひながげんきにないている。,둥지 안에서 노란 병아리가 힘차게 울고 있다.
雛祭,ひなまつり,히나마츠리,JLPT_1 JLPT,"ExRH,Fb)`{",雛祭には家族で色鮮やかな人形を飾る。,ひなまつりにはかぞくでいろあざやかなにんぎょうをかざる。,히나마쓰리에는 가족이 함께 형형색색의 인형을 장식한다.
日向,ひなた,양지,JLPT_1 JLPT,"JkB,TYa,o3",猫が日向で気持ちよさそうに眠っている。,ねこがひなたできもちよさそうにねむっている。,고양이가 양지에서 기분 좋게 자고 있다.
非難,ひなん,비난,JLPT_1 JLPT,Dk(|@/*v__,無責任な発言に厳しい非難が集まった。,むせきにんなはつげんにきびしいひなんがあつまった。,무책임한 발언에 거센 비난이 쏟아졌다.
避難,ひなん,피난,JLPT_1 JLPT,L:}JI$`!GO,警報を聞いた住民は高台へ避難した。,けいほうをきいたじゅうみんはたかだいへひなんした。,경보를 들은 주민들은 고지대로 대피했다.
日の丸,ひのまる,일장기,JLPT_1 JLPT,t9<.]@%ayT,表彰式の会場に日の丸が掲げられた。,ひょうしょうしきのかいじょうにひのまるがかかげられた。,시상식장에 일장기가 게양되었다.
火花,ひばな,불똥,JLPT_1 JLPT,um|5.IJ}3z,作業員が鉄を切るたび火花が激しく散った。,さぎょういんがてつをきるたびひばながはげしくちった。,작업자가 철을 자를 때마다 불꽃이 거세게 튀었다.
罅 (かべの～),ひび (かべの～),금·균열,JLPT_1 JLPT,"y]|C%f,K4~",古い建物の壁に大きな罅が入っている。,ふるいたてもののかべにおおきなひびがはいっている。,오래된 건물 벽에 큰 균열이 나 있다.
悲鳴,ひめい,비명,JLPT_1 JLPT,"iBM$!,wWJ6",暗い路地から突然女性の悲鳴が聞こえた。,くらいろじからとつぜんじょせいのひめいがきこえた。,어두운 골목에서 갑자기 여성의 비명이 들렸다.
冷やかす,ひやかす,놀리다·구경만 하고 사지 않다,JLPT_1 JLPT,g|eu{@|Ra<,友人は私の新しい髪形を見て冷やかした。,ゆうじんはわたしのあたらしいかみがたをみてひやかした。,친구는 내 새로운 머리 모양을 보고 놀렸다.
日焼け,ひやけ,햇볕에 탐,JLPT_1 JLPT,B*x^zGN+6l,海で一日遊んだら腕が真っ赤になるほど日焼けした。,うみでいちにちあそんだらうでがまっかになるほどひやけした。,바다에서 하루 종일 놀았더니 팔이 새빨갛게 탔다.
標語,ひょうご,표어,JLPT_1 JLPT,q2-le>_XWl,安全運転を呼びかける標語を壁に掲げた。,あんぜんうんてんをよびかけるひょうごをかべにかかげた。,안전 운전을 촉구하는 표어를 벽에 내걸었다.
描写,びょうしゃ,묘사,JLPT_1 JLPT,JFYofDRI3{,作者は雪国の暮らしを細やかに描写した。,さくしゃはゆきぐにのくらしをこまやかにびょうしゃした。,작가는 설국의 생활을 세밀하게 묘사했다.
ひょっと,ひょっと,어쩌면·혹시,JLPT_1 JLPT,H?O[$H2[.i,ひょっとすると彼は約束を忘れたのかもしれない。,ひょっとするとかれはやくそくをわすれたのかもしれない。,어쩌면 그는 약속을 잊었을지도 모른다.
びら,びら,전단지,JLPT_1 JLPT,t%GemgZ-on,駅前で新しい店のびらを配った。,えきまえであたらしいみせのびらをくばった。,역 앞에서 새 가게 전단지를 나눠 주었다.
平たい,ひらたい,평평하다,JLPT_1 JLPT,Gv<+$jy(Xp,河原で平たい石を拾って水面に投げた。,かわらでひらたいいしをひろってすいめんになげた。,강가에서 납작한 돌을 주워 수면에 던졌다.
びり,びり,꼴찌,JLPT_1 JLPT,"B~`,swB&=7",練習不足で競走ではびりになってしまった。,れんしゅうぶそくできょうそうではびりになってしまった。,연습 부족으로 경주에서 꼴찌가 되고 말았다.
比率,ひりつ,비율,JLPT_1 JLPT,r*He=~rO@q,この地域では高齢者の比率が年々増えている。,このちいきではこうれいしゃのひりつがねんねんふえている。,이 지역에서는 고령자의 비율이 해마다 늘고 있다.
畑,はたけ,밭·전문 분야,JLPT_1 JLPT,Kp7#mQx2vT,畑で野菜を育てる。,はたけでやさいをそだてる。,밭에서 채소를 기른다.
布,ぬの,천·직물,JLPT_1 JLPT,bZ9@nR4wLs,布でカーテンを作る。,ぬのでかーてんをつくる。,천으로 커튼을 만든다.
さりげない,さりげない,아무렇지 않은 듯하다,JLPT_1 JLPT,fX3!cH8dYq,彼はさりげない気遣いを見せた。,かれはさりげないきづかいをみせた。,그는 아무렇지 않게 배려를 보였다.
間隔,かんかく,간격,JLPT_1 JLPT,uV6%tN1oPj,バスは10分間隔で運行している。,ばすはじゅっぷんかんかくでうんこうしている。,버스는 10분 간격으로 운행하고 있다.
謝罪,しゃざい,사죄,JLPT_1 JLPT,hD2&sB7eLn,会社は消費者に正式に謝罪した。,かいしゃはしょうひしゃにせいしきにしゃざいした。,회사는 소비자에게 공식적으로 사죄했다.
需要,じゅよう,수요,JLPT_1 JLPT,gW5^aM0zKr,暑い日は冷たい飲料の需要が高まる。,あついひはつめたいのみもののじゅようがたかまる。,더운 날에는 차가운 음료의 수요가 높아진다.
振る舞い,ふるまい,행동·처신,JLPT_1 JLPT,mN4$rK9tPw,彼の礼儀正しい振る舞いに感心した。,かれのれいぎただしいふるまいにかんしんした。,그의 예의 바른 행동에 감탄했다.
抱える,かかえる,떠안다·(껴)안다,JLPT_1 JLPT,qE7#vB2xLd,彼は多くの問題を抱えている。,かれはおおくのもんだいをかかえている。,그는 많은 문제를 안고 있다.