expression,reading,meaning,tags,guid,example_jp,example_reading_hiragana,example_ko
合間,あいま,"틈, 사이",JLPT_1 JLPT,kPRprNuR>j,仕事の合間に短い休憩を取った。,しごとのあいまにみじかいきゅうけいをとった。,일하는 틈에 짧은 휴식을 취했다.
悪癖,あくへき,나쁜 버릇,JLPT_1 JLPT,8ISHh+1=lP,爪をかむ悪癖を直したい。,つめをかむあくへきをなおしたい。,손톱을 물어뜯는 나쁜 버릇을 고치고 싶다.
鮮やか,あざやか,선명함,JLPT_1 JLPT,uBWlY5lRqO,夕焼けが鮮やかに空を染めた。,ゆうやけがあざやかにそらをそめた。,저녁놀이 선명하게 하늘을 물들였다.
値する,あたいする,"~할 만하다, ~(에) 상당하다",JLPT_1 JLPT,a[wZZD5^3r,この作品は高く評価するに値する。,このさくひんはたかくひょうかするにあたいする。,이 작품은 높이 평가할 만하다.
跡地,あとち,"철거부지, 잔해",JLPT_1 JLPT,",7_Jc|r7UF",工場の跡地に公園が造られた。,こうじょうのあとちにこうえんがつくられた。,공장 철거 부지에 공원이 조성되었다.
侮る,あなどる,"깔보다, 업신여기다",JLPT_1 JLPT,nd_7HaW#Io,小さな失敗だからと侮ってはいけない。,ちいさなしっぱいだからとあなどってはいけない。,작은 실패라고 얕봐서는 안 된다.
余る,あまる,남다,JLPT_1 JLPT,fmN%BssKDD,料理が余ったので冷蔵庫に入れた。,りょうりがあまったのでれいぞうこにいれた。,음식이 남아서 냉장고에 넣었다.
危ぶむ,あやぶむ,"의심하다, 걱정하다",JLPT_1 JLPT,._ASzvlGx[,専門家は計画の実現性を危ぶんでいる。,せんもんかはけいかくのじつげんせいをあやぶんでいる。,전문가는 계획의 실현 가능성을 걱정하고 있다.
粗い,あらい,"거칠다, 조잡하다",JLPT_1 JLPT,G@ZEWnp#54,この布は表面が少し粗い。,このぬのはひょうめんがすこしあらい。,이 천은 표면이 조금 거칠다.
争う,あらそう,다투다,JLPT_1 JLPT,$OZ98:afz6,兄弟が一つのおもちゃを巡って争った。,きょうだいがひとつのおもちゃをめぐってあらそった。,형제가 장난감 하나를 두고 다투었다.
新た,あらた,새로움,JLPT_1 JLPT,zn*{.M5|Qu,新たな目標に向けて準備を始めた。,あらたなもくひょうにむけてじゅんびをはじめた。,새로운 목표를 향해 준비를 시작했다.
淡い,あわい,"(맛, 빛깔) 진하지 않다",JLPT_1 JLPT,99qGPkI*=#,淡い色のシャツを選んだ。,あわいいろのしゃつをえらんだ。,연한 색 셔츠를 골랐다.
遺憾,いかん,유감,JLPT_1 JLPT,(T=a+]BM7+,ご期待に添えず、誠に遺憾です。,ごきたいにそえず、まことにいかんです。,기대에 부응하지 못해 참으로 유감입니다.
意義,いぎ,의의,JLPT_1 JLPT,C[^&3Z2ch#,この調査には大きな意義がある。,このちょうさにはおおきないぎがある。,이 조사에는 큰 의의가 있다.
憤り,いきどおり,분노,JLPT_1 JLPT,l$U{@B=vw<,不公平な決定に強い憤りを感じた。,ふこうへいなけっていにつよいいきどおりをかんじた。,불공정한 결정에 강한 분노를 느꼈다.
憩い,いこい,휴식,JLPT_1 JLPT,?jey-pZwoj,この公園は市民の憩いの場になっている。,このこうえんはしみんのいこいのばになっている。,이 공원은 시민들의 휴식처가 되고 있다.
潔い,いさぎよい,"떳떳하다, 미련 없이 깨끗하다",JLPT_1 JLPT,"i(It,DybS%",彼は潔く自分の負けを認めた。,かれはいさぎよくじぶんのまけをみとめた。,그는 미련 없이 자신의 패배를 인정했다.
遺跡,いせき,유적,JLPT_1 JLPT,?FIFf)w<Y=,発掘された遺跡を専門家が調査した。,はっくつされたいせきをせんもんかがちょうさした。,발굴된 유적을 전문가가 조사했다.
依然として,いぜんとして,여전히,JLPT_1 JLPT,[Bm.zkJ_A|,状況は依然として厳しいままだ。,じょうきょうはいぜんとしてきびしいままだ。,상황은 여전히 어려운 상태다.
至る,いたる,이르다,JLPT_1 JLPT,S.6R}>n*i{,長い議論の末、合意に至った。,ながいぎろんのすえ、ごういにいたった。,긴 논의 끝에 합의에 이르렀다.
一概に,いちがいに,"일률적으로, 무조건",JLPT_1 JLPT,1jJlad#n7C,一概に高価な品が優れているとは言えない。,いちがいにこうかなものがすぐれているとはいえない。,비싼 물건이 무조건 뛰어나다고는 할 수 없다.
偽り,いつわり,거짓,JLPT_1 JLPT,qOma$Zh#%6,彼の証言には偽りが一つもなかった。,かれのしょうげんにはいつわりがひとつもなかった。,그의 증언에는 거짓이 하나도 없었다.
挑む,いどむ,도전하다,JLPT_1 JLPT,Dp[)|u%xn-,若手選手が世界記録に挑んだ。,わかてせんしゅがせかいきろくにいどんだ。,젊은 선수가 세계 기록에 도전했다.
否めない,いなめない,부정할 수 없다,JLPT_1 JLPT,=+K;m8xe/(,今回の判断が遅すぎたことは否めない。,こんかいのはんだんがおそすぎたことはいなめない。,이번 판단이 너무 늦었다는 것은 부정할 수 없다.
戒める,いましめる,"경고하다, 제지하다",JLPT_1 JLPT,+9t7vbQ5GJ,父は私の軽率な行動を厳しく戒めた。,ちちはわたしのけいそつなこうどうをきびしくいましめた。,아버지는 나의 경솔한 행동을 엄하게 경고했다.
印象,いんしょう,인상,JLPT_1 JLPT,g[$mbs]^Q{,初対面では落ち着いた人という印象を受けた。,しょたいめんではおちついたひとといういんしょうをうけた。,첫 만남에서는 차분한 사람이라는 인상을 받았다.
訴える,うったえる,"호소하다, 소송하다",JLPT_1 JLPT,=)TAN3%JfR,住民は市に騒音対策を訴えた。,じゅうみんはしにそうおんたいさくをうったえた。,주민들은 시에 소음 대책을 호소했다.
促す,うながす,"재촉하다, 촉구하다",JLPT_1 JLPT,"?NCCb),>Q[",医師は患者に十分な休養を促した。,いしはかんじゃにじゅうぶんなきゅうようをうながした。,의사는 환자에게 충분한 휴식을 권고했다.
潤う,うるおう,"촉촉해지다, 혜택을 받다",JLPT_1 JLPT,"A2`Dk0,xc@",雨のおかげで乾いた畑が潤った。,あめのおかげでかわいたはたけがうるおった。,비 덕분에 메마른 밭이 촉촉해졌다.
潤す,うるおす,"축이다, 적시다, 윤택하게 하다",JLPT_1 JLPT,*qj>Aj/]uQ,乾燥した唇を保湿剤で潤した。,かんそうしたくちびるをほしつざいでうるおした。,건조한 입술을 보습제로 촉촉하게 했다.
栄養,えいよう,영양,JLPT_1 JLPT,b(q86fjJ/j,成長期の子供には十分な栄養が必要だ。,せいちょうきのこどもにはじゅうぶんなえいようがひつようだ。,성장기 아이에게는 충분한 영양이 필요하다.
閲覧,えつらん,열람,JLPT_1 JLPT,`4eF:r2&h9,この資料は館内でのみ閲覧できます。,このしりょうはかんないでのみえつらんできます。,이 자료는 관내에서만 열람할 수 있습니다.
円滑,えんかつ,원활함,JLPT_1 JLPT,"pDJl@,l%N6",司会者のおかげで会議が円滑に進んだ。,しかいしゃのおかげでかいぎがえんかつにすすんだ。,사회자 덕분에 회의가 원활하게 진행되었다.
演奏,えんそう,연주,JLPT_1 JLPT,&6lYRa%DfN,姉は結婚式でピアノを演奏した。,あねはけっこんしきでぴあのをえんそうした。,언니는 결혼식에서 피아노를 연주했다.
応募,おうぼ,응모,JLPT_1 JLPT,;wf%Cs5*HF,締め切りまでに写真コンテストへ応募した。,しめきりまでにしゃしんこんてすとへおうぼした。,마감 전에 사진 공모전에 응모했다.
大幅,おおはば,대폭적임,JLPT_1 JLPT,tYbjM+jZ0+,新制度で手続きが大幅に簡素化された。,しんせいどでてつづきがおおはばにかんそかされた。,새 제도로 절차가 대폭 간소화되었다.
丘,おか,언덕,JLPT_1 JLPT,"o{O,@4Bd&l",丘の上から港町を見下ろした。,おかのうえからみなとまちをみおろした。,언덕 위에서 항구 도시를 내려다보았다.
お菓子,おかし,과자,JLPT_1 JLPT,Xj8PXH2V%-,母が焼いたお菓子を友達に配った。,ははがやいたおかしをともだちにくばった。,어머니가 구운 과자를 친구들에게 나눠 주었다.
怠る,おこたる,"게을리하다, 방심하다",JLPT_1 JLPT,"jYq,v6!UzP",安全確認を怠ると大事故につながる。,あんぜんかくにんをおこたるとだいじこにつながる。,안전 확인을 게을리하면 큰 사고로 이어진다.
惜しむ,おしむ,"아까워하다, 애석해하다",JLPT_1 JLPT,OLuZl]U;($,監督は引退する名選手との別れを惜しんだ。,かんとくはいんたいするめいせんしゅとのわかれをおしんだ。,감독은 은퇴하는 명선수와의 이별을 아쉬워했다.
襲う,おそう,"덮치다, 습격하다",JLPT_1 JLPT,U3TrMxj>-l,激しい眠気が運転中の彼を襲った。,はげしいねむけがうんてんちゅうのかれをおそった。,심한 졸음이 운전 중인 그를 덮쳤다.
穏やか,おだやか,온화함,JLPT_1 JLPT,IA@q!R6GBV,波のない穏やかな海に船を出した。,なみのないおだやかなうみにふねをだした。,파도 없는 잔잔한 바다로 배를 띄웠다.
訪れる,おとずれる,방문하다,JLPT_1 JLPT,z{1gD`PEkY,春が訪れると庭の桜が一斉に咲く。,はるがおとずれるとにわのさくらがいっせいにさく。,봄이 찾아오면 정원의 벚꽃이 일제히 핀다.
衰える,おとろえる,쇠약해지다,JLPT_1 JLPT,]6)WJ1k7a8,年齢とともに足腰の力が衰えてきた。,ねんれいとともにあしこしのちからがおとろえてきた。,나이가 들면서 하체의 힘이 약해졌다.
脅かす,おびやかす,위협하다,JLPT_1 JLPT,rO-zDPi*Fg,外来種が島の生態系を脅かしている。,がいらいしゅがしまのせいたいけいをおびやかしている。,외래종이 섬의 생태계를 위협하고 있다.
表向き,おもてむき,표면상,JLPT_1 JLPT,"]0,2q^}r]p",二人は表向きは仲が良いように見える。,ふたりはおもてむきはなかがよいようにみえる。,두 사람은 겉으로는 사이가 좋아 보인다.
愚かな,おろかな,어리석은,JLPT_1 JLPT,<O^vrGr$_^,一時の感情で辞職するのは愚かな選択だ。,いっときのかんじょうでじしょくするのはおろかなせんたくだ。,한때의 감정으로 사직하는 것은 어리석은 선택이다.
恩恵,おんけい,은혜,JLPT_1 JLPT,HHRV0or2=*,私たちの暮らしは森林の恩恵を受けている。,わたしたちのくらしはしんりんのおんけいをうけている。,우리의 생활은 산림의 혜택을 받고 있다.
改革,かいかく,개혁,JLPT_1 JLPT,Q!2n:DZ;c#,政府は古い税制の改革に着手した。,せいふはふるいぜいせいのかいかくにちゃくしゅした。,정부는 낡은 세제 개혁에 착수했다.
貝殻,かいがら,조개껍데기,JLPT_1 JLPT,4JuO-U~C2y,浜辺で色鮮やかな貝殻を拾った。,はまべでいろあざやかなかいがらをひろった。,해변에서 알록달록한 조개껍데기를 주웠다.
海峡,かいきょう,해협,JLPT_1 JLPT,]>=F#iS^qS,船は狭い海峡をゆっくり通過した。,ふねはせまいかいきょうをゆっくりつうかした。,배는 좁은 해협을 천천히 통과했다.
回顧,かいこ,회고,JLPT_1 JLPT,n&%?o`dWt@,晩年の作品を回顧する展覧会が開かれた。,ばんねんのさくひんをかいこするてんらんかいがひらかれた。,말년의 작품을 회고하는 전시회가 열렸다.
介護,かいご,간호,JLPT_1 JLPT,.6BM7i1V)!,祖父の介護を家族で分担している。,そふのかいごをかぞくでぶんたんしている。,할아버지 간병을 가족이 분담하고 있다.
回収,かいしゅう,회수,JLPT_1 JLPT,"9,QFRnS2}&",店は欠陥のある商品を直ちに回収した。,みせはけっかんのあるしょうひんをただちにかいしゅうした。,가게는 결함이 있는 상품을 즉시 회수했다.
怪獣,かいじゅう,괴수,JLPT_1 JLPT,4hD6%x+z&p,巨大な怪獣が街を壊す映画を見た。,きょだいなかいじゅうがまちをこわすえいがをみた。,거대한 괴수가 도시를 파괴하는 영화를 봤다.
解消,かいしょう,해소,JLPT_1 JLPT,A!;RQhWQw4,運動を始めて肩こりが解消した。,うんどうをはじめてかたこりがかいしょうした。,운동을 시작한 뒤 어깨 결림이 해소되었다.
改善,かいぜん,개선,JLPT_1 JLPT,SwOe!1e$Hi,利用者の声を基にサービスを改善した。,りようしゃのこえをもとにさーびすをかいぜんした。,이용자의 의견을 바탕으로 서비스를 개선했다.
開拓,かいたく,개척,JLPT_1 JLPT,-KHn(I5s0P,祖父は荒れ地を開拓して農場を築いた。,そふはあれちをかいたくしてのうじょうをきずいた。,할아버지는 황무지를 개척해 농장을 일구었다.
概略,がいりゃく,"개략, 대략",JLPT_1 JLPT,Z?]VbRbQM.,担当者が計画の概略を簡潔に説明した。,たんとうしゃがけいかくのがいりゃくをかんけつにせつめいした。,담당자가 계획의 개략을 간결하게 설명했다.
省みる,かえりみる,"돌이켜보다, 반성하다",JLPT_1 JLPT,l/YYI%R%4<,過去の失敗を省みて方針を改めた。,かこのしっぱいをかえりみてほうしんをあらためた。,과거의 실패를 되돌아보고 방침을 고쳤다.
輝く,かがやく,빛나다,JLPT_1 JLPT,F)yoTPnaU~,朝日を浴びて雪山が金色に輝いた。,あさひをあびてゆきやまがきんいろにかがやいた。,아침 햇살을 받아 설산이 금빛으로 빛났다.
垣根,かきね,울타리,JLPT_1 JLPT,67^$dm%%0z,隣家との境に低い垣根を設けた。,りんかとのさかいにひくいかきねをもうけた。,이웃집과의 경계에 낮은 울타리를 설치했다.
画一的,かくいつてき,획일적,JLPT_1 JLPT,IaVPjO[zDu,画一的な教育では個性が育ちにくい。,かくいつてきなきょういくではこせいがそだちにくい。,획일적인 교육으로는 개성이 자라기 어렵다.
架空,かくう,가공,JLPT_1 JLPT,Dm[7+M}[8C,この小説は架空の王国を舞台にしている。,このしょうせつはかくうのおうこくをぶたいにしている。,이 소설은 가상의 왕국을 배경으로 한다.
格差,かくさ,격차,JLPT_1 JLPT,#G8t+9j=b4,都市と地方の所得格差が広がっている。,としとちほうのしょとくかくさがひろがっている。,도시와 지방의 소득 격차가 벌어지고 있다.
各種,かくしゅ,각종,JLPT_1 JLPT,#k`QaAs+/N,売り場には各種の文房具がそろっている。,うりばにはかくしゅのぶんぼうぐがそろっている。,매장에는 각종 문구류가 갖춰져 있다.
駆ける,かける,"(전속력으로) 달리다, 뛰다",JLPT_1 JLPT,Q3rRsZ[{#5,馬が草原を風のように駆けていった。,うまがそうげんをかぜのようにかけていった。,말이 초원을 바람처럼 달려갔다.
火災,かさい,화재,JLPT_1 JLPT,"b,&*oRT|%o",火災に備えて避難経路を確認した。,かさいにそなえてひなんけいろをかくにんした。,화재에 대비해 대피 경로를 확인했다.
賢い,かしこい,현명하다,JLPT_1 JLPT,+/fYLgM3.7,分からないと言える人はむしろ賢い。,わからないといえるひとはむしろかしこい。,모른다고 말할 수 있는 사람이 오히려 현명하다.
稼ぐ,かせぐ,(돈을) 벌다,JLPT_1 JLPT,v|I;9$9y<2,彼はアルバイトをして学費を稼いだ。,かれはあるばいとをしてがくひをかせいだ。,그는 아르바이트를 해서 학비를 벌었다.
偏る,かたよる,치우치다,JLPT_1 JLPT,m@^Kt7&h8n,その記事は一方の主張に偏っている。,そのきじはいっぽうのしゅちょうにかたよっている。,그 기사는 한쪽 주장에 치우쳐 있다.
花壇,かだん,화단,JLPT_1 JLPT,G]TZS)qLVD,校庭の花壇にチューリップを植えた。,こうていのかだんにちゅーりっぷをうえた。,교정의 화단에 튤립을 심었다.
兼ねる,かねる,겸하다,JLPT_1 JLPT,<7WoBnbp*Z,この部屋は客間と書斎を兼ねている。,このへやはきゃくまとしょさいをかねている。,이 방은 객실과 서재를 겸하고 있다.
絡む,からむ,얽히다,JLPT_1 JLPT,"`e$Tn,RdwQ",複数の利害が複雑に絡む問題だ。,ふくすうのりがいがふくざつにからむもんだいだ。,여러 이해관계가 복잡하게 얽힌 문제다.
管轄,かんかつ,관할,JLPT_1 JLPT,"3C,i&S8bAu",この道路は県の管轄になっている。,このどうろはけんのかんかつになっている。,이 도로는 현의 관할이다.
干渉,かんしょう,간섭,JLPT_1 JLPT,.uvEmy*>^V,親が子供の進路に干渉しすぎてはいけない。,おやがこどものしんろにかんしょうしすぎてはいけない。,부모가 자녀의 진로에 지나치게 간섭해서는 안 된다.
頑丈,がんじょう,"튼튼함, 견고함",JLPT_1 JLPT,4OUj{+0aX/,この箱は落としても壊れないほど頑丈だ。,このはこはおとしてもこわれないほどがんじょうだ。,이 상자는 떨어뜨려도 부서지지 않을 만큼 튼튼하다.
鑑定,かんてい,(미술품 등의) 감정,JLPT_1 JLPT,&S]$R~qpZ1,専門家に古い掛け軸を鑑定してもらった。,せんもんかにふるいかけじくをかんていしてもらった。,전문가에게 오래된 족자를 감정받았다.
監督,かんとく,감독,JLPT_1 JLPT,U3=G5f2Wjf,新監督の下でチームは守備を強化した。,しんかんとくのもとでちーむはしゅびをきょうかした。,새 감독 아래에서 팀은 수비를 강화했다.
芳しくない,かんばしくない,"바람직하지 않다, 별로 좋지 않다",JLPT_1 JLPT,aIp/-I8mn@,新商品の売れ行きはあまり芳しくない。,しんしょうひんのうれゆきはあまりかんばしくない。,신상품의 판매 실적은 그다지 좋지 않다.
緩和,かんわ,완화,JLPT_1 JLPT,9R6cdX$yZ>,薬を飲むと痛みが少し緩和された。,くすりをのむといたみがすこしかんわされた。,약을 먹자 통증이 조금 완화되었다.
企業,きぎょう,기업,JLPT_1 JLPT,"9[yYj,6.;{",多くの企業が省エネ設備を導入した。,おおくのきぎょうがしょうえねせつびをどうにゅうした。,많은 기업이 에너지 절약 설비를 도입했다.
戯曲,ぎきょく,희곡,JLPT_1 JLPT,#{m!^}JgbL,その劇作家は歴史を題材に戯曲を書いた。,そのげきさっかはれきしをだいざいにぎきょくをかいた。,그 극작가는 역사를 소재로 희곡을 썼다.
既婚者,きこんしゃ,기혼자,JLPT_1 JLPT,[]>5{.=ecL,この保険は既婚者も独身者も加入できる。,このほけんはきこんしゃもどくしんしゃもかにゅうできる。,이 보험은 기혼자도 미혼자도 가입할 수 있다.
築く,きずく,쌓다,JLPT_1 JLPT,|H0%KfYZ[X,長年の努力で顧客との信頼を築いた。,ながねんのどりょくでこきゃくとのしんらいをきずいた。,오랜 노력으로 고객과의 신뢰를 쌓았다.
軌跡,きせき,궤적,JLPT_1 JLPT,U)}9NR3xHL,衛星の軌跡が画面に表示された。,えいせいのきせきががめんにひょうじされた。,위성의 궤적이 화면에 표시되었다.
偽造,ぎぞう,위조,JLPT_1 JLPT,WhT6SD_DyW,他人名義の契約書を偽造した疑いがある。,たにんめいぎのけいやくしょをぎぞうしたうたがいがある。,타인 명의의 계약서를 위조한 혐의가 있다.
厳しい,きびしい,"엄하다, 심하다",JLPT_1 JLPT,"xof${~<y,I",山頂では厳しい寒さが続いている。,さんちょうではきびしいさむさがつづいている。,산 정상에서는 혹독한 추위가 계속되고 있다.
寄附,きふ,기부,JLPT_1 JLPT,2VmY<-Lkju,被災地の学校に図書を寄附した。,ひさいちのがっこうにとしょをきふした。,재해 지역 학교에 도서를 기부했다.
義務,ぎむ,의무,JLPT_1 JLPT,QxT|i+j4#K,納税は国民に課された義務である。,のうぜいはこくみんにかされたぎむである。,납세는 국민에게 부과된 의무다.
脚本,きゃくほん,"각본, 대본",JLPT_1 JLPT,"?,y$XHw3UK",俳優たちは脚本を読みながら稽古した。,はいゆうたちはきゃくほんをよみながらけいこした。,배우들은 대본을 읽으며 연습했다.
救援,きゅうえん,구원,JLPT_1 JLPT,?_yKe+/btt,救援物資を積んだ車が被災地へ向かった。,きゅうえんぶっしをつんだくるまがひさいちへむかった。,구호 물자를 실은 차가 재해 지역으로 향했다.
丘陵,きゅうりょう,"구릉, 언덕",JLPT_1 JLPT,"rq),b1iqem",なだらかな丘陵に茶畑が広がっている。,なだらかなきゅうりょうにちゃばたけがひろがっている。,완만한 구릉에 차밭이 펼쳐져 있다.
凝縮,ぎょうしゅく,응축,JLPT_1 JLPT,_fHYt~gz#],果物の甘みを凝縮した濃厚なソースだ。,くだもののあまみをぎょうしゅくしたのうこうなそーすだ。,과일의 단맛을 응축한 진한 소스다.
行政,ぎょうせい,행정,JLPT_1 JLPT,`BTzWwo;3y,市の行政に住民の声を反映させる。,しのぎょうせいにじゅうみんのこえをはんえいさせる。,시 행정에 주민의 목소리를 반영한다.
驚嘆,きょうたん,경탄,JLPT_1 JLPT,"oM?It*h,n$",観客は彼女の見事な演技に驚嘆した。,かんきゃくはかのじょのみごとなえんぎにきょうたんした。,관객은 그녀의 훌륭한 연기에 감탄했다.
胸中,きょうちゅう,"흉중, 가슴 속, 심정",JLPT_1 JLPT,M$x#IW(_*-,彼の胸中には悔しさが渦巻いていた。,かれのきょうちゅうにはくやしさがうずまいていた。,그의 가슴속에는 분함이 소용돌이치고 있었다.
共鳴,きょうめい,"① 공명, 공진 ② 동감함, 공감함",JLPT_1 JLPT,"[d,&>Gurhn",彼女の理念に共鳴して活動に参加した。,かのじょのりねんにきょうめいしてかつどうにさんかした。,그녀의 이념에 공감해 활동에 참여했다.
拒否,きょひ,거부,JLPT_1 JLPT,6_td/s=@[7,会社は組合の要求を全面的に拒否した。,かいしゃはくみあいのようきゅうをぜんめんてきにきょひした。,회사는 노조의 요구를 전면 거부했다.
均衡,きんこう,균형,JLPT_1 JLPT,u/4(@1X1u^,需要と供給の均衡が崩れ始めた。,じゅようときょうきゅうのきんこうがくずれはじめた。,수요와 공급의 균형이 무너지기 시작했다.
緊迫,きんぱく,긴박함,JLPT_1 JLPT,"3iDf)&%;t,",両国の国境付近で緊迫した状態が続く。,りょうこくのこっきょうふきんできんぱくしたじょうたいがつづく。,양국의 국경 부근에서 긴박한 상태가 계속된다.
吟味,ぎんみ,"음미, 잘 조사하여 고름",JLPT_1 JLPT,"S?z,KU`Kg,",材料をよく吟味してから仕入れる。,ざいりょうをよくぎんみしてからしいれる。,재료를 꼼꼼히 살펴본 뒤 매입한다.
草花,くさばな,화초,JLPT_1 JLPT,EnO0yr[:PC,野山には春の草花が咲き始めた。,のやまにははるのくさばながさきはじめた。,들과 산에는 봄 화초가 피기 시작했다.
崩す,くずす,무너뜨리다,JLPT_1 JLPT,Vz}Lkf4u:(,体調を崩して三日間仕事を休んだ。,たいちょうをくずしてみっかかんしごとをやすんだ。,몸이 안 좋아져 사흘간 일을 쉬었다.
崩れる,くずれる,무너지다,JLPT_1 JLPT,aWoY$1nIMG,強風で積み上げた荷物が崩れた。,きょうふうでつみあげたにもつがくずれた。,강풍에 쌓아 둔 짐이 무너졌다.
砕ける,くだける,"부서지다, 깨지다",JLPT_1 JLPT,iPl>9nKgcs,古い皿が床に落ちて粉々に砕けた。,ふるいさらがゆかにおちてこなごなにくだけた。,낡은 접시가 바닥에 떨어져 산산이 깨졌다.
朽ち果てる,くちはてる,썩어 없어지다,JLPT_1 JLPT,wJqkLhrE9y,森の奥で朽ち果てた小屋を見つけた。,もりのおくでくちはてたこやをみつけた。,숲속에서 썩어 무너진 오두막을 발견했다.
覆す,くつがえす,뒤엎다,JLPT_1 JLPT,0:9enTfWO9,新たな証拠が有罪判決を覆した。,あらたなしょうこがゆうざいはんけつをくつがえした。,새로운 증거가 유죄 판결을 뒤집었다.
配る,くばる,나눠 주다,JLPT_1 JLPT,L%#R>Wru(q,駅前で通行人に広告を配った。,えきまえでつうこうにんにこうこくをくばった。,역 앞에서 행인들에게 광고지를 나눠 주었다.
工夫,くふう,"궁리, 고안",JLPT_1 JLPT,K6;oHQ|E]C,狭い部屋を広く使う工夫を凝らした。,せまいへやをひろくつかうくふうをこらした。,좁은 방을 넓게 쓰기 위한 궁리를 했다.
詳しい,くわしい,"상세하다, 자세하다",JLPT_1 JLPT,F^r3-EwR?H,姉はこの地域の歴史に詳しい。,あねはこのちいきのれきしにくわしい。,언니는 이 지역의 역사에 대해 잘 안다.
群衆,ぐんしゅう,군중,JLPT_1 JLPT,TU+lM2HVs?,群衆が広場を埋め尽くした。,ぐんしゅうがひろばをうめつくした。,군중이 광장을 가득 메웠다.
経緯,けいい,경위,JLPT_1 JLPT,"e*BLx}1oy,",事件が発覚した経緯を詳しく調べる。,じけんがはっかくしたけいいをくわしくしらべる。,사건이 발각된 경위를 자세히 조사한다.
傾斜する,けいしゃする,경사지다,JLPT_1 JLPT,W[EF1[T.TU,この道は海に向かって緩やかに傾斜している。,このみちはうみにむかってゆるやかにけいしゃしている。,이 길은 바다 쪽으로 완만하게 경사져 있다.
軽率,けいそつ,경솔함,JLPT_1 JLPT,9i&<$%%!er,確認せずに署名したのは軽率だった。,かくにんせずにしょめいしたのはけいそつだった。,확인하지 않고 서명한 것은 경솔했다.
欠陥,けっかん,결함,JLPT_1 JLPT,C[-l<-uy:e,設計上の欠陥が事故の原因になった。,せっけいじょうのけっかんがじこのげんいんになった。,설계상의 결함이 사고의 원인이 되었다.
欠乏,けつぼう,결핍,JLPT_1 JLPT,"A,L|pV*2z<",長い日照りで農村では水が欠乏している。,ながいひでりでのうそんではみずがけつぼうしている。,긴 가뭄으로 농촌에서는 물이 부족하다.
気配,けはい,"낌새, 기운",JLPT_1 JLPT,"=B,.2=Hw3l",玄関に誰かがいる気配を感じた。,げんかんにだれかがいるけはいをかんじた。,현관에 누군가 있는 기척을 느꼈다.
検閲,けんえつ,검열,JLPT_1 JLPT,}w21g_X*[U,独裁政権は報道に厳しい検閲を加えた。,どくさいせいけんはほうどうにきびしいけんえつをくわえた。,독재 정권은 보도에 엄격한 검열을 가했다.
嫌悪感,けんおかん,혐오감,JLPT_1 JLPT,yp/<cb!J.6,残酷な映像を見て強い嫌悪感を抱いた。,ざんこくなえいぞうをみてつよいけんおかんをいだいた。,잔혹한 영상을 보고 강한 혐오감을 느꼈다.
厳正,げんせい,엄정함,JLPT_1 JLPT,"<-)M1(4,V!",審判は規則に基づいて厳正に判定した。,しんぱんはきそくにもとづいてげんせいにはんていした。,심판은 규칙에 따라 엄정하게 판정했다.
顕著に,けんちょに,현저하게,JLPT_1 JLPT,(~k){rQbcQ,治療後は症状が顕著に改善した。,ちりょうごはしょうじょうがけんちょにかいぜんした。,치료 후에는 증상이 현저하게 개선되었다.
検討,けんとう,검토,JLPT_1 JLPT,VIMvL=ReX`,委員会は再発防止策を検討している。,いいんかいはさいはつぼうしさくをけんとうしている。,위원회는 재발 방지책을 검토하고 있다.
賢明,けんめい,현명함,JLPT_1 JLPT,x!>]V;<&*9,今は計画を延期するのが賢明だ。,いまはけいかくをえんきするのがけんめいだ。,지금은 계획을 연기하는 것이 현명하다.
行為,こうい,행위,JLPT_1 JLPT,"/-k2~,U<~f",他人を傷つける行為は許されない。,たにんをきずつけるこういはゆるされない。,남을 해치는 행위는 용납되지 않는다.
豪快,ごうかい,호쾌함,JLPT_1 JLPT,t|&{&V[hCz,彼は大きな魚を豪快にさばいた。,かれはおおきなさかなをごうかいにさばいた。,그는 큰 생선을 호쾌하게 손질했다.
貢献,こうけん,공헌,JLPT_1 JLPT,wC]yxTT&qf,この発明は医療の進歩に大きく貢献した。,このはつめいはいりょうのしんぽにおおきくこうけんした。,이 발명은 의료 발전에 크게 공헌했다.
香辛料,こうしんりょう,향신료,JLPT_1 JLPT,&&A#d]{4g?,カレーに数種類の香辛料を加えた。,かれーにすうしゅるいのこうしんりょうをくわえた。,카레에 여러 종류의 향신료를 넣었다.
強盗,ごうとう,강도,JLPT_1 JLPT,KeY;=~M0q`,銀行を襲った強盗が翌朝逮捕された。,ぎんこうをおそったごうとうがよくあさたいほされた。,은행을 습격한 강도가 다음 날 아침 체포되었다.
興奮,こうふん,흥분,JLPT_1 JLPT,;3[<M>VCnj,優勝が決まり観客は興奮に包まれた。,ゆうしょうがきまりかんきゃくはこうふんにつつまれた。,우승이 확정되자 관객들은 흥분에 휩싸였다.
巧妙な,こうみょうな,교묘함,JLPT_1 JLPT,W4c:BD^HdL,犯人は巧妙な手口で監視を逃れた。,はんにんはこうみょうなてぐちでかんしをのがれた。,범인은 교묘한 수법으로 감시를 피했다.
行楽地,こうらくち,행락지,JLPT_1 JLPT,O@?]EGLfKv,連休中は各地の行楽地が混雑する。,れんきゅうちゅうはかくちのこうらくちがこんざつする。,연휴에는 각지의 행락지가 붐빈다.
考慮,こうりょ,고려,JLPT_1 JLPT,"S(4s<,NF<0",安全性を考慮して経路を変更した。,あんぜんせいをこうりょしてけいろをへんこうした。,안전성을 고려해 경로를 변경했다.
高齢化,こうれいか,고령화,JLPT_1 JLPT,miz^=EK*Ar,高齢化に伴い介護の需要が増えている。,こうれいかにともないかいごのじゅようがふえている。,고령화에 따라 돌봄 수요가 늘고 있다.
枯渇,こかつ,고갈,JLPT_1 JLPT,K/G2w]L|L},長引く干ばつで貯水池が枯渇した。,ながびくかんばつでちょすいちがこかつした。,계속된 가뭄으로 저수지가 고갈되었다.
克服,こくふく,극복,JLPT_1 JLPT,"&,;Vf^<_Us",彼女は訓練を重ねて弱点を克服した。,かのじょはくんれんをかさねてじゃくてんをこくふくした。,그녀는 훈련을 거듭해 약점을 극복했다.
克明,こくめい,① 자세하고 꼼꼼함 ② 성실하고 정직함,JLPT_1 JLPT,;o$(o){Ey7,目撃者は犯人の特徴を克明に語った。,もくげきしゃははんにんのとくちょうをこくめいにかたった。,목격자는 범인의 특징을 상세히 말했다.
心地よい,ここちよい,기분이 상쾌하다(좋다),JLPT_1 JLPT,<SM@Fpt9m>,木陰を抜ける風が心地よい。,こかげをぬけるかぜがここちよい。,나무 그늘을 스치는 바람이 기분 좋다.
心遣い,こころづかい,"마음을 씀, 걱정함, 배려",JLPT_1 JLPT,@FJ>>ff(o%,さりげない心遣いがとてもうれしかった。,さりげないこころづかいがとてもうれしかった。,세심한 배려가 무척 기뻤다.
快い,こころよい,"상쾌하다, 기분 좋다",JLPT_1 JLPT,=>XZM-&Z6M,店員は返品の申し出を快く受け入れた。,てんいんはへんぴんのもうしでをこころよくうけいれた。,점원은 반품 요청을 흔쾌히 받아들였다.
故障,こしょう,고장,JLPT_1 JLPT,Mbk)*FIKw@,突然エンジンが故障して車が止まった。,とつぜんえんじんがこしょうしてくるまがとまった。,갑자기 엔진이 고장 나 차가 멈췄다.
小銭,こぜに,잔돈,JLPT_1 JLPT,KEaS4N4kl4,自動販売機で使う小銭を用意した。,じどうはんばいきでつかうこぜにをよういした。,자동판매기에서 쓸 잔돈을 준비했다.
誇張,こちょう,과장,JLPT_1 JLPT,Do`z)J.g8c,効果を誇張した広告に注意しよう。,こうかをこちょうしたこうこくにちゅういしよう。,효과를 과장한 광고를 주의하자.
込める,こめる,"담다, 포함하다",JLPT_1 JLPT,4<PpnDWBDC,花束に感謝の気持ちを込めた。,はなたばにかんしゃのきもちをこめた。,꽃다발에 감사의 마음을 담았다.
志す,こころざす,"지향하다, 지망하다",JLPT_1 JLPT,"m[lV-,lqct",彼は幼い頃から医師を志していた。,かれはおさないころからいしをこころざしていた。,그는 어릴 때부터 의사를 지망했다.
拒む,こばむ,거부하다,JLPT_1 JLPT,ubJTq&tS7h,村人は敵軍への協力を頑なに拒んだ。,むらびとはてきぐんへのきょうりょくをかたくなにこばんだ。,마을 사람들은 적군에 대한 협력을 완강히 거부했다.
雇用,こよう,고용,JLPT_1 JLPT,;hT`(wt/DS,工場の新設で地域の雇用が増えた。,こうじょうのしんせつでちいきのこようがふえた。,공장 신설로 지역 고용이 늘었다.
献立,こんだて,"식단, 메뉴",JLPT_1 JLPT,*KLSn;4d0D,栄養を考えて一週間の献立を立てる。,えいようをかんがえていっしゅうかんのこんだてをたてる。,영양을 고려해 일주일 식단을 짠다.
根底,こんてい,"근저, 밑바탕, 기초",JLPT_1 JLPT,vZ<4}<~:;},両者の主張は根底から食い違っている。,りょうしゃのしゅちょうはこんていからくいちがっている。,양측의 주장은 근본부터 엇갈린다.
混乱,こんらん,혼란,JLPT_1 JLPT,fBN6@pDtBr,突然の停電で駅構内が混乱した。,とつぜんのていでんでえきこうないがこんらんした。,갑작스러운 정전으로 역 구내가 혼란에 빠졌다.
採択,さいたく,채택,JLPT_1 JLPT,s|Gwzj7Z<K,議会は賛成多数で法案を採択した。,ぎかいはさんせいたすうでほうあんをさいたくした。,의회는 찬성 다수로 법안을 채택했다.
債務,さいむ,채무,JLPT_1 JLPT,qFsY_FuYW!,会社は多額の債務を抱えて倒産した。,かいしゃはたがくのさいむをかかえてとうさんした。,회사는 막대한 채무를 안고 도산했다.
遮る,さえぎる,"막다, 차단하다",JLPT_1 JLPT,`FUQe*pZQM,厚い雲が月の光を遮った。,あついくもがつきのひかりをさえぎった。,두꺼운 구름이 달빛을 가렸다.
裂く,さく,찢다,JLPT_1 JLPT,G9p0.fU/OF,古い布を細長く裂いてひもにした。,ふるいぬのをほそながくさいてひもにした。,낡은 천을 가늘고 길게 찢어 끈으로 만들었다.
削減,さくげん,삭감,JLPT_1 JLPT,!X8pvTDHkj,会社は経費を一割削減する方針だ。,かいしゃはけいひをいちわりさくげんするほうしんだ。,회사는 경비를 10퍼센트 삭감할 방침이다.
探る,さぐる,탐색하다,JLPT_1 JLPT,DTFN_0|t_9,警察は失踪者の行方を慎重に探った。,けいさつはしっそうしゃのゆくえをしんちょうにさぐった。,경찰은 실종자의 행방을 신중히 탐색했다.
避ける,さける,피하다,JLPT_1 JLPT,imb>+$mFNz,混雑を避けるため早朝に出発した。,こんざつをさけるためそうちょうにしゅっぱつした。,혼잡을 피하려고 이른 아침에 출발했다.
支える,ささえる,지탱하다,JLPT_1 JLPT,`[<*t:bvzj,多くの柱が古い屋根を支えている。,おおくのはしらがふるいやねをささえている。,많은 기둥이 낡은 지붕을 받치고 있다.
指図,さしず,"지시, 지휘",JLPT_1 JLPT,lV$7be4C.!,上司の指図どおりに荷物を運んだ。,じょうしのさしずどおりににもつをはこんだ。,상사의 지시대로 짐을 옮겼다.
錯覚,さっかく,착각,JLPT_1 JLPT,~86T1<_c^f,遠くの木を人影だと錯覚した。,とおくのきをひとかげだとさっかくした。,멀리 있는 나무를 사람 그림자로 착각했다.
殺菌,さっきん,살균,JLPT_1 JLPT,.3wOtLCFcY,調理器具を熱湯で殺菌する。,ちょうりきぐをねっとうでさっきんする。,조리 기구를 끓는 물로 살균한다.
諭す,さとす,잘 타이르다,JLPT_1 JLPT,"(|,Z/[^)9=",教師はけんかをした生徒を静かに諭した。,きょうしはけんかをしたせいとをしずかにさとした。,교사는 싸운 학생을 차분히 타일렀다.
裁く,さばく,"중재하다, 재판하다",JLPT_1 JLPT,IlmC:G@u<F,裁判官は証拠に基づいて被告を裁く。,さいばんかんはしょうこにもとづいてひこくをさばく。,재판관은 증거에 따라 피고를 재판한다.
寂しい,さびしい,쓸쓸하다,JLPT_1 JLPT,Yn-ap806Wi,一人で夕食を取るのは少し寂しい。,ひとりでゆうしょくをとるのはすこしさびしい。,혼자 저녁을 먹는 것은 조금 쓸쓸하다.
色彩,しきさい,"① 색채 ② 특색, 경향",JLPT_1 JLPT,JQ0gNb8qfJ,夕焼けが海を鮮やかな色彩で染めた。,ゆうやけがうみをあざやかなしきさいでそめた。,저녁노을이 바다를 선명한 색채로 물들였다.
自己,じこ,자기,JLPT_1 JLPT,g`m:TVRQ~H,自己の利益だけを優先してはいけない。,じこのりえきだけをゆうせんしてはいけない。,자신의 이익만 우선해서는 안 된다.
自粛,じしゅく,자숙,JLPT_1 JLPT,~6$4>sgSQB,大雪のため不要な外出を自粛した。,おおゆきのためふようながいしゅつをじしゅくした。,폭설 때문에 불필요한 외출을 자제했다.
姿勢,しせい,자세,JLPT_1 JLPT,0of!^QLwm<,背筋を伸ばして正しい姿勢を保つ。,せすじをのばしてただしいしせいをたもつ。,등을 펴고 바른 자세를 유지한다.
施設,しせつ,시설,JLPT_1 JLPT,IX|wtHl4)],駅前に新しい文化施設が完成した。,えきまえにあたらしいぶんかしせつがかんせいした。,역 앞에 새로운 문화 시설이 완공되었다.
事態,じたい,사태,JLPT_1 JLPT,TbBjV3;_$X,事態は予想以上に深刻化している。,じたいはよそういじょうにしんこくかしている。,사태는 예상보다 심각해지고 있다.
慕う,したう,"① 그리워하다, 연모하다 ② 우러르다",JLPT_1 JLPT,9B(.??Szq7,弟子たちは亡き師を今も慕っている。,でしだちはなきしをいまもしたっている。,제자들은 세상을 떠난 스승을 지금도 그리워한다.
慕われる,したわれる,존경받다,JLPT_1 JLPT,1ZC1=o`h`i,彼は温厚な人柄で部下から慕われている。,かれはおんこうなひとがらでぶかからしたわれている。,그는 온화한 인품으로 부하들에게 존경받고 있다.
実費,じっぴ,실비,JLPT_1 JLPT,1I&T7r.$a?,交通費は領収書と引き換えに実費で支給する。,こうつうひはりょうしゅうしょとひきかえにじっぴでしきゅうする。,교통비는 영수증과 교환하여 실비로 지급한다.
執筆,しっぴつ,집필,JLPT_1 JLPT,28y<JsVPM&,作家は十年かけて長編小説を執筆した。,さっかはじゅうねんかけてちょうへんしょうせつをしっぴつした。,작가는 10년에 걸쳐 장편소설을 집필했다.
芝居,しばい,"연극, 연기",JLPT_1 JLPT,6y**Z!h~jg,週末に友人と小さな劇場で芝居を見た。,しゅうまつにゆうじんとちいさなげきじょうでしばいをみた。,주말에 친구와 작은 극장에서 연극을 봤다.
視野,しや,시야,JLPT_1 JLPT,W0ds$)iiWy,海外で働いた経験から視野が広がった。,かいがいではたらいたけいけんからしやがひろがった。,해외에서 일한 경험으로 시야가 넓어졌다.
斜面,しゃめん,경사면,JLPT_1 JLPT,>wgrczi8Ov,雨で斜面が崩れ、道路が塞がれた。,あめでしゃめんがくずれ、どうろがふさがれた。,비로 경사면이 무너져 도로가 막혔다.
収益,しゅうえき,수익,JLPT_1 JLPT,kV5o?o%<^#,広告収入が会社の収益を支えている。,こうこくしゅうにゅうがかいしゃのしゅうえきをささえている。,광고 수입이 회사의 수익을 뒷받침하고 있다.
終始,しゅうし,"시종, 줄곧, 내내",JLPT_1 JLPT,sz7]-54=23,会議中、彼は終始無言だった。,かいぎちゅう、かれはしゅうしむごんだった。,회의 내내 그는 한마디도 하지 않았다.
重視,じゅうし,중시,JLPT_1 JLPT,;eP_gYxA(.,採用では経験より意欲を重視する。,さいようではけいけんよりいよくをじゅうしする。,채용에서는 경험보다 의욕을 중시한다.
充実,じゅうじつ,충실함,JLPT_1 JLPT,s0Z+Q0u?8N,研修内容が充実していて満足できた。,けんしゅうないようがじゅうじつしていてまんぞくできた。,연수 내용이 충실해서 만족스러웠다.
執着,しゅうちゃく,집착,JLPT_1 JLPT,&#/4c&8r5g,過去の栄光に執着すると前へ進めない。,かこのえいこうにしゅうちゃくするとまえへすすめない。,과거의 영광에 집착하면 앞으로 나아갈 수 없다.
柔軟,じゅうなん,유연함,JLPT_1 JLPT,Bmmy9KkG[9,予定の変更にも柔軟に対応してください。,よていのへんこうにもじゅうなんにたいおうしてください。,일정 변경에도 유연하게 대응해 주세요.
従来,じゅうらい,종래,JLPT_1 JLPT,PkbrY*RaI8,従来の方法では時間がかかりすぎる。,じゅうらいのほうほうではじかんがかかりすぎる。,기존 방식으로는 시간이 너무 오래 걸린다.
修行,しゅぎょう,"수행(불교 본도를 닦음, 학문·기예를 연마함)",JLPT_1 JLPT,"8(L*@fc#Q,",京都で五年間、料理人として修行した。,きょうとでごねんかん、りょうりにんとしてしゅぎょうした。,교토에서 5년간 요리사로 수련했다.
祝賀会,しゅくがかい,축하 모임,JLPT_1 JLPT,K~09{fJo61,受賞者を囲んで祝賀会が開かれた。,じゅしょうしゃをかこんでしゅくがかいがひらかれた。,수상자를 둘러싸고 축하 모임이 열렸다.
趣旨,しゅし,취지,JLPT_1 JLPT,&rP/Ib{@?`,募金活動の趣旨に賛同して寄付した。,ぼきんかつどうのしゅしにさんどうしてきふした。,모금 활동의 취지에 찬동해 기부했다.
縮小,しゅくしょう,축소,JLPT_1 JLPT,EMwVXMt;Q~,利用者の減少で路線が縮小された。,りようしゃのげんしょうでろせんがしゅくしょうされた。,이용자 감소로 노선이 축소되었다.
首相,しゅしょう,수상,JLPT_1 JLPT,5nelpqo]l@,首相は記者会見で新政策を発表した。,しゅしょうはきしゃかいけんでしんせいさくをはっぴょうした。,총리는 기자 회견에서 새 정책을 발표했다.
寿命,じゅみょう,수명,JLPT_1 JLPT,5Ob!VJ8~$[,丁寧に使えば機械の寿命が延びる。,ていねいにつかえばきかいのじゅみょうがのびる。,조심해서 사용하면 기계의 수명이 늘어난다.
樹木,じゅもく,수목,JLPT_1 JLPT,m<VN*-HHL+,公園の樹木を害虫から守る。,こうえんのじゅもくをがいちゅうからまもる。,공원의 나무를 해충으로부터 지킨다.
需要,じゅよう,수요,JLPT_1 JLPT,g%X$(IVQjS,暑い日は冷たい飲料の需要が高まる。,あついひはつめたいいんりょうのじゅようがたかまる。,더운 날에는 차가운 음료의 수요가 높아진다.
症状,しょうじょう,증상,JLPT_1 JLPT,"tHRkouO,G3",せきと高熱の症状が三日も続いた。,せきとこうねつのしょうじょうがみっかもつづいた。,기침과 고열 증상이 사흘이나 계속되었다.
承諾,しょうだく,승낙,JLPT_1 JLPT,H6CO2VN1/B,両親から留学の承諾を得た。,りょうしんからりゅうがくのしょうだくをえた。,부모님에게 유학 승낙을 받았다.
譲歩,じょうほ,양보,JLPT_1 JLPT,mIm.#~^<TR,互いに譲歩してようやく合意に達した。,たがいにじょうほしてようやくごういにたっした。,서로 양보하여 마침내 합의에 이르렀다.
奨励,しょうれい,장려,JLPT_1 JLPT,ht$:(qqK&S,市は自転車通勤を奨励している。,しはじてんしゃつうきんをしょうれいしている。,시는 자전거 통근을 장려하고 있다.
処罰,しょばつ,처벌,JLPT_1 JLPT,f++k/.Rm`P,規則に違反した選手は厳しく処罰された。,きそくにいはんしたせんしゅはきびしくしょばつされた。,규칙을 위반한 선수는 엄하게 처벌받았다.
視力,しりょく,시력,JLPT_1 JLPT,:SZY4%Vsuk,最近、急に視力が落ちて眼鏡を作った。,さいきん、きゅうにしりょくがおちてめがねをつくった。,최근 갑자기 시력이 떨어져 안경을 맞췄다.
神経,しんけい,신경,JLPT_1 JLPT,[yc>|zW}/U,彼は細かいことに神経を使いすぎる。,かれはこまかいことにしんけいをつかいすぎる。,그는 사소한 일에 너무 신경을 쓴다.
信仰,しんこう,신앙,JLPT_1 JLPT,V>(3;{@|!m,村人は昔から山の神を信仰してきた。,むらびとはむかしからやまのかみをしんこうしてきた。,마을 사람들은 예부터 산의 신을 믿어 왔다.
振興,しんこう,진흥,JLPT_1 JLPT,c[Prn_[YGO,地域産業の振興に力を入れている。,ちいきさんぎょうのしんこうにちからをいれている。,지역 산업 진흥에 힘을 쏟고 있다.
審査,しんさ,심사,JLPT_1 JLPT,$v~E@yxekw,応募作品は三段階の審査を受ける。,おうぼさくひんはさんだんかいのしんさをうける。,응모 작품은 세 단계의 심사를 받는다.
人材,じんざい,인재,JLPT_1 JLPT,lk-]%aEQc(,海外事業に詳しい人材を採用した。,かいがいじぎょうにくわしいじんざいをさいようした。,해외 사업에 정통한 인재를 채용했다.
真珠,しんじゅ,진주,JLPT_1 JLPT,rbNeS1[p3T,母から譲られた真珠の首飾りを着けた。,ははからゆずられたしんじゅのくびかざりをつけた。,어머니에게 물려받은 진주 목걸이를 착용했다.
迅速,じんそく,신속함,JLPT_1 JLPT,B(M@8!-g6{,事故の通報に迅速に対応した。,じこのつうほうにじんそくにたいおうした。,사고 신고에 신속하게 대응했다.
慎重,しんちょう,신중함,JLPT_1 JLPT,cuGQRJM|9+,重要な契約なので慎重に判断したい。,じゅうようなけいやくなのでしんちょうにはんだんしたい。,중요한 계약이므로 신중하게 판단하고 싶다.
辛抱,しんぼう,"참음, 인내",JLPT_1 JLPT,"!DE5o,#YY6",つらくても今月末まで辛抱しよう。,つらくてもこんげつまつまでしんぼうしよう。,힘들어도 이번 달 말까지 참자.
人脈,じんみゃく,인맥,JLPT_1 JLPT,nccFwg?GQJ,幅広い人脈を生かして協力者を集めた。,はばひろいじんみゃくをいかしてきょうりょくしゃをあつめた。,폭넓은 인맥을 활용해 협력자를 모았다.
遂行,すいこう,(계획·책임 등) 수행,JLPT_1 JLPT,&[R:9h~g0+,責任を持って計画を遂行する。,せきにんをもってけいかくをすいこうする。,책임감을 갖고 계획을 수행한다.
随時,ずいじ,수시,JLPT_1 JLPT,Ir+D:RSw2l,質問は随時受け付けています。,しつもんはずいじうけつけています。,질문은 수시로 받고 있습니다.
推進,すいしん,추진,JLPT_1 JLPT,Vvht2v(]Pl,政府は再生可能エネルギーの普及を推進する。,せいふはさいせいかのうえねるぎーのふきゅうをすいしんする。,정부는 재생 가능 에너지 보급을 추진한다.
崇高,すうこう,숭고함,JLPT_1 JLPT,].=7Q^LPf4,人命を救うという崇高な使命を胸に働く。,じんめいをすくうというすうこうなしめいをむねにはたらく。,인명을 구한다는 숭고한 사명을 품고 일한다.
崇拝,すうはい,숭배,JLPT_1 JLPT,}.Oj|jxQ$;,古代の人々は太陽を神として崇拝した。,こだいのひとびとはたいようをかみとしてすうはいした。,고대 사람들은 태양을 신으로 숭배했다.
透ける,すける,"비쳐 보이다, 들여다 보이다",JLPT_1 JLPT,8ty!0}!I=`,薄いカーテン越しに人影が透けて見える。,うすいかーてんごしにひとかげがすけてみえる。,얇은 커튼 너머로 사람 모습이 비쳐 보인다.
健やか,すこやか,"튼튼함, 건전함",JLPT_1 JLPT,.U~7C7ulX=,子供たちが健やかに育つことを願う。,こどもたちがすこやかにそだつことをねがう。,아이들이 건강하게 자라기를 바란다.
筋道,すじみち,"조리, 도리",JLPT_1 JLPT,RxxNL)DomI,感情ではなく筋道を立てて説明した。,かんじょうではなくすじみちをたててせつめいした。,감정에 치우치지 않고 조리 있게 설명했다.
勧める,すすめる,권하다,JLPT_1 JLPT,^&x91OzLNH,医師は毎日歩くことを父に勧めた。,いしはまいにちあるくことをちちにすすめた。,의사는 아버지에게 매일 걸을 것을 권했다.
廃れる,すたれる,"스러지다, 유행하지 않게 되다",JLPT_1 JLPT,pxK3jSzX|Y,手紙を書く習慣は次第に廃れてきた。,てがみをかくしゅうかんはしだいにすたれてきた。,편지를 쓰는 습관은 점차 사라져 왔다.
速やか,すみやか,"재빠름, 신속함",JLPT_1 JLPT,X9/*r`(3+[,異常を発見したら速やかに報告してください。,いじょうをはっけんしたらすみやかにほうこくしてください。,이상을 발견하면 신속히 보고해 주세요.
澄む,すむ,"맑다, 맑아지다",JLPT_1 JLPT,}eyckl^=<m,雨上がりの夜空がきれいに澄んでいる。,あめあがりのよぞらがきれいにすんでいる。,비가 갠 뒤 밤하늘이 맑게 개어 있다.
盛大,せいだい,성대함,JLPT_1 JLPT,XM]gVzgGB_,創立百周年の式典が盛大に行われた。,そうりつひゃくしゅうねんのしきてんがせいだいにおこなわれた。,창립 100주년 기념식이 성대하게 열렸다.
政府筋,せいふすじ,정부 소식통,JLPT_1 JLPT,P+1sQc&&.8,政府筋によると法案は来週提出される。,せいふすじによるとほうあんはらいしゅうていしゅつされる。,정부 소식통에 따르면 법안은 다음 주 제출된다.
誓約書,せいやくしょ,서약서,JLPT_1 JLPT,_x77De89Q6,入社時に秘密保持の誓約書を提出した。,にゅうしゃじにひみつほじのせいやくしょをていしゅつした。,입사할 때 비밀 유지 서약서를 제출했다.
施錠,せじょう,자물쇠를 채움,JLPT_1 JLPT,oO2K(a:vec,退室する際は窓を閉めて施錠してください。,たいしつするさいはまどをしめてせじょうしてください。,퇴실할 때는 창문을 닫고 잠가 주세요.
是正,ぜせい,시정(잘못된 것을 바로잡음),JLPT_1 JLPT,f`-MQ<hh){,不公平な待遇を早急に是正する。,ふこうへいなたいぐうをそうきゅうにぜせいする。,불공정한 처우를 조속히 바로잡는다.
絶叫,ぜっきょう,절규,JLPT_1 JLPT,dln%J[`?!g,暗闇から突然絶叫が聞こえた。,くらやみからとつぜんぜっきょうがきこえた。,어둠 속에서 갑자기 절규가 들렸다.
設置,せっち,설치,JLPT_1 JLPT,-*scIAi##B,玄関に防犯カメラを設置した。,げんかんにぼうはんかめらをせっちした。,현관에 방범 카메라를 설치했다.
折衷,せっちゅう,절충,JLPT_1 JLPT,zT)yO*qJ3`,和風と洋風を折衷した建物が並ぶ。,わふうとようふうをせっちゅうしたたてものがならぶ。,일본식과 서양식을 절충한 건물이 늘어서 있다.
迫る,せまる,① (시각) 다가오다 ② (상태) 직면하다,JLPT_1 JLPT,9>W/Y@wl)2,試験の日が目前に迫ってきた。,しけんのひがもくぜんにせまってきた。,시험 날이 눈앞으로 다가왔다.
前途,ぜんと,"전도, 앞길",JLPT_1 JLPT,_<}NOL+/cf,卒業生の前途に幸多かれと祈る。,そつぎょうせいのぜんとにさちおおかれといのる。,졸업생의 앞날에 행복이 가득하기를 빈다.
潜伏,せんぷく,잠복,JLPT_1 JLPT,/{.CJ{y52x,犯人は山小屋に潜伏していた。,はんにんはやまごやにせんぷくしていた。,범인은 산속 오두막에 잠복해 있었다.
相互,そうご,상호,JLPT_1 JLPT,Y7M#y>VQ21,相互の理解を深めるため交流を続ける。,そうごのりかいをふかめるためこうりゅうをつづける。,상호 이해를 깊게 하려고 교류를 이어 간다.
騒然とする,そうぜんとする,시끄럽다,JLPT_1 JLPT,T^/hTB`/=M,突然の発表に会場が騒然とした。,とつぜんのはっぴょうにかいじょうがそうぜんとした。,갑작스러운 발표에 회장이 술렁였다.
相場,そうば,시세,JLPT_1 JLPT,mm&}oN}l>>,この辺りの土地の相場を調べた。,このあたりのとちのそうばをしらべた。,이 근처 땅의 시세를 알아봤다.
添える,そえる,"첨부하다, 곁들이다",JLPT_1 JLPT,*3A/I*E%~T,贈り物に短い手紙を添えた。,おくりものにみじかいてがみをそえた。,선물에 짧은 편지를 덧붙였다.
束縛,そくばく,속박,JLPT_1 JLPT,p<Ge;6X)>],厳しい規則が選手を束縛している。,きびしいきそくがせんしゅをそくばくしている。,엄격한 규칙이 선수를 속박하고 있다.
損なう,そこなう,"파손하다, 상하게 하다",JLPT_1 JLPT,"A,-lSDs3&D",不用意な発言が会社の信用を損なった。,ふよういなはつげんがかいしゃのしんようをそこなった。,부주의한 발언이 회사의 신용을 훼손했다.
素材,そざい,소재,JLPT_1 JLPT,5?81.pKP[n,竹は軽くて丈夫な建築素材だ。,たけはかるくてじょうぶなけんちくそざいだ。,대나무는 가볍고 튼튼한 건축 소재다.
阻止,そし,저지,JLPT_1 JLPT,i3G%sU;LMQ,警備員が不審者の侵入を阻止した。,けいびいんがふしんしゃのしんにゅうをそしした。,경비원이 수상한 사람의 침입을 저지했다.
訴訟,そしょう,소송,JLPT_1 JLPT,<tbo#`@t;`,契約を巡る訴訟が三年も続いた。,けいやくをめぐるそしょうがさんねんもつづいた。,계약을 둘러싼 소송이 3년이나 계속되었다.
措置,そち,"조치, 조처",JLPT_1 JLPT,ne#g;:uGDr,政府は感染拡大を防ぐ措置を講じた。,せいふはかんせんかくだいをふせぐそちをこうじた。,정부는 감염 확산을 막기 위한 조치를 취했다.
率先,そっせん,솔선,JLPT_1 JLPT,/]ECMzl)Jc,班長が率先して会場を片付けた。,はんちょうがそっせんしてかいじょうをかたづけた。,반장이 솔선해서 행사장을 정리했다.
存続,そんぞく,존속,JLPT_1 JLPT,:jqfcjehK.,資金不足で事業の存続が危ぶまれている。,しきんぶそくでじぎょうのそんぞくがあやぶまれている。,자금 부족으로 사업의 존속이 위태롭다.
互いに,たがいに,"서로, 다 함께",JLPT_1 JLPT,g<Vkftm5AN,互いに名前を呼び合って親しくなった。,たがいになまえをよびあってしたしくなった。,서로 이름을 부르며 가까워졌다.
多岐にわたる,たきにわたる,여러 갈래에 걸치다,JLPT_1 JLPT,RbzEqu$Fmj,議題は教育から福祉まで多岐にわたる。,ぎだいはきょういくからふくしまでたきにわたる。,의제는 교육부터 복지까지 여러 분야에 걸친다.
妥協,だきょう,타협,JLPT_1 JLPT,St]PZ3G<wc,交渉の末、双方が妥協案を受け入れた。,こうしょうのすえ、そうほうがだきょうあんをうけいれた。,협상 끝에 양측이 타협안을 받아들였다.
卓越,たくえつ,"탁월, 뛰어남",JLPT_1 JLPT,=4ueG+v}zM,彼女は卓越した技術で観客を魅了した。,かのじょはたくえつしたぎじゅつでかんきゃくをみりょうした。,그녀는 탁월한 기술로 관객을 사로잡았다.
託す,たくす,맡기다,JLPT_1 JLPT,",Mc(AAeiXm",将来の判断を若い世代に託した。,しょうらいのはんだんをわかいせだいにたくした。,미래의 판단을 젊은 세대에게 맡겼다.
蓄える,たくわえる,"대비해 두다, 저장하다",JLPT_1 JLPT,N)#*<K6@RK,冬に備えて薪を十分に蓄えた。,ふゆにそなえてたきぎをじゅうぶんにたくわえた。,겨울에 대비해 장작을 충분히 비축했다.
漂う,ただよう,"떠돌다, 감돌다, 표류하다",JLPT_1 JLPT,+QZguIA:8z,台所から香ばしい匂いが漂ってくる。,だいどころからこうばしいにおいがただよってくる。,부엌에서 고소한 냄새가 풍겨 온다.
脱する,だっする,벗어나다,JLPT_1 JLPT,DC|d{S-m;4,長い不況を脱して景気が回復し始めた。,ながいふきょうをだっしてけいきがかいふくしはじめた。,긴 불황에서 벗어나 경기가 회복되기 시작했다.
秩序,ちつじょ,질서,JLPT_1 JLPT,Ow*DfQgT`~,列に並んで会場の秩序を守ってください。,れつにならんでかいじょうのちつじょをまもってください。,줄을 서서 행사장의 질서를 지켜 주세요.
治癒,ちゆ,치유,JLPT_1 JLPT,/D9S<K_5cR,傷の治癒にはしばらく時間がかかる。,きずのちゆにはしばらくじかんがかかる。,상처가 치유되는 데는 당분간 시간이 걸린다.
忠告,ちゅうこく,충고,JLPT_1 JLPT,=_;Ak@o`AB,医師の忠告を無視して働き続けた。,いしのちゅうこくをむししてはたらきつづけた。,의사의 충고를 무시하고 계속 일했다.
中旬,ちゅうじゅん,중순,JLPT_1 JLPT,IZl:fY^C8p,新製品は来月中旬に発売される。,しんせいひんはらいげつちゅうじゅんにはつばいされる。,신제품은 다음 달 중순에 출시된다.
彫刻,ちょうこく,조각,JLPT_1 JLPT,"@,E#BnDLG/",広場の中央に人物の彫刻が置かれている。,ひろばのちゅうおうにじんぶつのちょうこくがおかれている。,광장 중앙에 인물 조각상이 놓여 있다.
徴収,ちょうしゅう,징수,JLPT_1 JLPT,4`{};j?Su6,自治体が住民から税金を徴収する。,じちたいがじゅうみんからぜいきんをちょうしゅうする。,지방 자치 단체가 주민에게서 세금을 징수한다.
沈下,ちんか,"침하, 물속에 가라앉음",JLPT_1 JLPT,:;fv$=r&q=,地下水のくみ上げで地盤が沈下した。,ちかすいのくみあげでじばんがちんかした。,지하수 취수로 지반이 침하했다.
沈黙,ちんもく,침묵,JLPT_1 JLPT,S]@ui1o~{V,会場は一分間の沈黙に包まれた。,かいじょうはいっぷんかんのちんもくにつつまれた。,행사장은 1분간 침묵에 휩싸였다.
陳列,ちんれつ,진열,JLPT_1 JLPT,"U@#m00xs,/",店頭に季節の商品を美しく陳列した。,てんとうにきせつのしょうひんをうつくしくちんれつした。,매장 앞에 계절 상품을 아름답게 진열했다.
費やす,ついやす,소비하다,JLPT_1 JLPT,"F^MC5c&,I,",完成までに十年の歳月を費やした。,かんせいまでにじゅうねんのさいげつをついやした。,완성까지 10년이라는 세월을 들였다.
尽くす,つくす,"다하다, 애쓰다",JLPT_1 JLPT,Gd.y&:vw3A,父は長年家族のために尽くした。,ちちはながねんかぞくのためにつくした。,아버지는 오랫동안 가족을 위해 헌신했다.
償い,つぐない,"보상, 속죄",JLPT_1 JLPT,}X^c!z_&tJ,事故の償いとして治療費を負担した。,じこのつぐないとしてちりょうひをふたんした。,사고에 대한 보상으로 치료비를 부담했다.
告げる,つげる,알리다,JLPT_1 JLPT,^1})s?;dEq,鐘の音が正午を告げた。,かねのおとがしょうごをつげた。,종소리가 정오를 알렸다.
努めて,つとめて,"애써, 되도록",JLPT_1 JLPT,*[ZV`Hq&<+,努めて冷静に話し合うよう心掛けた。,つとめてれいせいにはなしあうようこころがけた。,되도록 냉정하게 대화하려고 마음썼다.
募る,つのる,① 모집하다 ② 더해지다,JLPT_1 JLPT,"CJuH`R?,.b",大会への参加者を広く募っている。,たいかいへのさんかしゃをひろくつのっている。,대회 참가자를 널리 모집하고 있다.
貫く,つらぬく,관철하다,JLPT_1 JLPT,44ngzS!Ekg,彼は最後まで自分の信念を貫いた。,かれはさいごまでじぶんのしんねんをつらぬいた。,그는 끝까지 자신의 신념을 관철했다.
提案,ていあん,제안,JLPT_1 JLPT,OUbAg;s70O,若手社員が新しい販売方法を提案した。,わかてしゃいんがあたらしいはんばいほうほうをていあんした。,젊은 사원이 새로운 판매 방식을 제안했다.
定義,ていぎ,정의,JLPT_1 JLPT,~W[|w}y0Vt,幸福の定義は人によって異なる。,こうふくのていぎはひとによってことなる。,행복의 정의는 사람마다 다르다.
邸宅,ていたく,저택,JLPT_1 JLPT,<j~pF8PNDu,郊外に立つ古い邸宅が公開された。,こうがいにたつふるいていたくがこうかいされた。,교외에 있는 오래된 저택이 공개되었다.
手軽に,てがるに,"간편하게, 손쉽게",JLPT_1 JLPT,O7Gxa{<!ZY,冷凍食品なら手軽に調理できる。,れいとうしょくひんならてがるにちょうりできる。,냉동식품이라면 간편하게 조리할 수 있다.
手際,てぎわ,"솜씨, 수완",JLPT_1 JLPT,"0+h]|bdQn,",職人の鮮やかな手際に見とれた。,しょくにんのあざやかなてぎわにみとれた。,장인의 능숙한 솜씨에 넋을 잃고 바라봤다.
徹底,てってい,"철저, 투철",JLPT_1 JLPT,>cKRtl58+6,原因を徹底して調査する必要がある。,げんいんをてっていしてちょうさするひつようがある。,원인을 철저히 조사할 필요가 있다.
徹夜,てつや,철야,JLPT_1 JLPT,"pL,-OwMG_)",試験前に徹夜して体調を崩した。,しけんまえにてつやしてたいちょうをくずした。,시험 전에 밤을 새워 몸이 안 좋아졌다.
転換,てんかん,전환,JLPT_1 JLPT,rg+&K:fIe3,会社は事業の中心を海外へ転換した。,かいしゃはじぎょうのちゅうしんをかいがいへてんかんした。,회사는 사업의 중심을 해외로 전환했다.
典型,てんけい,전형,JLPT_1 JLPT,FpZA+GZ9o=,これは初心者が陥る典型的な失敗だ。,これはしょしんしゃがおちいるてんけいてきなしっぱいだ。,이것은 초보자가 빠지는 전형적인 실수다.
伝統的,でんとうてき,전통적,JLPT_1 JLPT,"6IQg{=@,AA",祭りでは伝統的な衣装を身に着ける。,まつりではでんとうてきないしょうをみにつける。,축제에서는 전통 의상을 입는다.
添付,てんぷ,첨부,JLPT_1 JLPT,~apCCT6N/W,申請書に本人確認書類を添付した。,しんせいしょにほんにんかくにんしょるいをてんぷした。,신청서에 본인 확인 서류를 첨부했다.
陶器,とうき,"도기, 도자기",JLPT_1 JLPT,:iUh&!IQ3J,旅先で青い模様の陶器を買った。,たびさきであおいもようのとうきをかった。,여행지에서 파란 무늬의 도자기를 샀다.
踏襲する,とうしゅうする,"답습하다, 전철을 밟다",JLPT_1 JLPT,kMeH@[|JkE,新制度は従来の手順をそのまま踏襲している。,しんせいどはじゅうらいのてじゅんをそのままとうしゅうしている。,새 제도는 기존 절차를 그대로 답습하고 있다.
尊い,とうとい,"소중하다, 귀중하다",JLPT_1 JLPT,aI52m!)Z/D,人の命は何ものにも代えがたく尊い。,ひとのいのちはなにものにもかえがたくとうとい。,사람의 생명은 무엇과도 바꿀 수 없이 소중하다.
督促,とくそく,독촉,JLPT_1 JLPT,+d^M++|4v@,支払いが遅れたため督促状が届いた。,しはらいがおくれたためとくそくじょうがとどいた。,납부가 늦어져 독촉장이 도착했다.
滞る,とどこおる,"정체되다, 막히다",JLPT_1 JLPT,26M!:KXqwH,大雪で商品の配送が滞っている。,おおゆきでしょうひんのはいそうがとどこおっている。,폭설로 상품 배송이 지연되고 있다.
唱える,となえる,"외치다, 주장하다",JLPT_1 JLPT,"5=9guN$Q3,",市民団体は核兵器の廃絶を唱えた。,しみんだんたいはかくへいきのはいぜつをとなえた。,시민 단체는 핵무기 폐기를 주장했다.
隣,となり,이웃,JLPT_1 JLPT,FZ*SfrSU3q,電車で隣に座った人と話した。,でんしゃでとなりにすわったひととはなした。,전철에서 옆자리에 앉은 사람과 이야기했다.
乏しい,とぼしい,"부족하다, 가난하다",JLPT_1 JLPT,"orL#,u}:nA",この地域は雨が少なく水資源に乏しい。,このちいきはあめがすくなくみずしげんにとぼしい。,이 지역은 비가 적어 수자원이 부족하다.
取り除く,とりのぞく,제거하다,JLPT_1 JLPT,a6SZ]$[I.h,作業前に床の障害物を取り除いた。,さぎょうまえにゆかのしょうがいぶつをとりのぞいた。,작업 전에 바닥의 장애물을 제거했다.
泥沼,どろぬま,수렁,JLPT_1 JLPT,l~Asmk*#yl,交渉は長引き、抜け出せない泥沼に陥った。,こうしょうはながびき、ぬけだせないどろぬまにおちいった。,협상이 길어지며 빠져나올 수 없는 수렁에 빠졌다.
問屋,とんや,도매상,JLPT_1 JLPT,VH]WS.l{=&,この商品は問屋から直接仕入れている。,このしょうひんはとんやからちょくせつしいれている。,이 상품은 도매상에서 직접 들여온다.
苗,なえ,모종,JLPT_1 JLPT,"I5,4/ECn/5",畑にトマトの苗を等間隔で植えた。,はたけにとまとのなえをとうかんかくでうえた。,밭에 토마토 모종을 같은 간격으로 심었다.
眺める,ながめる,바라보다,JLPT_1 JLPT,g<.$UON4+9,窓から降り続く雪を静かに眺めた。,まどからふりつづくゆきをしずかにながめた。,창밖으로 계속 내리는 눈을 조용히 바라봤다.
慰める,なぐさめる,"달래다, 위로하다",JLPT_1 JLPT,JqVxR@cOYT,友人は落ち込んだ私を優しく慰めた。,ゆうじんはおちこんだわたしをやさしくなぐさめた。,친구는 풀이 죽은 나를 다정하게 위로했다.
嘆く,なげく,탄식하다,JLPT_1 JLPT,WUUmVDP7XC,住民は変わり果てた故郷の姿を嘆いた。,じゅうみんはかわりはてたふるさとのすがたをなげいた。,주민들은 완전히 변해 버린 고향의 모습을 한탄했다.
名残,なごり,"여운, 흔적",JLPT_1 JLPT,"-Mg@h,5Hf8",庭の隅にはまだ雪の名残がある。,にわのすみにはまだゆきのなごりがある。,정원 구석에는 아직 눈의 흔적이 남아 있다.
倣う,ならう,"모방하다, 따르다",JLPT_1 JLPT,QQK6d)2|<C,先輩のやり方に倣って資料を整理した。,せんぱいのやりかたにならってしりょうをせいりした。,선배의 방식을 따라 자료를 정리했다.
日夜,にちや,"① 밤낮 ② 언제나, 늘",JLPT_1 JLPT,",-NQh|Q~?)",研究者たちは日夜、新薬の開発に励んだ。,けんきゅうしゃたちはにちや、しんやくのかいはつにはげんだ。,연구자들은 밤낮으로 신약 개발에 힘썼다.
鈍い,にぶい,둔하다,JLPT_1 JLPT,&X#1=5%s:C,風邪を引いて味覚が鈍くなった。,かぜをひいてみかくがにぶくなった。,감기에 걸려 미각이 둔해졌다.
鈍る,にぶる,둔해지다,JLPT_1 JLPT,r?NLa(=(a1,寒さで指先の感覚が鈍ってきた。,さむさでゆびさきのかんかくがにぶってきた。,추위로 손끝의 감각이 둔해졌다.
如実に,にょじつに,"여실히, 있는 그대로",JLPT_1 JLPT,f+LN2es=z5,売上の減少が不況の影響を如実に示している。,うりあげのげんしょうがふきょうのえいきょうをにょじつにしめしている。,매출 감소가 불황의 영향을 여실히 보여 준다.
認識,にんしき,인식,JLPT_1 JLPT,"WK,uLV2SH1",双方の間には大きな認識のずれがある。,そうほうのあいだにはおおきなにんしきのずれがある。,양측 사이에는 큰 인식 차이가 있다.
忍耐,にんたい,인내,JLPT_1 JLPT,&Z+j7[_92j,長期の訓練には強い忍耐が求められる。,ちょうきのくんれんにはつよいにんたいがもとめられる。,장기간의 훈련에는 강한 인내가 요구된다.
縫う,ぬう,꿰매다,JLPT_1 JLPT,r3v7<wmmTH,破れた制服の袖を母が縫ってくれた。,やぶれたせいふくのそでをははがぬってくれた。,찢어진 교복 소매를 어머니가 꿰매 주셨다.
粘る,ねばる,끈덕지게 버티다,JLPT_1 JLPT,"XI9FUqU,bN",九回裏まで粘って同点に追いついた。,きゅうかいうらまでねばってどうてんにおいついた。,9회 말까지 버텨 동점을 만들었다.
狙う,ねらう,노리다,JLPT_1 JLPT,A-6!#:71qb,泥棒は留守の家を狙って侵入した。,どろぼうはるすのいえをねらってしんにゅうした。,도둑은 빈집을 노려 침입했다.
粘膜,ねんまく,점막,JLPT_1 JLPT,_hirf_~)wv,鼻の粘膜が乾燥して痛む。,はなのねんまくがかんそうしていたむ。,코 점막이 건조해 아프다.
臨む,のぞむ,임하다,JLPT_1 JLPT,k_JnV>qS7z,選手たちは決勝戦に万全の状態で臨んだ。,せんしゅたちはけっしょうせんにばんぜんのじょうたいでのぞんだ。,선수들은 완벽한 상태로 결승전에 임했다.
把握,はあく,파악,JLPT_1 JLPT,zu=yp$o3Ba,担当者が現場の状況を正確に把握した。,たんとうしゃがげんばのじょうきょうをせいかくにはあくした。,담당자가 현장 상황을 정확히 파악했다.
廃棄物,はいきぶつ,폐기물,JLPT_1 JLPT,%KvN.mZ&QR,工場から出る廃棄物を適切に処理する。,こうじょうからでるはいきぶつをてきせつにしょりする。,공장에서 나오는 폐기물을 적절히 처리한다.
背後,はいご,"등 뒤, 배후",JLPT_1 JLPT,G@ub[U!ZJz,事件の背後に大きな組織が存在する。,じけんのはいごにおおきなそしきがそんざいする。,사건의 배후에 큰 조직이 존재한다.
映える,はえる,"빛나다, 사진이 잘 받다",JLPT_1 JLPT,fRXiHnIWiA,白い皿に赤い料理がよく映える。,しろいさらにあかいりょうりがよくはえる。,흰 접시에 붉은 요리가 잘 돋보인다.
漠然,ばくぜん,막연함,JLPT_1 JLPT,"iwze^[-,uU",将来への漠然とした不安を抱えている。,しょうらいへのばくぜんとしたふあんをかかえている。,미래에 대한 막연한 불안을 안고 있다.
暴露,ばくろ,폭로,JLPT_1 JLPT,HGYJT^2Q/Z,内部文書の暴露で不正が明らかになった。,ないぶぶんしょのばくろでふせいがあきらかになった。,내부 문서 폭로로 부정행위가 드러났다.
励む,はげむ,"힘쓰다, 노력하다",JLPT_1 JLPT,Q4d]Z3{aL-,彼は毎朝早くから水泳の練習に励んでいる。,かれはまいあさはやくからすいえいのれんしゅうにはげんでいる。,그는 매일 아침 일찍부터 수영 연습에 힘쓰고 있다.
端,はし,"끝, 가장자리",JLPT_1 JLPT,e^J+(qi3Ji,机の端に置いた本が床に落ちた。,つくえのはしにおいたほんがゆかにおちた。,책상 끝에 놓은 책이 바닥에 떨어졌다.
派生,はせい,파생,JLPT_1 JLPT,F*9l2$3E|s,この言葉から多くの表現が派生した。,このことばからおおくのひょうげんがはせいした。,이 말에서 많은 표현이 파생되었다.
破損,はそん,파손,JLPT_1 JLPT,HtWY_R+^#7,配送中に箱の一部が破損した。,はいそうちゅうにはこのいちぶがはそんした。,배송 중에 상자 일부가 파손되었다.
鉢,はち,"화분, 사발",JLPT_1 JLPT,Bo^4BLH*pd,大きな鉢に観葉植物を植え替えた。,おおきなはちにかんようしょくぶつをうえかえた。,큰 화분에 관엽식물을 옮겨 심었다.
発掘,はっくつ,발굴,JLPT_1 JLPT,"#4-ER,P}uG",遺跡から貴重な土器が発掘された。,いせきからきちょうなどきがはっくつされた。,유적에서 귀중한 토기가 발굴되었다.
華やか,はなやか,화려함,JLPT_1 JLPT,"o/n,ci{O4d",会場は華やかな花で飾られていた。,かいじょうははなやかなはなでかざられていた。,행사장은 화려한 꽃으로 장식되어 있었다.
阻む,はばむ,"막다, 저지하다",JLPT_1 JLPT,4~Obq8q-B*,険しい岩壁が登山者の行く手を阻んだ。,けわしいがんぺきがとざんしゃのゆくてをはばんだ。,험한 암벽이 등산객의 앞길을 가로막았다.
浜辺,はまべ,바닷가,JLPT_1 JLPT,T$TP~@<qBw,子供たちは浜辺で砂の城を作った。,こどもたちははまべですなのしろをつくった。,아이들은 바닷가에서 모래성을 만들었다.
犯罪,はんざい,범죄,JLPT_1 JLPT,>u)EopzkDB,防犯カメラが犯罪の抑止に役立つ。,ぼうはんかめらがはんざいのよくしにやくだつ。,방범 카메라는 범죄 억제에 도움이 된다.
反射,はんしゃ,반사,JLPT_1 JLPT,jjOtRbn^4x,鏡が窓から差す光を反射した。,かがみがまどからさすひかりをはんしゃした。,거울이 창문으로 들어오는 빛을 반사했다.
繁殖,はんしょく,번식,JLPT_1 JLPT,HXh:0Kv[.B,暖かくなると害虫が急速に繁殖する。,あたたかくなるとがいちゅうがきゅうそくにはんしょくする。,날씨가 따뜻해지면 해충이 빠르게 번식한다.
万能,ばんのう,만능,JLPT_1 JLPT,?vBxyE+5l[,どんな病気にも効く万能薬はない。,どんなびょうきにもきくばんのうやくはない。,어떤 병에나 듣는 만능약은 없다.
被害者,ひがいしゃ,피해자,JLPT_1 JLPT,a2Gj;.{FQ0,被害者は法廷で当時の状況を語った。,ひがいしゃはほうていでとうじのじょうきょうをかたった。,피해자는 법정에서 당시 상황을 말했다.
悲惨,ひさん,비참함,JLPT_1 JLPT,|^Gy~#F327,戦争で町は悲惨な姿に変わった。,せんそうでまちはひさんなすがたにかわった。,전쟁으로 도시는 비참한 모습으로 변했다.
潜む,ひそむ,"숨어 있다, 잠재하다",JLPT_1 JLPT,z:$:SbepbQ,森には多くの危険が潜んでいる。,もりにはおおくのきけんがひそんでいる。,숲에는 많은 위험이 숨어 있다.
人影,ひとかげ,"사람의 그림자, 인적",JLPT_1 JLPT,Gdtq1>DGa`,暗い路地の奥に人影が見えた。,くらいろじのおくにひとかげがみえた。,어두운 골목 안쪽에 사람 모습이 보였다.
人柄,ひとがら,인품,JLPT_1 JLPT,/qphiwM6!>,面接では能力だけでなく人柄も見られる。,めんせつではのうりょくだけでなくひとがらもみられる。,면접에서는 능력뿐 아니라 인품도 평가한다.
人質,ひとじち,인질,JLPT_1 JLPT,B>bxcp-eAy,犯人は乗客を人質に取って立てこもった。,はんにんはじょうきゃくをひとじちにとってたてこもった。,범인은 승객을 인질로 잡고 농성했다.
微妙,びみょう,미묘함,JLPT_1 JLPT,"<+fK,j.<)L",二人の発言には微妙な違いがある。,ふたりのはつげんにはびみょうなちがいがある。,두 사람의 발언에는 미묘한 차이가 있다.
評判,ひょうばん,평판,JLPT_1 JLPT,ete*bYpsQ@,駅前の新しい店は評判がいい。,えきまえのあたらしいみせはひょうばんがいい。,역 앞의 새 가게는 평판이 좋다.
披露,ひろう,"피로, 공표함",JLPT_1 JLPT,.U>@*$QrYD,披露宴で新郎が得意な歌を披露した。,ひろうえんでしんろうがとくいなうたをひろうした。,피로연에서 신랑이 자신 있는 노래를 선보였다.
貧富,ひんぷ,빈부,JLPT_1 JLPT,|=kL|cFD?W,教育の機会が貧富で左右されてはならない。,きょういくのきかいがひんぷでさゆうされてはならない。,교육 기회가 빈부에 좌우되어서는 안 된다.
普及,ふきゅう,보급,JLPT_1 JLPT,0-n>bA7i9f,スマートフォンは短期間で広く普及した。,すまーとふぉんはたんきかんでひろくふきゅうした。,스마트폰은 짧은 기간에 널리 보급되었다.
侮辱,ぶじょく,모욕,JLPT_1 JLPT,/UMXn7;`b6,観客から侮辱的な言葉を浴びせられた。,かんきゃくからぶじょくてきなことばをあびせられた。,관객에게서 모욕적인 말을 들었다.
再び,ふたたび,"재차, 다시",JLPT_1 JLPT,Mz@hcY(t]B,十年後、二人は同じ場所で再び会った。,じゅうねんご、ふたりはおなじばしょでふたたびあった。,10년 뒤 두 사람은 같은 곳에서 다시 만났다.
負担,ふたん,부담,JLPT_1 JLPT,]w|fp.i}`_,家賃の値上げが家計の負担になっている。,やちんのねあげがかけいのふたんになっている。,집세 인상이 가계에 부담이 되고 있다.
復興,ふっこう,부흥,JLPT_1 JLPT,$e7;<;C@ub,住民が力を合わせて町の復興を進めた。,じゅうみんがちからをあわせてまちのふっこうをすすめた。,주민들이 힘을 합쳐 마을의 부흥을 추진했다.
赴任,ふにん,부임,JLPT_1 JLPT,`mL(?_J2^?,来月から大阪支社へ赴任することになった。,らいげつからおおさかししゃへふにんすることになった。,다음 달부터 오사카 지사로 부임하게 되었다.
腐敗,ふはい,부패,JLPT_1 JLPT,SD*[mPMqT[,暑さで冷蔵庫の食材が腐敗した。,あつさでれいぞうこのしょくざいがふはいした。,더위로 냉장고의 식재료가 부패했다.
不平等,ふびょうどう,불평등,JLPT_1 JLPT,<~6wuN}E3Y,性別による賃金の不平等をなくす。,せいべつによるちんぎんのふびょうどうをなくす。,성별에 따른 임금 불평등을 없앤다.
踏み場,ふみば,발 디딜 곳,JLPT_1 JLPT,%`6kV_0ssv,部屋は荷物だらけで踏み場もない。,へやはにもつだらけでふみばもない。,방은 짐투성이라 발 디딜 곳도 없다.
閉鎖,へいさ,폐쇄,JLPT_1 JLPT,[LOz)i%nH>,採算が取れず工場の閉鎖が決まった。,さいさんがとれずこうじょうのへいさがきまった。,수지가 맞지 않아 공장 폐쇄가 결정되었다.
別荘,べっそう,별장,JLPT_1 JLPT,UR*vFrC9|5,夏休みは湖畔の別荘で過ごした。,なつやすみはこはんのべっそうですごした。,여름휴가는 호숫가 별장에서 보냈다.
返済,へんさい,"반제, (빚을) 갚음",JLPT_1 JLPT,41vZKw]Lmt,借りたお金を毎月少しずつ返済する。,かりたおかねをまいつきすこしずつへんさいする。,빌린 돈을 매달 조금씩 갚는다.
変遷,へんせん,변천,JLPT_1 JLPT,|w&X46T5zQ,町並みの変遷を古い写真でたどる。,まちなみのへんせんをふるいしゃしんでたどる。,거리 풍경의 변천을 오래된 사진으로 더듬어 본다.
奉仕,ほうし,봉사,JLPT_1 JLPT,gxiLaYn6/i,休日は地域への奉仕として公園を清掃した。,きゅうじつはちいきへのほうしとしてこうえんをせいそうした。,휴일에는 지역 봉사의 일환으로 공원을 청소했다.
膨大,ぼうだい,방대함,JLPT_1 JLPT,"1D,ixgCQ&g",調査で膨大な量の資料が集まった。,ちょうさでぼうだいなりょうのしりょうがあつまった。,조사로 방대한 양의 자료가 모였다.
冒頭,ぼうとう,"모두, 서두",JLPT_1 JLPT,;fLj|=5wa`,司会者が番組の冒頭で趣旨を説明した。,しかいしゃがばんぐみのぼうとうでしゅしをせつめいした。,진행자가 프로그램 서두에서 취지를 설명했다.
豊富,ほうふ,풍부함,JLPT_1 JLPT,rg6+bQmjlX,この海には魚の種類が豊富だ。,このうみにはさかなのしゅるいがほうふだ。,이 바다에는 물고기 종류가 풍부하다.
抱負,ほうふ,포부,JLPT_1 JLPT,tDI2jSd*6$,新入社員が今後の抱負を力強く語った。,しんにゅうしゃがこんごのほうふをちからづよくかたった。,신입 사원이 앞으로의 포부를 힘차게 말했다.
飽和,ほうわ,포화,JLPT_1 JLPT,bVboY8Id5H,連休初日は高速道路が飽和状態になった。,れんきゅうしょにちはこうそくどうろがほうわじょうたいになった。,연휴 첫날 고속도로가 포화 상태가 되었다.
朗らか,ほがらか,명랑함,JLPT_1 JLPT,"01rj|,@i5j",祖母はいつも朗らかな笑顔で迎えてくれる。,そぼはいつもほがらかなえがおでむかえてくれる。,할머니는 언제나 밝은 미소로 맞아 주신다.
誇る,ほこる,자랑하다,JLPT_1 JLPT,e<#?0*saBF,この町は美しい海岸を誇っている。,このまちはうつくしいかいがんをほこっている。,이 도시는 아름다운 해안을 자랑한다.
墓地,ぼち,묘지,JLPT_1 JLPT,f3#OU@=@pX,丘の上に地域で最も古い墓地がある。,おかのうえにちいきでもっともふるいぼちがある。,언덕 위에 지역에서 가장 오래된 묘지가 있다.
滅ぶ,ほろぶ,멸망하다,JLPT_1 JLPT,_YS*1U=%[h,環境の変化に適応できない種は滅ぶ。,かんきょうのへんかにてきおうできないしゅはほろぶ。,환경 변화에 적응하지 못하는 종은 멸망한다.
本場,ほんば,본고장,JLPT_1 JLPT,=zqM(MyQF;,本場の職人からパン作りを学んだ。,ほんばのしょくにんからぱんづくりをまなんだ。,본고장의 장인에게 빵 만드는 법을 배웠다.
奔放な,ほんぽうな,(자유)분방한,JLPT_1 JLPT,uhlo_qp4v[,彼女は常識に縛られない奔放な作品を描く。,かのじょはじょうしきにしばられないほんぽうなさくひんをえがく。,그녀는 상식에 얽매이지 않는 자유분방한 작품을 그린다.
賄う,まかなう,"조달하다, 마련하다, 식사를 제공하다",JLPT_1 JLPT,L9<za!4C^x,会費だけで活動費のすべてを賄った。,かいひだけでかつどうひのすべてをまかなった。,회비만으로 활동비 전부를 충당했다.
紛らわしい,まぎらわしい,헷갈리기 쉽다,JLPT_1 JLPT,FVyqZt>50B,名前が似ていて紛らわしい商品が多い。,なまえがにていてまぎらわしいしょうひんがおおい。,이름이 비슷해 헷갈리기 쉬운 상품이 많다.
街角,まちかど,길모퉁이,JLPT_1 JLPT,"Jx,N#7?8yz",街角で懐かしい友人に偶然出会った。,まちかどでなつかしいゆうじんにぐうぜんであった。,길모퉁이에서 반가운 친구를 우연히 만났다.
磨く,みがく,닦다,JLPT_1 JLPT,5:0KiU|6>j,毎晩、柔らかい布で靴を磨く。,まいばん、やわらかいぬのでくつをみがく。,매일 밤 부드러운 천으로 구두를 닦는다.
自ら,みずから,스스로,JLPT_1 JLPT,C>w15Qo-bo,社長自ら被災地へ出向いて謝罪した。,しゃちょうみずからひさいちへでむいてしゃざいした。,사장이 직접 재해 지역을 찾아가 사과했다.
身近,みぢか,"자기 몸에 가까운 곳, 신변",JLPT_1 JLPT,U.:g8jz&E-,防災をもっと身近な問題として考えよう。,ぼうさいをもっとみぢかなもんだいとしてかんがえよう。,방재를 더 가까운 문제로 생각해 보자.
源,みなもと,"근원, 수원",JLPT_1 JLPT,|^]D4MtYpz,川の源を求めて山奥まで歩いた。,かわのみなもとをもとめてやまおくまであるいた。,강의 발원지를 찾아 깊은 산속까지 걸었다.
無言,むごん,"무언, 말이 없음",JLPT_1 JLPT,##.W*vXOs;,彼は質問に答えず無言で立ち去った。,かれはしつもんにこたえずむごんでたちさった。,그는 질문에 답하지 않고 말없이 떠났다.
矛盾,むじゅん,모순,JLPT_1 JLPT,Q*lrZcN%WA,彼の説明は前後で矛盾している。,かれのせつめいはぜんごでむじゅんしている。,그의 설명은 앞뒤가 모순된다.
無条件,むじょうけん,무조건,JLPT_1 JLPT,7A0PQ2}i30,会社は無条件で返品に応じた。,かいしゃはむじょうけんでへんぴんにおうじた。,회사는 조건 없이 반품을 받아들였다.
迷信,めいしん,미신,JLPT_1 JLPT,G(zu=l:W*l,迷信を信じて夜道を避けた。,めいしんをしんじてよみちをさけた。,미신을 믿고 밤길을 피했다.
名誉,めいよ,명예,JLPT_1 JLPT,*y~Du+=3uQ,彼は名誉ある賞を受けた。,かれはめいよあるしょうをうけた。,그는 영예로운 상을 받았다.
巡り,めぐり,"한바퀴 돎, 여기저기 돎, 순례",JLPT_1 JLPT,h*HE]Jyt=s,京都の寺巡りを楽しんだ。,きょうとのてらめぐりをたのしんだ。,교토의 절 순례를 즐겼다.
巡る,めぐる,① 돌다 ② 둘러싸다,JLPT_1 JLPT,{JXAw!Ssz0,季節はまた巡ってくる。,きせつはまためぐってくる。,계절은 다시 돌아온다.
網羅,もうら,망라,JLPT_1 JLPT,eBr17+|4`P,本書は主要な説を網羅している。,ほんしょはしゅようなせつをもうらしている。,이 책은 주요 학설을 망라하고 있다.
猛烈,もうれつ,맹렬함,JLPT_1 JLPT,dujH-{R<4T,猛烈な風が窓を揺らした。,もうれつなかぜがまどをゆらした。,맹렬한 바람이 창문을 흔들었다.
模索,もさく,모색,JLPT_1 JLPT,aEiD0q4X3<,新たな解決策を模索する。,あらたなかいけつさくをもさくする。,새로운 해결책을 모색한다.
戻す,もどす,되돌리다,JLPT_1 JLPT,&1QdH*+JpV,読んだ本を棚に戻した。,よんだほんをたなにもどした。,읽은 책을 선반에 돌려놓았다.
物事,ものごと,"세상사, 매사",JLPT_1 JLPT,uW9i|j5sEz,物事を冷静に判断しよう。,ものごとをれいせいにはんだんしよう。,매사를 냉정하게 판단하자.
模様,もよう,"모양, 무늬",JLPT_1 JLPT,GmMN7C(=6>,壁に花の模様を描いた。,かべにはなのもようをえがいた。,벽에 꽃무늬를 그렸다.
催す,もよおす,개최하다,JLPT_1 JLPT,)?=$m4o#;W,来月、駅前で祭りを催す。,らいげつ、えきまえでまつりをもよおす。,다음 달 역 앞에서 축제를 연다.
躍進,やくしん,약진(눈부시게 진출함),JLPT_1 JLPT,">L*%J[Y],f",新興企業の躍進が目立つ。,しんこうきぎょうのやくしんがめだつ。,신흥 기업의 약진이 두드러진다.
和らぐ,やわらぐ,누그러지다,JLPT_1 JLPT,ZS_}EHu32x,薬を飲むと痛みが和らいだ。,くすりをのむといたみがやわらいだ。,약을 먹자 통증이 누그러졌다.
由緒,ゆいしょ,유서,JLPT_1 JLPT,~I(AAae<T9,ここは由緒ある神社だ。,ここはゆいしょあるじんじゃだ。,이곳은 유서 깊은 신사다.
勇敢に,ゆうかんに,용감하게,JLPT_1 JLPT,[0I/wr|)K8,彼女は勇敢に敵へ立ち向かった。,かのじょはゆうかんにてきへたちむかった。,그녀는 용감하게 적에게 맞섰다.
融通,ゆうずう,① (돈의) 융통 ② 융통성,JLPT_1 JLPT,P-+[jX2vfh,彼は融通が利かない。,かれはゆうずうがきかない。,그는 융통성이 없다.
有望,ゆうぼう,유망함,JLPT_1 JLPT,tcRA[smO57,あの選手は将来有望だ。,あのせんしゅはしょうらいゆうぼうだ。,저 선수는 장래가 유망하다.
夕闇,ゆうやみ,"땅거미, 황혼",JLPT_1 JLPT,2Pq2}EFVW),夕闇が静かな町を包んだ。,ゆうやみがしずかなまちをつつんだ。,땅거미가 고요한 마을을 감쌌다.
幽霊,ゆうれい,유령,JLPT_1 JLPT,Y7nhX:H`z|,廃屋で幽霊を見たという。,はいおくでゆうれいをみたという。,폐가에서 유령을 봤다고 한다.
容易,ようい,용이함,JLPT_1 JLPT,KR]c2-E{4),この問題は容易に解ける。,このもんだいはよういにとける。,이 문제는 쉽게 풀 수 있다.
様相,ようそう,양상,JLPT_1 JLPT,u02_2`M{)x,争いは長期化の様相を呈した。,あらそいはちょうきかのようそうをていした。,분쟁은 장기화 양상을 띠었다.
余暇,よか,여가,JLPT_1 JLPT,)up(q@LG=I,余暇には陶芸を楽しんでいる。,よかにはとうげいをたのしんでいる。,여가에는 도예를 즐긴다.
装う,よそおう,① 치장하다 ② 가장하다,JLPT_1 JLPT,X`.pJ.vQ|8,平静を装って席に戻った。,へいせいをよそおってせきにもどった。,태연한 척하며 자리로 돌아왔다.
寮,りょう,기숙사,JLPT_1 JLPT,tv)AWqU0r0,大学の寮で二年間暮らした。,だいがくのりょうでにねんかんくらした。,대학 기숙사에서 2년간 살았다.
了解,りょうかい,"승낙, 납득, 양해",JLPT_1 JLPT,cssSyE$11*,事情は了解しました。,じじょうはりょうかいしました。,사정은 이해했습니다.
履歴,りれき,이력,JLPT_1 JLPT,!&ZQ&1DQWJ,応募者の履歴を確認する。,おうぼしゃのりれきをかくにんする。,지원자의 이력을 확인한다.
倫理的,りんりてき,윤리적,JLPT_1 JLPT,~k^G]aVTt$,倫理的な問題が残っている。,りんりてきなもんだいがのこっている。,윤리적인 문제가 남아 있다.
類似,るいじ,"유사, 비슷함",JLPT_1 JLPT,KBB39G32#/,二つの作品には類似点が多い。,ふたつのさくひんにはるいじてんがおおい。,두 작품에는 유사점이 많다.
連日,れんじつ,"연일, 매일",JLPT_1 JLPT,RG}m[>8=K!,連日の雨で川が増水した。,れんじつのあめでかわがぞうすいした。,연일 내린 비로 강물이 불어났다.
廊下,ろうか,복도,JLPT_1 JLPT,yK.e<g*v4f,廊下を走ってはいけない。,ろうかをはしってはいけない。,복도에서 뛰면 안 된다.
老衰,ろうすい,노쇠,JLPT_1 JLPT,yW0Xo?Ixn:,祖父は老衰で静かに亡くなった。,そふはろうすいでしずかになくなった。,할아버지는 노쇠로 조용히 돌아가셨다.
枠,わく,"틀, 테두리",JLPT_1 JLPT,*Alttcd>ej,写真を木の枠に入れた。,しゃしんをきのわくにいれた。,사진을 나무 액자에 넣었다.
枠内,わくない,테두리 안,JLPT_1 JLPT,$hUUigP&$P,費用は予算の枠内に収まった。,ひようはよさんのわくないにおさまった。,비용은 예산 범위 안에 들었다.
技,わざ,기술,JLPT_1 JLPT,$MxE|:!O^=,職人の技が光る作品だ。,しょくにんのわざがひかるさくひんだ。,장인의 솜씨가 빛나는 작품이다.
愛想,あいそ,붙임성,JLPT_1 JLPT,0aCRM.[A(7,店員は愛想よく客を迎えた。,てんいんはあいそよくきゃくをむかえた。,점원은 상냥하게 손님을 맞았다.
愛着,あいちゃく,애착,JLPT_1 JLPT,f:dMqy2O{&,古い机に強い愛着がある。,ふるいつくえにつよいあいちゃくがある。,낡은 책상에 강한 애착이 있다.
あえて,あえて,"감히, 굳이",JLPT_1 JLPT,nK$mtf}&Ka,あえて難しい道を選んだ。,あえてむずかしいみちをえらんだ。,굳이 어려운 길을 택했다.
あかす,あかす,"밝히다, 털어놓다",JLPT_1 JLPT,y`2=0~P*ST,彼は胸の内を友にあかした。,かれはむねのうちをともにあかした。,그는 속마음을 친구에게 털어놓았다.
あくどい,あくどい,"악랄하다, 악착같다",JLPT_1 JLPT,xyfUf9oID0,あくどい商売で利益を得た。,あくどいしょうばいでりえきをえた。,악랄한 장사로 이익을 얻었다.
足手まとい,あしでまとい,"거치적거림, 짐",JLPT_1 JLPT,%hfs@_%c2D,けが人の私が皆の足手まといになった。,けがにんのわたしがみんなのあしでまといになった。,다친 내가 모두에게 짐이 되었다.
足止めされる,あしどめされる,발이 묶이다,JLPT_1 JLPT,R.?t8@(^J^,大雪で空港に足止めされた。,おおゆきでくうこうにあしどめされた。,폭설로 공항에 발이 묶였다.
頭打ち,あたまうち,한계점에 이름,JLPT_1 JLPT,wH|C-4]Y?J,売り上げの伸びが頭打ちになった。,うりあげののびがあたまうちになった。,매출 증가세가 한계에 이르렀다.
あっけない,あっけない,"어이없다, 싱겁다",JLPT_1 JLPT,l.bK*.Qg2m,試合はあっけなく終わった。,しあいはあっけなくおわった。,경기는 싱겁게 끝났다.
あっさり,あっさり,"간단히, 깨끗이",JLPT_1 JLPT,<vjh7VuXuf,彼は頼みをあっさり断った。,かれはたのみをあっさりことわった。,그는 부탁을 단번에 거절했다.
圧倒,あっとう,압도,JLPT_1 JLPT,}40K6*x[/t,歌声で観客を圧倒した。,うたごえでかんきゃくをあっとうした。,노랫소리로 관객을 압도했다.
圧迫,あっぱく,압박,JLPT_1 JLPT,"D0V/dbD,{X",借金が家計を圧迫している。,しゃっきんがかけいをあっぱくしている。,빚이 가계를 압박하고 있다.
危ぶまれる,あやぶまれる,의심스럽다,JLPT_1 JLPT,Y.??Bbz+Xu,雨で開催が危ぶまれている。,あめでかいさいがあやぶまれている。,비 때문에 개최가 불투명하다.
あやふや,あやふや,"불확실함, 모호함",JLPT_1 JLPT,&KFDuf@7:u,返事をあやふやにした。,へんじをあやふやにした。,대답을 모호하게 했다.
誤る,あやまる,"실수하다, 잘못하다",JLPT_1 JLPT,YaJ<<;Pwz],操作を誤ると事故につながる。,そうさをあやまるとじこにつながる。,조작을 잘못하면 사고로 이어진다.
あらかじめ,あらかじめ,"미리, 사전에",JLPT_1 JLPT,"z23l,JR7,{",材料はあらかじめ切っておく。,ざいりょうはあらかじめきっておく。,재료는 미리 잘라 둔다.
改める,あらためる,고치다,JLPT_1 JLPT,D-*Vs_XnD2,悪い習慣を改める決心をした。,わるいしゅうかんをあらためるけっしんをした。,나쁜 습관을 고치기로 결심했다.
ありのままに,ありのままに,사실대로,JLPT_1 JLPT,{TIlM?4<xX,見たことをありのままに話した。,みたことをありのままにはなした。,본 것을 사실대로 말했다.
安静,あんせい,안정,JLPT_1 JLPT,5n|bj_/&@a,医者に一週間の安静を命じられた。,いしゃにいっしゅうかんのあんせいをめいじられた。,의사에게 일주일간 안정을 지시받았다.
言い張る,いいはる,우기다,JLPT_1 JLPT,{k3Jh;@^c-,彼は自分が正しいと言い張った。,かれはじぶんがただしいといいはった。,그는 자신이 옳다고 우겼다.
生かす,いかす,살리다,JLPT_1 JLPT,R=Y@`.n:cK,留学経験を仕事に生かす。,りゅうがくけいけんをしごとにいかす。,유학 경험을 일에 살린다.
いかにも,いかにも,"정말, 매우",JLPT_1 JLPT,"q2]i;,i23C",いかにも彼らしい発言だ。,いかにもかれらしいはつげんだ。,정말 그다운 발언이다.
異色,いしょく,"이색적임, 색다름",JLPT_1 JLPT,1w%Zxv]%F-,若手中心の異色の内閣だ。,わかてちゅうしんのいしょくのないかくだ。,젊은 층 중심의 이색적인 내각이다.
いじる,いじる,만지작거리다,JLPT_1 JLPT,"X),Jl`*3za",濡れた手で機械をいじるな。,ぬれたてできかいをいじるな。,젖은 손으로 기계를 만지지 마라.
一任,いちにん,일임,JLPT_1 JLPT,<s^lzlVi!*,交渉は代理人に一任した。,こうしょうはだいりにんにいちにんした。,협상은 대리인에게 일임했다.
一面,いちめん,① 일면 ② 온통,JLPT_1 JLPT,Pzg+Pve[[Z,野原一面に花が咲いた。,のはらいちめんにはながさいた。,들판 온통에 꽃이 피었다.
一連,いちれん,① 일련 ② 일행,JLPT_1 JLPT,XOo:x4vk{D,一連の事件を詳しく調べる。,いちれんのじけんをくわしくしらべる。,일련의 사건을 자세히 조사한다.
一環,いっかん,일환,JLPT_1 JLPT,]k{ygyfFgl,制度の見直しを改革の一環として行う。,せいどのみなおしをかいかくのいっかんとしておこなう。,제도 재검토를 개혁의 일환으로 실시한다.
一挙に,いっきょに,"일거에, 단숨에",JLPT_1 JLPT,HVa|0<e!YY,問題を一挙に解決した。,もんだいをいっきょにかいけつした。,문제를 단숨에 해결했다.
逸材,いつざい,우수한 인재,JLPT_1 JLPT,t5%7~YBo.a,彼は十年に一人の逸材だ。,かれはじゅうねんにひとりのいつざいだ。,그는 십 년에 한 번 나올 인재다.
いっそ,いっそ,차라리,JLPT_1 JLPT,(m/SIp+b~S,待つより、いっそ歩こう。,まつより、いっそあるこう。,기다리느니 차라리 걷자.
一掃する,いっそうする,일소하다,JLPT_1 JLPT,AZflOac_Je,古い制度を一掃する。,ふるいせいどをいっそうする。,낡은 제도를 일소한다.
逸脱する,いつだつする,벗어나다,JLPT_1 JLPT,&.1_LiJ{Ud,議論が本題から逸脱した。,ぎろんがほんだいからいつだつした。,논의가 본론에서 벗어났다.
意図,いと,의도,JLPT_1 JLPT,"c5e,T7TQ2s",質問の意図をくみ取った。,しつもんのいとをくみとった。,질문의 의도를 헤아렸다.
いとも,いとも,"매우, 아주",JLPT_1 JLPT,98Z*@Xmv9!,彼はいとも簡単に壁を越えた。,かれはいともかんたんにかべをこえた。,그는 아주 쉽게 벽을 넘었다.
いやらしい,いやらしい,불쾌하다,JLPT_1 JLPT,)oXNGTu+Hx,いやらしい目で人を見るな。,いやらしいめでひとをみるな。,음흉한 눈빛으로 사람을 보지 마라.
意欲,いよく,의욕,JLPT_1 JLPT,"OO,h2-F}K(",学ぶ意欲に満ちている。,まなぶいよくにみちている。,배우려는 의욕이 넘친다.
ウイルス,ウイルス,바이러스,JLPT_1 JLPT,W@kN:8.&P;,未知のウイルスが広がった。,みちのういるすがひろがった。,미지의 바이러스가 퍼졌다.
ウェイト,ウェイト,"무게, 중점(=ウエート)",JLPT_1 JLPT,[!wVwcO(gy,品質にウェイトを置く。,ひんしつにうぇいとをおく。,품질에 중점을 둔다.
受け入れる,うけいれる,받아들이다,JLPT_1 JLPT,Bwt`5t&b<k,異なる意見も受け入れる。,ことなるいけんもうけいれる。,다른 의견도 받아들인다.
受ける,うける,받다,JLPT_1 JLPT,3eGo%$}xXp,明日、面接を受ける。,あした、めんせつをうける。,내일 면접을 본다.
うすうす,うすうす,"어렴풋이, 짐작으로",JLPT_1 JLPT,>4pq8s5q>#,失敗しそうだとうすうす感じていた。,しっぱいしそうだとうすうすかんじていた。,실패할 것 같다고 어렴풋이 느끼고 있었다.
うずうずしている,うずうずしている,몸이 쑤시다,JLPT_1 JLPT,(*qs;_jiY#,早く走りたくてうずうずしている。,はやくはしりたくてうずうずしている。,빨리 달리고 싶어 몸이 근질거린다.
うっかり,うっかり,깜빡,JLPT_1 JLPT,"369AJ,Z6j@",うっかり鍵を家に忘れた。,うっかりかぎをいえにわすれた。,깜빡 열쇠를 집에 두고 왔다.
うっとうしい,うっとうしい,① (기분·날씨) 울적하고 답답하다 ② 귀찮다,JLPT_1 JLPT,UfHyP7LV[:,雨続きで気分がうっとうしい。,あめつづきできぶんがうっとうしい。,비가 계속돼 기분이 답답하다.
腕前,うでまえ,"솜씨, 역량",JLPT_1 JLPT,<S)n`:8MjC,料理の腕前を披露した。,りょうりのうでまえをひろうした。,요리 솜씨를 선보였다.
うなぎのぼり,うなぎのぼり,빠르게 올라감,JLPT_1 JLPT,$f=YDJy[8M,原材料の高騰で物価はうなぎのぼりだ。,げんざいりょうのこうとうでぶっかはうなぎのぼりだ。,원자재 가격 급등으로 물가가 가파르게 오르고 있다.
うぬぼれる,うぬぼれる,자만하다,JLPT_1 JLPT,:J}lM=-Wd!,少し褒められてうぬぼれた。,すこしほめられてうぬぼれた。,조금 칭찬받았다고 자만했다.
運用,うんよう,운용,JLPT_1 JLPT,I;MIHB)sH6,基金を適切に運用する。,ききんをてきせつにうんようする。,기금을 적절히 운용한다.
閲覧室,えつらんしつ,열람실,JLPT_1 JLPT,KQ.]a3uS%b,閲覧室では静かにしてください。,えつらんしつではしずかにしてください。,열람실에서는 조용히 해 주세요.
エレガント,エレガント,우아함,JLPT_1 JLPT,!%0#Y1`=tx,彼女はエレガントな服を選んだ。,かのじょはえれがんとなふくをえらんだ。,그녀는 우아한 옷을 골랐다.
円満,えんまん,원만함,JLPT_1 JLPT,c[l[^t2`ao,二人は円満に離婚した。,ふたりはえんまんにりこんした。,두 사람은 원만하게 이혼했다.
負う,おう,① 짊어지다 ② 혜택을 입다,JLPT_1 JLPT,5}`3[Amvfr,失敗の責任を負う。,しっぱいのせきにんをおう。,실패의 책임을 진다.
応急,おうきゅう,응급,JLPT_1 JLPT,mMGYI8$BZK,傷口に応急処置を施した。,きずぐちにおうきゅうしょちをほどこした。,상처에 응급처치를 했다.
旺盛,おうせい,왕성,JLPT_1 JLPT,=B}UznXAeC,祖母は今も食欲旺盛だ。,そぼはいまもしょくよくおうせいだ。,할머니는 지금도 식욕이 왕성하다.
大筋,おおすじ,"대강, 대략, 요점",JLPT_1 JLPT,SS;54vhvJa,計画の大筋が固まった。,けいかくのおおすじがかたまった。,계획의 큰 줄기가 정해졌다.
オーバー,オーバー,"초과, 오버",JLPT_1 JLPT,bE8&<Zs?X;,予算を大幅にオーバーした。,よさんをおおはばにおーばーした。,예산을 크게 초과했다.
おおかた,おおかた,"거의, 대강",JLPT_1 JLPT,30@A>[_FY},参加者はおおかた帰った。,さんかしゃはおおかたかえった。,참가자는 거의 돌아갔다.
大げさ,おおげさ,"과장됨, 야단스러움",JLPT_1 JLPT,;Ko$OpQ4c6,そんなに大げさに騒ぐな。,そんなにおおげさにさわぐな。,그렇게 야단스럽게 굴지 마라.
おおまか,おおまか,"대범함, 대충",JLPT_1 JLPT,{mDc@S-Ac-,まず、おおまかな日程を決める。,まず、おおまかなにっていをきめる。,우선 대략적인 일정을 정한다.
おおらか,おおらか,대범하고 느긋함,JLPT_1 JLPT,ix9<AtIbAR,父はおおらかな性格だ。,ちちはおおらかなせいかくだ。,아버지는 대범하고 느긋한 성격이다.
おさまる,おさまる,잠잠해지다,JLPT_1 JLPT,+0s4:2$HWa,騒ぎはようやくおさまった。,さわぎはようやくおさまった。,소동은 마침내 잠잠해졌다.
おどおど,おどおど,쭈뼛쭈뼛,JLPT_1 JLPT,lVVq1;4Tf:,少年は警官の前でおどおどした。,しょうねんはけいかんのまえでおどおどした。,소년은 경찰 앞에서 쭈뼛거렸다.
おびただしい,おびただしい,(수·양) 엄청나다,JLPT_1 JLPT,|cf4);Ch[O,浜におびただしい魚が打ち上がった。,はまにおびただしいさかながうちあがった。,해변에 엄청난 수의 물고기가 떠밀려 왔다.
おもむき,おもむき,"풍취, 멋",JLPT_1 JLPT,Co(q1Mfnsf,古い町並みに独特のおもむきがある。,ふるいまちなみにはどくとくのおもむきがある。,오래된 거리에 독특한 정취가 있다.
及ぼす,およぼす,(영향) 미치다,JLPT_1 JLPT,YGMOZW84o.,騒音は健康にも害を及ぼす。,そうおんはけんこうにもがいをおよぼす。,소음은 건강에도 해를 끼친다.
おろか,おろか,어리석음,JLPT_1 JLPT,"P3kUeVI,So",同じ過ちを繰り返すとはおろかだ。,おなじあやまちをくりかえすとはおろかだ。,같은 잘못을 반복하다니 어리석다.
おろそか,おろそか,소홀함,JLPT_1 JLPT,gB7z]e}*@U,安全確認をおろそかにするな。,あんぜんかくにんをおろそかにするな。,안전 확인을 소홀히 하지 마라.
快挙,かいきょ,쾌거,JLPT_1 JLPT,tV;N%6u(o!,初出場で優勝するという快挙を成し遂げた。,はつしゅつじょうでゆうしょうするというかいきょをなしとげた。,첫 출전에서 우승하는 쾌거를 이뤘다.
改修,かいしゅう,"개수, 수리",JLPT_1 JLPT,>d8EyTGg_T,老朽化した校舎を改修する。,ろうきゅうかしたこうしゃをかいしゅうする。,노후한 교사를 보수한다.
解除,かいじょ,해제,JLPT_1 JLPT,9W$W{}H[x$,暗証番号を入れてロックを解除した。,あんしょうばんごうをいれてろっくをかいじょした。,비밀번호를 입력해 잠금을 해제했다.
会心,かいしん,"회심, 마음에 듦",JLPT_1 JLPT,9=boki>ghm,会心の一打で試合を決めた。,かいしんのいちだでしあいをきめた。,회심의 일타로 경기를 결정지었다.
概説,がいせつ,개설,JLPT_1 JLPT,d$I)(aB~!b,冒頭で研究の歴史を概説した。,ぼうとうでけんきゅうのれきしをがいせつした。,서두에서 연구의 역사를 개괄했다.
(改訂)版,(かいてい)ばん,(개정)판,JLPT_1 JLPT,t{NG;+b~a[,辞書の改訂版が来月出る。,じしょのかいていばんがらいげつでる。,사전 개정판이 다음 달 나온다.
該当,がいとう,해당,JLPT_1 JLPT,"l#vI,!H-5@",条件に該当する人を選ぶ。,じょうけんにがいとうするひとをえらぶ。,조건에 해당하는 사람을 고른다.
介入,かいにゅう,개입,JLPT_1 JLPT,8oJD~.&2!3,政府が民間取引に介入した。,せいふがみんかんとりひきにかいにゅうした。,정부가 민간 거래에 개입했다.
概念,がいねん,개념,JLPT_1 JLPT,"-vIq(,5c4T",子供には時間の概念がまだ薄い。,こどもにはじかんのがいねんがまだうすい。,아이에게는 시간 개념이 아직 희박하다.
介抱,かいほう,"간호, 병구완",JLPT_1 JLPT,kU?s`IwfKl,倒れた老人を皆で介抱した。,たおれたろうじんをみんなでかいほうした。,쓰러진 노인을 모두가 돌봤다.
顔が広い,かおがひろい,발이 넓다,JLPT_1 JLPT,$IVY&{!{I@,叔父は顔が広く、知り合いが多い。,おじはかおがひろく、しりあいがおおい。,삼촌은 발이 넓어 아는 사람이 많다.
掲げる,かかげる,"내걸다, 내세우다",JLPT_1 JLPT,"ZLn@Sd2=K,",店頭に新商品の旗を掲げた。,てんとうにしんしょうひんのはたをかかげた。,매장 앞에 신상품 깃발을 내걸었다.
確実,かくじつ,확실함,JLPT_1 JLPT,dVy11w~%4o,確実な方法を選びたい。,かくじつなほうほうをえらびたい。,확실한 방법을 택하고 싶다.
革新,かくしん,혁신,JLPT_1 JLPT,]e3t#~7Iy7,技術革新が暮らしを変えた。,ぎじゅつかくしんがくらしをかえた。,기술 혁신이 삶을 바꿨다.
確保,かくほ,확보,JLPT_1 JLPT,m~ED`pmiI8,避難経路を確保してください。,ひなんけいろをかくほしてください。,대피 경로를 확보해 주세요.
駆けつける,かけつける,"서둘러 가다, 급히 달려가다",JLPT_1 JLPT,Z+/3r-e|@%,知らせを聞いて病院へ駆けつけた。,しらせをきいてびょういんへかけつけた。,소식을 듣고 병원으로 급히 달려갔다.
可決される,かけつされる,가결되다,JLPT_1 JLPT,unyG!x_Y7E,予算案は賛成多数で可決された。,よさんあんはさんせいたすうでかけつされた。,예산안은 찬성 다수로 가결됐다.
加減,かげん,"가감, 조절",JLPT_1 JLPT,8D8WG3KR5+,火加減を弱くしてください。,ひかげんをよわくしてください。,불 조절을 약하게 해 주세요.
加工,かこう,가공,JLPT_1 JLPT,@$EGA}c6ne,工場で木材を加工する。,こうじょうでもくざいをかこうする。,공장에서 목재를 가공한다.
かさばる,かさばる,부피가 커지다,JLPT_1 JLPT,)|(hY~BRt<,冬服は厚くてかさばる。,ふゆふくはあつくてかさばる。,겨울옷은 두꺼워서 부피가 크다.
過疎,かそ,과소(지나치게 성김),JLPT_1 JLPT,",{q2-r|b[D",若者の流出で過疎が進んだ。,わかもののりゅうしゅつでかそがすすんだ。,젊은이들의 유출로 과소화가 진행됐다.
かたわら,かたわら,"옆, 곁",JLPT_1 JLPT,ZJJvVw0CpT,教師をするかたわら小説も書く。,きょうしをするかたわらしょうせつもかく。,교사로 일하는 한편 소설도 쓴다.
かつ,かつ,"동시에, 한편",JLPT_1 JLPT,-|&7]ULgse,この靴は軽く、かつ丈夫だ。,このくつはかるく、かつじょうぶだ。,이 신발은 가볍고 동시에 튼튼하다.
画期的,かっきてき,획기적임,JLPT_1 JLPT,zOG6H5+lC9,画期的な治療法が開発された。,かっきてきなちりょうほうがかいはつされた。,획기적인 치료법이 개발됐다.
合併,がっぺい,합병,JLPT_1 JLPT,C^SplQ%U!?,二社は来年合併する。,にしゃはらいねんがっぺいする。,두 회사는 내년에 합병한다.
稼働,かどう,가동,JLPT_1 JLPT,"zsD!q2O1F,",新工場は来月から稼働する。,しんこうじょうはらいげつからかどうする。,새 공장은 다음 달부터 가동한다.
稼動,かどう,가동,JLPT_1 JLPT,TE8Q/}8_dl,発電機が正常に稼動している。,はつでんきがせいじょうにかどうしている。,발전기가 정상적으로 가동되고 있다.
加筆する,かひつする,덧붙이다,JLPT_1 JLPT,E!p3Sx}zDF,原稿に説明を加筆する。,げんこうにせつめいをかひつする。,원고에 설명을 덧붙인다.
過密,かみつ,"과밀(함), 빽빽함",JLPT_1 JLPT,HfOS]F17J<,都市の過密を解消する必要がある。,としのかみつをかいしょうするひつようがある。,도시 과밀을 해소할 필요가 있다.
がやがやと,がやがやと,왁자지껄,JLPT_1 JLPT,w6:LG?P(RG,教室で生徒ががやがやと話している。,きょうしつでせいとががやがやとはなしている。,교실에서 학생들이 왁자지껄 떠든다.
がらりと,がらりと,"확, 싹(갑자기 변하는 모양)",JLPT_1 JLPT,-ZlH%D.db1,髪を切ると印象ががらりと変わった。,かみをきるといんしょうががらりとかわった。,머리를 자르자 인상이 확 달라졌다.
ガレージ,ガレージ,차고,JLPT_1 JLPT,fc%+Ck):[a,車をガレージに入れた。,くるまをがれーじにいれた。,차를 차고에 넣었다.
過労,かろう,과로,JLPT_1 JLPT,hy79pz(:T[,過労で体を壊してしまった。,かろうでからだをこわしてしまった。,과로로 몸을 망치고 말았다.
かろうじて,かろうじて,"겨우, 간신히",JLPT_1 JLPT,:h.W?olhd;,最終列車にかろうじて間に合った。,さいしゅうれっしゃにかろうじてまにあった。,막차에 간신히 맞췄다.
完結,かんけつ,완결,JLPT_1 JLPT,n`G%?<Un(N,物語は一冊で完結する。,ものがたりはいっさつでかんけつする。,이야기는 한 권으로 완결된다.
還元,かんげん,환원,JLPT_1 JLPT,35w$1[;F7E,利益を利用者に還元する。,りえきをりようしゃにかんげんする。,이익을 이용자에게 환원한다.
頑固,がんこ,완고함,JLPT_1 JLPT,?alv)hy]Ph,祖父は頑固で考えを変えない。,そふはがんこでかんがえをかえない。,할아버지는 완고해서 생각을 바꾸지 않는다.
肝心,かんじん,"중요함, 요긴함",JLPT_1 JLPT,dSA4J*LoN^,肝心な名前を聞き忘れた。,かんじんななまえをききわすれた。,정작 중요한 이름을 묻는 것을 잊었다.
カンニング,カンニング,커닝,JLPT_1 JLPT,c[uZ2#f[2Q,試験中のカンニングが発覚した。,しけんちゅうのかんにんぐがはっかくした。,시험 중 부정행위가 발각됐다.
危害,きがい,위해,JLPT_1 JLPT,"-<i?gIyn,x",野生動物に危害を加えてはならない。,やせいどうぶつにきがいをくわえてはならない。,야생 동물에게 위해를 가해서는 안 된다.
気掛かり,きがかり,"걱정, 마음에 걸림",JLPT_1 JLPT,@4EZ9u3ju1,母の病状が気掛かりだ。,ははのびょうじょうがきがかりだ。,어머니의 병세가 걱정된다.
規格,きかく,규격,JLPT_1 JLPT,"?&xA1,rw`%",この部品は国の規格に合う。,このぶひんはくにのきかくにあう。,이 부품은 국가 규격에 맞는다.
きがね,きがね,"어렵게 여김, 스스럼",JLPT_1 JLPT,"$+$sB?VJa,",親しい友達にはきがねなく頼める。,したしいともだちにはきがねなくたのめる。,친한 친구에게는 스스럼없이 부탁할 수 있다.
ぎくしゃく,ぎくしゃく,"껄끄러움, 어색함",JLPT_1 JLPT,ngL<4nFxFY,二人の関係がぎくしゃくしている。,ふたりのかんけいがぎくしゃくしている。,두 사람의 관계가 껄끄럽다.
棄権,きけん,기권,JLPT_1 JLPT,AO^L^&Z1h},けがのため決勝を棄権した。,けがのためけっしょうをきけんした。,부상 때문에 결승을 기권했다.
きしむ,きしむ,삐걱거리다,JLPT_1 JLPT,!wRX#a[kLG,古い床が歩くたびにきしむ。,ふるいゆかがあるくたびにきしむ。,낡은 마룻바닥이 걸을 때마다 삐걱거린다.
規制,きせい,규제,JLPT_1 JLPT,:B||bW85i_,車の通行を規制する。,くるまのつうこうをきせいする。,차량 통행을 규제한다.
きっちり,きっちり,꼭 맞는 모양,JLPT_1 JLPT,zRiz`_Ro-n,箱にきっちり収まった。,はこにきっちりおさまった。,상자에 꼭 맞게 들어갔다.
きっぱり(と),きっぱり(と),"딱 잘라, 단호하게",JLPT_1 JLPT,ckn_#@0^$-,彼は誘いをきっぱりと断った。,かれはさそいをきっぱりとことわった。,그는 제안을 단호히 거절했다.
気に障る,きにさわる,비위에 거슬리다,JLPT_1 JLPT,[y(oNAuO3o,彼の高慢な態度が気に障る。,かれのこうまんなたいどがきにさわる。,그의 거만한 태도가 비위에 거슬린다.
規範,きはん,규범,JLPT_1 JLPT,NdMspV=->{,法律は社会の規範となる。,ほうりつはしゃかいのきはんとなる。,법률은 사회의 규범이 된다.
基盤,きばん,기반,JLPT_1 JLPT,8j{x9&4BC#,信頼が協力の基盤になる。,しんらいがきょうりょくのきばんになる。,신뢰가 협력의 기반이 된다.
気品,きひん,기품,JLPT_1 JLPT,TC=Y-STRpi,立ち居振る舞いに気品がある。,たちいふるまいにきひんがある。,몸가짐에 기품이 있다.
起伏,きふく,기복,JLPT_1 JLPT,ky3+b$6<0%,この道は起伏が激しい。,このみちはきふくがはげしい。,이 길은 기복이 심하다.
却下,きゃっか,"각하, 기각",JLPT_1 JLPT,(CGsbg=Y32,申請は要件を満たさず却下された。,しんせいはようけんをみたさずきゃっかされた。,신청은 요건을 충족하지 못해 기각됐다.
キャリア,キャリア,"커리어, 경력",JLPT_1 JLPT,P|c(!A@NO%,海外で長いキャリアを築いた。,かいがいでながいきゃりあをきずいた。,해외에서 오랜 경력을 쌓았다.
急速,きゅうそく,"급히, 갑작스럽게",JLPT_1 JLPT,+t9?+G5R93,感染が急速に広がった。,かんせんがきゅうそくにひろがった。,감염이 급속히 퍼졌다.
休養,きゅうよう,휴양,JLPT_1 JLPT,|nMC!Nyu`),温泉で十分に休養した。,おんせんでじゅうぶんにきゅうようした。,온천에서 충분히 휴양했다.
寄与,きよ,기여,JLPT_1 JLPT,z.V[V`Ajp0,研究の発展に大きく寄与した。,けんきゅうのはってんにおおきくきよした。,연구 발전에 크게 기여했다.
起用,きよう,기용,JLPT_1 JLPT,|EJ.ZdUUZ},新人を主役に起用した。,しんじんをしゅやくにきようした。,신인을 주연으로 기용했다.
教訓,きょうくん,교훈,JLPT_1 JLPT,6SxiJrFk9_,失敗から貴重な教訓を得た。,しっぱいからきちょうなきょうくんをえた。,실패에서 귀중한 교훈을 얻었다.
強硬,きょうこう,강경함,JLPT_1 JLPT,G]]/D#q7M1,政府は強硬な姿勢を崩さない。,せいふはきょうこうなしせいをくずさない。,정부는 강경한 태도를 굽히지 않는다.
興じる,きょうじる,"즐기다, 흥겨워하다",JLPT_1 JLPT,Gi~*N.<v0d,皆でカードゲームに興じた。,みんなでかーどげーむにきょうじた。,모두 함께 카드 게임을 즐겼다.
強制,きょうせい,강제,JLPT_1 JLPT,1`VS/NOW(Q,参加を強制してはいけない。,さんかをきょうせいしてはいけない。,참가를 강요해서는 안 된다.
切り出す,きりだす,"(말을) 꺼내다, 시작하다",JLPT_1 JLPT,9DdskY1<f;,父は静かに本題を切り出した。,ちちはしずかにほんだいをきりだした。,아버지는 조용히 본론을 꺼냈다.
緊急,きんきゅう,긴급,JLPT_1 JLPT,"EW2K8mNPZ,",緊急の連絡が入りました。,きんきゅうのれんらくがはいりました。,긴급 연락이 왔습니다.
禁物,きんもつ,금물,JLPT_1 JLPT,Re8?e(uEI^,油断は禁物だ。,ゆだんはきんもつだ。,방심은 금물이다.
食い込む,くいこむ,"파고들다, 차지하다",JLPT_1 JLPT,O:OaJooJAg,細いひもが腕に食い込んだ。,ほそいひもがうでにくいこんだ。,가는 끈이 팔을 파고들었다.
食い止める,くいとめる,저지하다,JLPT_1 JLPT,Ea-$|E]roP,火の広がりを食い止めた。,ひのひろがりをくいとめた。,불길의 확산을 저지했다.
駆使する,くしする,구사하다,JLPT_1 JLPT,(>Q-|&xF*g,三か国語を駆使して交渉した。,さんかこくごをくししてこうしょうした。,3개 국어를 구사해 협상했다.
くだす,くだす,① (지위) 낮추다 ② (명령) 내리다,JLPT_1 JLPT,KxV%$vecWX,裁判官が判決をくだした。,さいばんかんがはんけつをくだした。,판사가 판결을 내렸다.
口がかたい,くちがかたい,입이 무겁다,JLPT_1 JLPT,=W2P99jEoA,彼は口がかたいから信頼できる。,かれはくちがかたいからしんらいできる。,그는 입이 무거워서 믿을 수 있다.
ぐっすり,ぐっすり,푹(깊은 잠을 자는 모양),JLPT_1 JLPT,<ZxkO;7|1e,昨夜はぐっすり眠れた。,さくやはぐっすりねむれた。,어젯밤은 푹 잘 수 있었다.
くよくよ,くよくよ,끙끙(사소한 일을 늘 걱정하는 모양),JLPT_1 JLPT,gaM7i!]lBZ,済んだことをくよくよ悩むな。,すんだことをくよくよなやむな。,지난 일을 끙끙 고민하지 마라.
クレーム,クレーム,"불만, 클레임",JLPT_1 JLPT,p3@/pf4]NL,商品の傷についてクレームが来た。,しょうひんのきずについてくれーむがきた。,상품 흠집에 대한 불만이 들어왔다.
軽快,けいかい,경쾌함,JLPT_1 JLPT,$5R3%716e_,軽快な音楽に合わせて踊った。,けいかいなおんがくにあわせておどった。,경쾌한 음악에 맞춰 춤췄다.
形勢,けいせい,형세,JLPT_1 JLPT,`9H!+=s;Ow,後半で試合の形勢が逆転した。,こうはんでしあいのけいせいがぎゃくてんした。,후반에 경기 형세가 역전됐다.
経歴,けいれき,경력,JLPT_1 JLPT,D@Qly1VCY(,履歴書に職務経歴を書く。,りれきしょにしょくむけいれきをかく。,이력서에 직무 경력을 쓴다.
結成,けっせい,결성,JLPT_1 JLPT,CIwP^oU.IP,地域の青年団を結成した。,ちいきのせいねんだんをけっせいした。,지역 청년단을 결성했다.
結束,けっそく,결속,JLPT_1 JLPT,",S,+$,yj=^",危機を前に仲間の結束が強まった。,ききをまえになかまのけっそくがつよまった。,위기 앞에서 동료들의 결속이 강해졌다.
けなす,けなす,"혹평하다, 헐뜯다",JLPT_1 JLPT,I8hg/^`E7f,人の努力をけなすのはよくない。,ひとのどりょくをけなすのはよくない。,남의 노력을 헐뜯는 것은 좋지 않다.
煙たい,けむたい,"냅다, 맵고 싸하다",JLPT_1 JLPT,CVuqw)T/FY,煙が目に染みて煙たい。,けむりがめにしみてけむたい。,연기가 눈을 자극해 매캐하다.
～圏,～けん,~권,JLPT_1 JLPT,"4,$N$)FE;O",首都圏では家賃が高い。,しゅとけんではやちんがたかい。,수도권은 집세가 비싸다.
権威,けんい,권위,JLPT_1 JLPT,"fq,{q7uCUc",彼は医学界の権威だ。,かれはいがくかいのけんいだ。,그는 의학계의 권위자다.
言及,げんきゅう,언급,JLPT_1 JLPT,(s~3>F^/EJ,報告書は原因にも言及した。,ほうこくしょはげんいんにもげんきゅうした。,보고서는 원인도 언급했다.
堅実,けんじつ,견실함,JLPT_1 JLPT,/)YwMAP>eA,彼は堅実な方法で財産を築いた。,かれはけんじつなほうほうでざいさんをきずいた。,그는 견실한 방법으로 재산을 일궜다.
健全,けんぜん,건전함,JLPT_1 JLPT,7R3V8tGl/.,子供の健全な成長を願う。,こどものけんぜんなせいちょうをねがう。,아이의 건전한 성장을 바란다.
厳密,げんみつ,엄밀함,JLPT_1 JLPT,G%11CFb&(6,二つの言葉を厳密に区別する。,ふたつのことばをげんみつにくべつする。,두 단어를 엄밀히 구별한다.
合意,ごうい,합의,JLPT_1 JLPT,-(T<]#pZ1>,双方が条件に合意した。,そうほうがじょうけんにごういした。,양측이 조건에 합의했다.
抗議,こうぎ,항의,JLPT_1 JLPT,tZ9etH1GRI,値上げに抗議する声が上がった。,ねあげにこうぎするこえがあがった。,가격 인상에 항의하는 목소리가 나왔다.
交錯,こうさく,"교차, 뒤얽힘",JLPT_1 JLPT,"Q,xsjaaK~8",期待と不安が心に交錯した。,きたいとふあんがこころにこうさくした。,기대와 불안이 마음속에 뒤얽혔다.
交渉,こうしょう,교섭,JLPT_1 JLPT,sVVwtP6Z>*,賃金について会社と交渉する。,ちんぎんについてかいしゃとこうしょうする。,임금에 관해 회사와 교섭한다.
向上,こうじょう,향상,JLPT_1 JLPT,:m[2:a68&4,練習で技術が向上した。,れんしゅうでぎじゅつがこうじょうした。,연습으로 기술이 향상됐다.
互角,ごかく,"호각, 막상막하",JLPT_1 JLPT,`}ny2O@a%E,両者の実力は互角だ。,りょうしゃのじつりょくはごかくだ。,양쪽의 실력은 막상막하다.
ここちよい,ここちよい,기분 좋다,JLPT_1 JLPT,"1!-W,;SK`3",春風がここちよい。,はるかぜがここちよい。,봄바람이 기분 좋다.
心得,こころえ,"소양, 이해",JLPT_1 JLPT,VFQFX*Wtv{,茶道の心得が少しある。,さどうのこころえがすこしある。,다도에 대한 소양이 조금 있다.
心がける,こころがける,유의하다,JLPT_1 JLPT,^g.^((^T:|,毎朝早く起きるよう心がける。,まいあさはやくおきるようこころがける。,매일 아침 일찍 일어나도록 유의한다.
心強い,こころづよい,마음 든든하다,JLPT_1 JLPT,*K~~%uy:J~,仲間がいると心強い。,なかまがいるとこころづよい。,동료가 있으면 든든하다.
心細い,こころぼそい,불안하다,JLPT_1 JLPT,^{}{hO~$He,一人で待つのは心細い。,ひとりでまつのはこころぼそい。,혼자 기다리기는 불안하다.
こじれる,こじれる,"뒤틀리다, 복잡해지다",JLPT_1 JLPT,Tp#d)r}*:6,交渉がこじれて訴訟になった。,こうしょうがこじれてそしょうになった。,협상이 꼬여 소송으로 번졌다.
こだわる,こだわる,구애되다,JLPT_1 JLPT,H!=F@?RGD.,形式にこだわる必要はない。,けいしきにこだわるひつようはない。,형식에 얽매일 필요는 없다.
こつ,こつ,요령,JLPT_1 JLPT,q=UXU:8W%(,少ない油で揚げるこつを教わった。,すくないあぶらであげるこつをおそわった。,적은 기름으로 튀기는 요령을 배웠다.
ことごとく,ことごとく,"모조리, 죄다",JLPT_1 JLPT,"**_,*8k,w>",予想はことごとく外れた。,よそうはことごとくはずれた。,예상은 모조리 빗나갔다.
ことによると,ことによると,어쩌면,JLPT_1 JLPT,3X;DLw6ER[,ことによると明日は雪かもしれない。,ことによるとあしたはゆきかもしれない。,어쩌면 내일은 눈이 올지도 모른다.
ごまかす,ごまかす,"속이다, 얼버무리다",JLPT_1 JLPT,Xfe;WFKKj@,年齢をごまかして応募した。,ねんれいをごまかしておうぼした。,나이를 속여 지원했다.
こまやか,こまやか,"자상함, 세밀함",JLPT_1 JLPT,^O|1@L^zee,こまやかな心遣いに感謝する。,こまやかなこころづかいにかんしゃする。,세심한 배려에 감사한다.
こみあげる,こみあげる,치밀어 오르다,JLPT_1 JLPT,O}YH!W[|ur,悔しさが胸にこみあげた。,くやしさがむねにこみあげた。,분한 마음이 가슴에 치밀었다.
コミュニケーション,コミュニケーション,커뮤니케이션,JLPT_1 JLPT,woQcCCQY[|,家族とのコミュニケーションを大切にする。,かぞくとのこみゅにけーしょんをたいせつにする。,가족과의 소통을 소중히 한다.
こめる,こめる,"넣다, 담다",JLPT_1 JLPT,a3x!Af:$N=,手紙に感謝の気持ちをこめた。,てがみにかんしゃのきもちをこめた。,편지에 감사의 마음을 담았다.
孤立,こりつ,고립,JLPT_1 JLPT,eJiA:`Q#~M,村は洪水で孤立した。,むらはこうずいでこりつした。,마을은 홍수로 고립됐다.
これといった,これといった,이렇다 할,JLPT_1 JLPT,"e_4{//yB,]",これといった趣味はない。,これといったしゅみはない。,이렇다 할 취미는 없다.
ごろごろ(と),ごろごろ(と),데굴데굴,JLPT_1 JLPT,M|>ciyT9??,大きな岩がごろごろと転がった。,おおきないわがごろごろところがった。,큰 바위들이 데굴데굴 굴렀다.
コンスタントに,コンスタントに,꾸준히,JLPT_1 JLPT,6lP{@{?h/.,毎月コンスタントに利益を出す。,まいつきこんすたんとにりえきをだす。,매달 꾸준히 이익을 낸다.
サイクル,サイクル,"사이클, 주기",JLPT_1 JLPT,fzhrY!m5vq,景気は十年のサイクルで変動する。,けいきはじゅうねんのさいくるでへんどうする。,경기는 10년 주기로 변동한다.
在庫,ざいこ,재고,JLPT_1 JLPT,2q[YPZ@&#h,倉庫の在庫を確認した。,そうこのざいこをかくにんした。,창고의 재고를 확인했다.
サイズ,サイズ,사이즈,JLPT_1 JLPT,]+fiDQS+CZ,靴のサイズが合わない。,くつのさいずがあわない。,신발 사이즈가 맞지 않는다.
再発,さいはつ,재발,JLPT_1 JLPT,;5mef3NrS+,退院後に病気が再発した。,たいいんごにびょうきがさいはつした。,퇴원 후 병이 재발했다.
さえる,さえる,(머리가) 맑아지다,JLPT_1 JLPT,tM%jN0wM5-,朝は頭がさえて仕事が進む。,あさはあたまがさえてしごとがすすむ。,아침에는 머리가 맑아 일이 잘된다.
差し支える,さしつかえる,지장이 있다,JLPT_1 JLPT,O{eBJ&B/Hx,寝不足は翌日の仕事に差し支える。,ねぶそくはよくじつのしごとにさしつかえる。,수면 부족은 다음 날 업무에 지장을 준다.
さじをなげる,さじをなげる,가망이 없어 포기하다,JLPT_1 JLPT,Xc{df%D.]c,医者もついにさじをなげた。,いしゃもついにさじをなげた。,의사도 마침내 가망이 없다며 포기했다.
察する,さっする,헤아리다,JLPT_1 JLPT,"8?t-[t?#i,",表情から彼の不安を察した。,ひょうじょうからかれのふあんをさっした。,표정에서 그의 불안을 헤아렸다.
さも,さも,"자못, 아주, 정말로",JLPT_1 JLPT,q`m~Y/Z(1a,彼はさも得意そうに笑った。,かれはさもとくいそうにわらった。,그는 자못 뿌듯한 듯 웃었다.
参照,さんしょう,참조,JLPT_1 JLPT,e3$hN{q=>C,詳細は次の表を参照してください。,しょうさいはつぎのひょうをさんしょうしてください。,상세 내용은 다음 표를 참조해 주세요.
仕上げる,しあげる,완성하다,JLPT_1 JLPT,nf9V^Uon2),職人が料理を美しく仕上げた。,しょくにんがりょうりをうつくしくしあげた。,장인이 요리를 아름답게 완성했다.
しいて,しいて,"억지로, 굳이, 구태여",JLPT_1 JLPT,suVnp5W{fM,しいて言えば、駅から遠いのが欠点だ。,しいていえば、えきからとおいのがけってんだ。,굳이 말하자면 역에서 먼 것이 단점이다.
シェア,シェア,점유율,JLPT_1 JLPT,9ngF}Z-(vr,国内市場で高いシェアを占める。,こくないしじょうでたかいしぇあをしめる。,국내 시장에서 높은 점유율을 차지한다.
自覚,じかく,자각,JLPT_1 JLPT,Pd<iqXRB;M,自分の責任を自覚している。,じぶんのせきにんをじかくしている。,자신의 책임을 자각하고 있다.
しかけ,しかけ,"장치, 속임수",JLPT_1 JLPT,;;%4KaZv}m,箱を開けると音が鳴るしかけだ。,はこをあけるとおとがなるしかけだ。,상자를 열면 소리가 나는 장치다.
時期,じき,시기,JLPT_1 JLPT,vpk&4-rZTl,今は旅行に最適な時期だ。,いまはりょこうにさいてきなじきだ。,지금은 여행하기 가장 좋은 시기다.
仕組み,しくみ,구조(=メカニズム),JLPT_1 JLPT,.^vSmOpW+>,発電の仕組みを模型で示した。,はつでんのしくみをもけいでしめした。,발전 구조를 모형으로 보여 줬다.
支障,ししょう,지장,JLPT_1 JLPT,!.?;jd<Tzo,工事は営業に支障をきたした。,こうじはえいぎょうにししょうをきたした。,공사는 영업에 지장을 초래했다.
辞退,じたい,사퇴,JLPT_1 JLPT,TdunQRepU;,健康上の理由で役員を辞退した。,けんこうじょうのりゆうでやくいんをじたいした。,건강상의 이유로 임원직을 사퇴했다.
シック,シック,"멋진 모양, 세련된 모양",JLPT_1 JLPT,8ib_m/mR7m,シックな色の上着を選んだ。,しっくないろのうわぎをえらんだ。,세련된 색의 윗옷을 골랐다.
実情,じつじょう,실정,JLPT_1 JLPT,ejyz>)3/|_,現場の実情に合わない規則だ。,げんばのじつじょうにあわないきそくだ。,현장 실정에 맞지 않는 규칙이다.
しぶとい,しぶとい,고집이 세다,JLPT_1 JLPT,x~?{NY>Kw<,何度倒されてもしぶとく立ち上がった。,なんどたおされてもしぶとくたちあがった。,몇 번을 쓰러져도 끈질기게 일어섰다.
染みる,しみる,"스며들다, 배다",JLPT_1 JLPT,bF@7sb+esr,雨が靴の中まで染みた。,あめがくつのなかまでしみた。,빗물이 신발 안까지 스며들었다.
じめじめ,じめじめ,"축축, 끈적끈적(습기가 많은 모양)",JLPT_1 JLPT,V>Ak{a|kz%,梅雨で部屋がじめじめしている。,つゆでへやがじめじめしている。,장마로 방이 축축하다.
遮断,しゃだん,차단,JLPT_1 JLPT,DQ0G8VzgX2,厚い壁が外の音を遮断する。,あついかべがそとのおとをしゃだんする。,두꺼운 벽이 바깥 소리를 차단한다.
ジャンル,ジャンル,장르,JLPT_1 JLPT,Czq2NW}49w,この映画は喜劇のジャンルに入る。,このえいがはきげきのじゃんるにはいる。,이 영화는 희극 장르에 속한다.
従事,じゅうじ,종사,JLPT_1 JLPT,=TRMV+Jd9A,兄は医療現場に従事している。,あにはいりょうげんばにじゅうじしている。,형은 의료 현장에 종사하고 있다.
周到な,しゅうとうな,주도면밀한,JLPT_1 JLPT,+z`Ovn~JQ;,周到な準備が成功につながった。,しゅうとうなじゅんびがせいこうにつながった。,주도면밀한 준비가 성공으로 이어졌다.
修復,しゅうふく,"수복, 복원",JLPT_1 JLPT,6nTMc~Lt=d,専門家が古い壁画を修復した。,せんもんかがふるいへきがをしゅうふくした。,전문가가 오래된 벽화를 복원했다.
収容,しゅうよう,수용,JLPT_1 JLPT,~lo2Rgo@$*,避難所は百人を収容できる。,ひなんじょはひゃくにんをしゅうようできる。,대피소는 100명을 수용할 수 있다.
熟知,じゅくち,숙지,JLPT_1 JLPT,o;F0:ziHPD,彼は現地の事情を熟知している。,かれはげんちのじじょうをじゅくちしている。,그는 현지 사정을 숙지하고 있다.
主張,しゅちょう,주장,JLPT_1 JLPT,cSy:c{8E{2,会議で自分の意見を主張した。,かいぎでじぶんのいけんをしゅちょうした。,회의에서 자신의 의견을 주장했다.
主導権,しゅどうけん,주도권,JLPT_1 JLPT,^%5P@-8.^9,交渉の主導権を相手に握られた。,こうしょうのしゅどうけんをあいてににぎられた。,협상의 주도권을 상대에게 빼앗겼다.
(情報)網,(じょうほう)もう,(정보)망,JLPT_1 JLPT,@g{oS.@6E(,世界中に情報網を張り巡らす。,せかいじゅうにじょうほうもうをはりめぐらす。,전 세계에 정보망을 둘러친다.
処置,しょち,"처치, 조치",JLPT_1 JLPT,rGW5Qx8M_3,医師が傷口に適切な処置をした。,いしがきずぐちにてきせつなしょちをした。,의사가 상처에 적절한 처치를 했다.
助長する,じょちょうする,조장하다,JLPT_1 JLPT,A6D]qcgX9U,不用意な発言が不安を助長した。,ふよういなはつげんがふあんをじょちょうした。,경솔한 발언이 불안을 조장했다.
自立,じりつ,자립,JLPT_1 JLPT,LM{?-npynA,二十歳で親元を離れて自立した。,はたちでおやもとをはなれてじりつした。,스무 살에 부모 곁을 떠나 자립했다.
しわざ,しわざ,"짓, 소행",JLPT_1 JLPT,"3_:Y~71Ct,",窓が割れたのは弟のしわざだ。,まどがわれたのはおとうとのしわざだ。,창문이 깨진 것은 남동생의 짓이다.
進呈,しんてい,"증정, 드림",JLPT_1 JLPT,YC5T;{5]iN,先着百名に記念品を進呈します。,せんちゃくひゃくめいにきねんひんをしんていします。,선착순 100명에게 기념품을 드립니다.
推移,すいい,추이,JLPT_1 JLPT,:yKgrv$:)L,人口の推移をグラフで示す。,じんこうのすいいをぐらふでしめす。,인구 추이를 그래프로 나타낸다.
すがすがしい,すがすがしい,상쾌하다,JLPT_1 JLPT,ciJ>sPPa3!,朝の空気がすがすがしい。,あさのくうきがすがすがしい。,아침 공기가 상쾌하다.
すくう,すくう,"떠내다, 건져 올리다",JLPT_1 JLPT,|}^zKz9mDY,網で池の落ち葉をすくった。,あみでいけのおちばをすくった。,그물로 연못의 낙엽을 건져 올렸다.
すさまじい,すさまじい,"무섭다, 굉장하다",JLPT_1 JLPT,*M%i)PXue4,会場にすさまじい歓声が響いた。,かいじょうにすさまじいかんせいがひびいた。,경기장에 굉장한 함성이 울렸다.
スタイル,スタイル,스타일,JLPT_1 JLPT,7!H!AzBX3w,働き方のスタイルが変わった。,はたらきかたのすたいるがかわった。,일하는 방식이 바뀌었다.
ずっしりと,ずっしりと,묵직한,JLPT_1 JLPT,/~5yz{]%t{,米袋はずっしりと重かった。,こめぶくろはずっしりとおもかった。,쌀자루는 묵직하게 무거웠다.
ストック,ストック,재고,JLPT_1 JLPT,]p0pZ<neS.,災害に備えて水をストックする。,さいがいにそなえてみずをすとっくする。,재해에 대비해 물을 비축한다.
すばしこい,すばしこい,민첩하다,JLPT_1 JLPT,g$7|L[%`~l,猫がすばしこく塀を登った。,ねこがすばしこくへいをのぼった。,고양이가 민첩하게 담을 올랐다.
スペース,スペース,공간,JLPT_1 JLPT,"vTCY,BtwDw",机を置くスペースがない。,つくえをおくすぺーすがない。,책상을 놓을 공간이 없다.
すべすべ,すべすべ,(피부가) 매끈매끈,JLPT_1 JLPT,0Ic`-~ODbT,この石は表面がすべすべしている。,このいしはひょうめんがすべすべしている。,이 돌은 표면이 매끈하다.
すんなり,すんなり,"척척, 순조롭게",JLPT_1 JLPT,>_w.GqhTYo,手続きはすんなり終わった。,てつづきはすんなりおわった。,절차는 순조롭게 끝났다.
制限,せいげん,제한,JLPT_1 JLPT,.<^17%r+`w,入場者数を百人に制限する。,にゅうじょうしゃすうをひゃくにんにせいげんする。,입장객 수를 100명으로 제한한다.
盛大に,せいだいに,성대하게,JLPT_1 JLPT,!Kv#r5+Ao-,創立記念日を盛大に祝った。,そうりつきねんびをせいだいにいわった。,창립 기념일을 성대하게 축하했다.
精力的,せいりょくてき,정력적임,JLPT_1 JLPT,uLbd]@/[J(,彼女は精力的に各地を訪ねた。,かのじょはせいりょくてきにかくちをたずねた。,그녀는 정력적으로 각지를 방문했다.
せかせかと,せかせかと,"성급하게, 침착하지 못하게",JLPT_1 JLPT,`s7bn.#o:n,朝からせかせかと荷造りしている。,あさからせかせかとにづくりしている。,아침부터 부산하게 짐을 싸고 있다.
切実,せつじつ,절실함,JLPT_1 JLPT,d{hu1EDop.,住民の願いは切実だ。,じゅうみんのねがいはせつじつだ。,주민들의 바람은 절실하다.
摂取,せっしゅ,섭취,JLPT_1 JLPT,|xmw{rZayr,野菜から十分な栄養を摂取する。,やさいからじゅうぶんなえいようをせっしゅする。,채소로 충분한 영양을 섭취한다.
絶大な,ぜつだいな,절대적인,JLPT_1 JLPT,ihMqPq;3sp,その発見は社会に絶大な影響を与えた。,そのはっけんはしゃかいにぜつだいなえいきょうをあたえた。,그 발견은 사회에 막대한 영향을 주었다.
せつない,せつない,애달프다,JLPT_1 JLPT,wp>$FP&Sg6,故郷を思うと胸がせつない。,ふるさとをおもうとむねがせつない。,고향을 생각하면 가슴이 애달프다.
設立,せつりつ,설립,JLPT_1 JLPT,ef;0aCDH/<,地域に新しい学校を設立した。,ちいきにあたらしいがっこうをせつりつした。,지역에 새 학교를 설립했다.
セレモニー,セレモニー,"세레모니, 의식",JLPT_1 JLPT,;AsyA<jT%V,開幕セレモニーに選手が並んだ。,かいまくせれもにーにせんしゅがならんだ。,개막식에 선수들이 늘어섰다.
選考,せんこう,"선고, 전형",JLPT_1 JLPT,)rO(5gF6OF,書類選考を通過した。,しょるいせんこうをつうかした。,서류 전형을 통과했다.
センサー,センサー,센서,JLPT_1 JLPT,]np6ziO^BB,センサーが煙を検知した。,せんさーがけむりをけんちした。,센서가 연기를 감지했다.
センス,センス,센스,JLPT_1 JLPT,",HlIouJ~*(",彼女は服のセンスがいい。,かのじょはふくのせんすがいい。,그녀는 옷 입는 감각이 좋다.
壮大,そうだい,장대함,JLPT_1 JLPT,<_S|ccms/s,壮大な山々を眺めた。,そうだいなやまやまをながめた。,장대한 산들을 바라봤다.
備わる,そなわる,갖추어지다,JLPT_1 JLPT,yKGWi-1zjL,この部屋には必要な設備が備わっている。,このへやにはひつようなせつびがそなわっている。,이 방에는 필요한 설비가 갖춰져 있다.
そっけない,そっけない,"무정하다, 냉담하다",JLPT_1 JLPT,[jRGmy@]#{,店員はそっけない返事をした。,てんいんはそっけないへんじをした。,점원은 냉담하게 대답했다.
そわそわ,そわそわ,안절부절 못함,JLPT_1 JLPT,",^G9wM.NI4",結果が気になってそわそわする。,けっかがきになってそわそわする。,결과가 신경 쓰여 안절부절못한다.
ぞんざい,ぞんざい,아무렇게나 함,JLPT_1 JLPT,|Qs8.di$4^,道具をぞんざいに扱うな。,どうぐをぞんざいにあつかうな。,도구를 함부로 다루지 마라.
対処,たいしょ,대처,JLPT_1 JLPT,.%.]}HeI{7,事故には冷静に対処してください。,じこにはれいせいにたいしょしてください。,사고에는 침착하게 대처해 주세요.
大胆,だいたん,대담함,JLPT_1 JLPT,2j3!3z+~5/,彼は大胆な改革に踏み切った。,かれはだいたんなかいかくにふみきった。,그는 대담한 개혁에 나섰다.
台無し,だいなし,엉망이 됨,JLPT_1 JLPT,"*7OAKt,(4=",雨で遠足が台無しになった。,あめでえんそくがだいなしになった。,비 때문에 소풍을 망쳤다.
打開,だかい,타개,JLPT_1 JLPT,d.qxMb<_Wv,行き詰まりを打開する案を探す。,いきづまりをだかいするあんをさがす。,막힌 상황을 타개할 방안을 찾는다.
多角的,たかくてき,다각적,JLPT_1 JLPT,",Lq0($6O@w",問題を多角的に検討する。,もんだいをたかくてきにけんとうする。,문제를 다각적으로 검토한다.
たくましい,たくましい,늠름하다,JLPT_1 JLPT,f5hg@`Q*kF,息子はたくましく成長した。,むすこはたくましくせいちょうした。,아들은 늠름하게 성장했다.
打診,だしん,타진,JLPT_1 JLPT,GLq*lTI{Zo,先方に提携の意向を打診した。,せんぽうにていけいのいこうをだしんした。,상대 측에 제휴 의향을 타진했다.
たたえる,たたえる,"칭찬하다, 기리다",JLPT_1 JLPT,AhE&i2$ErK,観客は選手の健闘をたたえた。,かんきゃくはせんしゅのけんとうをたたえた。,관객은 선수의 선전을 칭찬했다.
立て替える,たてかえる,대신 갚아주다,JLPT_1 JLPT,Q0z>bGfaGd,昼食代は私が立て替えます。,ちゅうしょくだいはわたしがたてかえます。,점심값은 제가 대신 내겠습니다.
たどる,たどる,길을 따라가다,JLPT_1 JLPT,YD2l_nVkuF,地図を見ながら山道をたどった。,ちずをみながらやまみちをたどった。,지도를 보며 산길을 따라갔다.
だぶだぶ,だぶだぶ,헐렁헐렁,JLPT_1 JLPT,)/7Zp4Qzlg,この服は私にはだぶだぶだ。,このふくはわたしにはだぶだぶだ。,이 옷은 내게 너무 헐렁하다.
ためらう,ためらう,주저하다,JLPT_1 JLPT,p.*e<hg-ni,返事をするのをためらって黙り込んだ。,へんじをするのをためらってだまりこんだ。,대답하기를 주저하며 입을 다물었다.
保つ,たもつ,유지하다,JLPT_1 JLPT,meBNF0rOL&,室温を一定に保つ。,しつおんをいっていにたもつ。,실내 온도를 일정하게 유지한다.
だるい,だるい,나른하다,JLPT_1 JLPT,"{,^A[P$ZeZ",熱が出て体がだるい。,ねつがでてからだがだるい。,열이 나서 몸이 나른하다.
断言,だんげん,단언,JLPT_1 JLPT,5c:Ts0**HP,彼は無実だと断言した。,かれはむじつだとだんげんした。,그는 무죄라고 단언했다.
短縮,たんしゅく,단축,JLPT_1 JLPT,Q_xd+GozN4,会議時間を一時間に短縮した。,かいぎじかんをいちじかんにたんしゅくした。,회의 시간을 한 시간으로 단축했다.
仲裁,ちゅうさい,중재,JLPT_1 JLPT,l{O-yBzW5e,第三者が争いを仲裁した。,だいさんしゃがあらそいをちゅうさいした。,제삼자가 다툼을 중재했다.
忠実に,ちゅうじつに,충실히,JLPT_1 JLPT,3@uSTPh@F3,原文を忠実に翻訳した。,げんぶんをちゅうじつにほんやくした。,원문을 충실히 번역했다.
直面,ちょくめん,직면,JLPT_1 JLPT,q!NR^JUA#=,会社は深刻な危機に直面した。,かいしゃはしんこくなききにちょくめんした。,회사는 심각한 위기에 직면했다.
直感的に,ちょっかんてきに,직감적으로,JLPT_1 JLPT,811Qp3;83D,この記号は直感的に理解できる。,このきごうはちょっかんてきにりかいできる。,이 기호는 직감적으로 이해할 수 있다.
使いこなす,つかいこなす,"잘 다루다, 구사하다",JLPT_1 JLPT,iPUN2]f?%D,新しい機械を使いこなす。,あたらしいきかいをつかいこなす。,새 기계를 능숙하게 다룬다.
(最善を)尽くす,(さいぜんを)つくす,(최선을) 다하다,JLPT_1 JLPT,6rOoY1.]4},勝つために最善を尽くす。,かつためにさいぜんをつくす。,이기기 위해 최선을 다한다.
つくづく,つくづく,"정말, 매우, 절실히",JLPT_1 JLPT,0Y|rO6!N5W,健康のありがたさをつくづく感じた。,けんこうのありがたさをつくづくかんじた。,건강의 고마움을 절실히 느꼈다.
つじつま,つじつま,"사리, 이치",JLPT_1 JLPT,&0%oC@Y]bk,話のつじつまが合わない。,はなしのつじつまがあわない。,이야기의 앞뒤가 맞지 않는다.
強み,つよみ,"강점, 장점",JLPT_1 JLPT,4c4mkI%-?j,丁寧な接客が店の強みだ。,ていねいなせっきゃくがみせのつよみだ。,친절한 접객이 가게의 강점이다.
データ,データ,데이터,JLPT_1 JLPT,MB&QAhtmV/,調査で集めたデータを分析する。,ちょうさであつめたでーたをぶんせきする。,조사로 모은 데이터를 분석한다.
手遅れ,ておくれ,"때늦음, 시기를 놓침",JLPT_1 JLPT,]Q=1aI?p?K,症状が悪化してからでは手遅れだ。,しょうじょうがあっかしてからではておくれだ。,증상이 악화된 뒤에는 때늦다.
てがかり,てがかり,"단서, 실마리",JLPT_1 JLPT,jB8W*fTN.:,犯人につながるてがかりを見つけた。,はんにんにつながるてがかりをみつけた。,범인으로 이어지는 단서를 찾았다.
適応,てきおう,적응,JLPT_1 JLPT,<Qi4.-qFYh,新しい環境にすぐ適応した。,あたらしいかんきょうにすぐてきおうした。,새 환경에 곧 적응했다.
てきぱきと,てきぱきと,일을 척척 해내는 모양,JLPT_1 JLPT,[od8%B)p:],店員が注文をてきぱきと処理した。,てんいんがちゅうもんをてきぱきとしょりした。,점원이 주문을 척척 처리했다.
てぎわ,てぎわ,"솜씨, 수완",JLPT_1 JLPT,^%/wH*:vO=,職人のてぎわの良さに驚いた。,しょくにんのてぎわのよさにおどろいた。,장인의 능숙한 솜씨에 놀랐다.
デザイン,デザイン,디자인,JLPT_1 JLPT,"pf9aBZ6C,W",商品のデザインを一新した。,しょうひんのでざいんをいっしんした。,상품 디자인을 전면 개편했다.
デザート,デザート,"디저트, 후식",JLPT_1 JLPT,CDm+2|GR.>,食後に果物をデザートとして出した。,しょくごにくだものをでざーととしてだした。,식후에 과일을 디저트로 내놓았다.
手先,てさき,손재주,JLPT_1 JLPT,Gw_3#W)fFh,彼女は手先が器用だ。,かのじょはてさきがきようだ。,그녀는 손재주가 좋다.
手順,てじゅん,"순서, 절차",JLPT_1 JLPT,[e5mBo6Le/,手順どおりに機械を動かす。,てじゅんどおりにきかいをうごかす。,절차대로 기계를 작동한다.
撤去,てっきょ,철거,JLPT_1 JLPT,QIG+fRR|t[,駅前の放置自転車を撤去した。,えきまえのほうちじてんしゃをてっきょした。,역 앞에 방치된 자전거를 치웠다.
てっきり,てっきり,틀림없이,JLPT_1 JLPT,^O=4+j-Sk>,てっきり今日が締切だと思っていた。,てっきりきょうがしめきりだとおもっていた。,틀림없이 오늘이 마감인 줄 알았다.
手配,てはい,준비,JLPT_1 JLPT,8ak4{RV)I_,会場までの車を手配した。,かいじょうまでのくるまをてはいした。,행사장까지 갈 차를 준비했다.
同意,どうい,동의,JLPT_1 JLPT,#51EwvILrK,提案に全員が同意した。,ていあんにぜんいんがどういした。,제안에 전원이 동의했다.
同感,どうかん,동감,JLPT_1 JLPT,H@tL9}EjPX,私もその意見には同感です。,わたしもそのいけんにはどうかんです。,저도 그 의견에 동감입니다.
統合,とうごう,통합,JLPT_1 JLPT,":z<A`sQ4c,",三つの部署を一つに統合した。,みっつのぶしょをひとつにとうごうした。,세 부서를 하나로 통합했다.
到底,とうてい,도저히,JLPT_1 JLPT,Rgou#sMdZf,一日では到底終わらない。,いちにちではとうていおわらない。,하루로는 도저히 끝나지 않는다.
どうにか,どうにか,"그럭저럭, 겨우",JLPT_1 JLPT,kLs&?GnW33,皆の助けでどうにか完成した。,みんなのたすけでどうにかかんせいした。,모두의 도움으로 어떻게든 완성했다.
当(ホテル),とう(ホテル),"당, 저희(호텔)",JLPT_1 JLPT,0m{%LvM[>x,当ホテルでは朝食を無料で提供します。,とうほてるではちょうしょくをむりょうでていきょうします。,저희 호텔에서는 조식을 무료로 제공합니다.
特技,とくぎ,특기,JLPT_1 JLPT,{H@1L+tCwn,私の特技は暗算です。,わたしのとくぎはあんざんです。,제 특기는 암산입니다.
とっさに,とっさに,"순간적으로, 바로",JLPT_1 JLPT,`0;HNizRX2,飛び出した猫をとっさに避けた。,とびだしたねこをとっさにさけた。,튀어나온 고양이를 순간적으로 피했다.
突破,とっぱ,돌파,JLPT_1 JLPT,[(Qd(D=kK7,チームは接戦を制して予選を突破した。,ちーむはせっせんをせいしてよせんをとっぱした。,팀은 접전 끝에 예선을 통과했다.
とぼける,とぼける,시치미를 떼다,JLPT_1 JLPT,"GQ&_{-j,/,",知っているのにとぼけている。,しっているのにとぼけている。,알면서도 시치미를 떼고 있다.
とぼしい,とぼしい,부족하다,JLPT_1 JLPT,r)(HJMYI:p,この地域は水資源にとぼしい。,このちいきはみずしげんにとぼしい。,이 지역은 수자원이 부족하다.
とりあえず,とりあえず,"우선, 일단",JLPT_1 JLPT,%JcK<vy)nc,とりあえず必要な物だけ買った。,とりあえずひつようなものだけかった。,우선 필요한 것만 샀다.
取り締まり,とりしまり,단속,JLPT_1 JLPT,K#hN#[ez%M,飲酒運転の取り締まりが強化された。,いんしゅうんてんのとりしまりがきょうかされた。,음주 운전 단속이 강화됐다.
取り締まる,とりしまる,단속하다,JLPT_1 JLPT,mQAfwt;@|M,警察が違法駐車を取り締まる。,けいさつがいほうちゅうしゃをとりしまる。,경찰이 불법 주차를 단속한다.
取り次ぐ,とりつぐ,"(전화를) 연결하다, 전하다",JLPT_1 JLPT,.||WTh[<PP,担当者に電話を取り次ぎます。,たんとうしゃにでんわをとりつぎます。,담당자에게 전화를 연결하겠습니다.
取り戻す,とりもどす,"되찾다, 회복하다",JLPT_1 JLPT,NpIg?_jIWh,失った信頼を取り戻す。,うしなったしんらいをとりもどす。,잃어버린 신뢰를 되찾는다.
とりわけ,とりわけ,"유난히, 특히",JLPT_1 JLPT,N09IsCtDjN,今年の夏はとりわけ暑い。,ことしのなつはとりわけあつい。,올여름은 유난히 덥다.
どんより,どんより,날씨가 잔뜩 흐린 모양,JLPT_1 JLPT,QJ@(q=8lIm,空は朝からどんより曇っている。,そらはあさからどんよりくもっている。,하늘은 아침부터 잔뜩 흐려 있다.
長い目で見る,ながいめでみる,긴 안목으로 보다,JLPT_1 JLPT,c_UF[!mmh9,教育の成果は長い目で見るべきだ。,きょういくのせいかはながいめでみるべきだ。,교육의 성과는 긴 안목으로 봐야 한다.
なごやか,なごやか,"부드러움, 온화함",JLPT_1 JLPT,ZZE[<TMx;Z,会議はなごやかな雰囲気で進んだ。,かいぎはなごやかなふんいきですすんだ。,회의는 온화한 분위기에서 진행됐다.
なだめる,なだめる,달래다,JLPT_1 JLPT,DL]fx34#AX,母は泣く子を優しくなだめた。,はははなくこをやさしくなだめた。,어머니는 우는 아이를 다정하게 달랬다.
なにげない,なにげない,아무렇지도 않다,JLPT_1 JLPT,kVlD]{~p^H,彼のなにげない一言に傷ついた。,かれのなにげないひとことにきずついた。,그의 무심한 한마디에 상처받았다.
何とぞ,なにとぞ,"부디, 아무쪼록",JLPT_1 JLPT,]~0)]S~hSf,何とぞご理解くださいますようお願いします。,なにとぞごりかいくださいますようおねがいします。,아무쪼록 이해해 주시기를 부탁드립니다.
波に乗る,なみにのる,시류에 편승하다,JLPT_1 JLPT,"e)2<1ZzrZ,",新商品は流行の波に乗って売れた。,しんしょうひんはりゅうこうのなみにのってうれた。,신상품은 유행의 흐름을 타고 팔렸다.
なれなれしい,なれなれしい,지나치게 친한 척하다,JLPT_1 JLPT,$a}YyV4<jo,初対面なのになれなれしく話しかけてきた。,しょたいめんなのになれなれしくはなしかけてきた。,초면인데도 지나치게 친한 척 말을 걸어왔다.
難航している,なんこうしている,난항을 겪고 있다,JLPT_1 JLPT,QRt/+>DrA|,用地交渉が難航している。,ようちこうしょうがなんこうしている。,부지 협상이 난항을 겪고 있다.
ナンセンス,ナンセンス,난센스,JLPT_1 JLPT,;=R|X.Lc||,根拠のない批判はナンセンスだ。,こんきょのないひはんはなんせんすだ。,근거 없는 비판은 터무니없다.
荷が重い,にがおもい,짐(책임)이 무겁다,JLPT_1 JLPT,OIu^i#a=`1,新人の私にはこの役目は荷が重い。,しんじんのわたしにはこのやくめはにがおもい。,신입인 내게 이 역할은 책임이 너무 무겁다.
にじむ,にじむ,"번지다, 스미다, 드러나다",JLPT_1 JLPT,":~G,E6>o&H",涙で文字がにじんで見えた。,なみだでもじがにじんでみえた。,눈물로 글자가 번져 보였다.
担う,になう,짊어지다,JLPT_1 JLPT,GKBjT4d/6;,若い世代が地域の将来を担う。,わかいせだいがちいきのしょうらいをになう。,젊은 세대가 지역의 미래를 짊어진다.
ニュアンス,ニュアンス,"뉘앙스, 미묘한 차이",JLPT_1 JLPT,[C80jnSPYu,その言い方では少し冷たいニュアンスが伝わる。,そのいいかたではすこしつめたいにゅあんすがつたわる。,그런 말투에서는 조금 차가운 뉘앙스가 전해진다.
ネックになる,ネックになる,걸림돌이 되다,JLPT_1 JLPT,eZBWjo`pai,高い維持費が購入のネックになっている。,たかいいじひがこうにゅうのねっくになっている。,비싼 유지비가 구매의 걸림돌이 되고 있다.
ねばり,ねばり,"찰기, 끈기",JLPT_1 JLPT,y/pG)3RMHq,この餅は適度なねばりがあっておいしい。,このもちはてきどなねばりがあっておいしい。,이 떡은 적당한 찰기가 있어서 맛있다.
練る,ねる,"① 반죽하다 ② (계획·문장 등) 다듬다, 짜다",JLPT_1 JLPT,"R|JJ@}dj,r",会議を重ねて新商品の構想を練る。,かいぎをかさねてしんしょうひんのこうそうをねる。,회의를 거듭하며 신상품 구상을 다듬는다.
念願,ねんがん,염원,JLPT_1 JLPT,EtdQ-Yc-%T,十年来の念願だった店をようやく開いた。,じゅうねんらいのねんがんだったみせをようやくひらいた。,십 년 동안 염원하던 가게를 마침내 열었다.
念頭,ねんとう,염두,JLPT_1 JLPT,B/vhQ_N~&t,常に安全を念頭に置いて作業してください。,つねにあんぜんをねんとうにおいてさぎょうしてください。,항상 안전을 염두에 두고 작업해 주세요.
ノウハウ,ノウハウ,노하우,JLPT_1 JLPT,"X,[jG0&ID6",先輩から営業のノウハウを教わった。,せんぱいからえいぎょうののうはうをおそわった。,선배에게 영업 노하우를 배웠다.
脳裏,のうり,뇌리,JLPT_1 JLPT,n4;s7LFy#<,別れ際の母の顔が今も脳裏に焼き付いている。,わかれぎわのははのかおがいまものうりにやきついている。,헤어질 때의 어머니 얼굴이 지금도 뇌리에 새겨져 있다.
のきなみ,のきなみ,"일제히, 다 함께",JLPT_1 JLPT,tR$I-*X0UB,大雪で県内の学校はのきなみ休校になった。,おおゆきでけんないのがっこうはのきなみきゅうこうになった。,폭설로 현 내 학교들이 일제히 휴교했다.
のぞましい,のぞましい,바람직하다,JLPT_1 JLPT,cFT0m:2Tp7,重要な決定には全員の合意がのぞましい。,じゅうようなけっていにはぜんいんのごういがのぞましい。,중요한 결정에는 전원의 합의가 바람직하다.
のどか,のどか,① 한가로움 ② 날씨가 화창함,JLPT_1 JLPT,cXIH&|Ns!+,牛が草を食べるのどかな風景が広がっている。,うしがくさをたべるのどかなふうけいがひろがっている。,소가 풀을 뜯는 한가로운 풍경이 펼쳐져 있다.
ノルマ,ノルマ,"기준량, 할당량",JLPT_1 JLPT,v%&VmQdw6?,今月の営業ノルマを昨日達成した。,こんげつのえいぎょうのるまをきのうたっせいした。,이번 달 영업 할당량을 어제 달성했다.
～派,～は,~파,JLPT_1 JLPT,"!!,;h<c/FW",私は旅行では綿密な計画を立てる派だ。,わたしはりょこうではめんみつなけいかくをたてるはだ。,나는 여행할 때 치밀한 계획을 세우는 편이다.
背景,はいけい,배경,JLPT_1 JLPT,=jWa1!XAQ>,物語の背景には作者自身の戦争体験がある。,ものがたりのはいけいにはさくしゃじしんのせんそうたいけんがある。,이야기의 배경에는 작가 자신의 전쟁 경험이 있다.
配慮,はいりょ,배려,JLPT_1 JLPT,wLq@/I&MVU,高齢者に配慮して入口に手すりを付けた。,こうれいしゃにはいりょしていりぐちにてすりをつけた。,고령자를 배려해 입구에 난간을 설치했다.
ハードル,ハードル,① 기준 ② 장애물,JLPT_1 JLPT,!wxE=3J+I/,未経験者には応募条件のハードルが高い。,みけいけんしゃにはおうぼじょうけんのはーどるがたかい。,미경험자에게는 지원 조건의 문턱이 높다.
ばかばかしい,ばかばかしい,몹시 어리석다,JLPT_1 JLPT,"*,vcGGXUA0",そんなばかばかしい噂を信じる人はいない。,そんなばかばかしいうわさをしんじるひとはいない。,그런 터무니없는 소문을 믿는 사람은 없다.
破棄,はき,파기,JLPT_1 JLPT,")*1b[ZSK,H",契約違反を理由に合意を破棄した。,けいやくいはんをりゆうにごういをはきした。,계약 위반을 이유로 합의를 파기했다.
はじく,はじく,"튀기다, 튕겨 내다",JLPT_1 JLPT,|oq-RR/@3(,ギターの弦を指ではじいた。,ぎたーのげんをゆびではじいた。,기타 줄을 손가락으로 튕겼다.
弾む,はずむ,"들뜨다, 신이 나다",JLPT_1 JLPT,JrWpvJNgyI,旅行の前日は期待に胸が弾んだ。,りょこうのぜんじつはきたいにむねがはずんだ。,여행 전날에는 기대감에 가슴이 설렜다.
発覚,はっかく,발각,JLPT_1 JLPT,}IH}/!Vk]I,内部告発によって不正会計が発覚した。,ないぶこくはつによってふせいかいけいがはっかくした。,내부 고발로 부정 회계가 발각되었다.
発散,はっさん,발산,JLPT_1 JLPT,%zFCUor>5e,週末は運動して仕事のストレスを発散する。,しゅうまつはうんどうしてしごとのすとれすをはっさんする。,주말에는 운동으로 업무 스트레스를 발산한다.
抜粋,ばっすい,발췌,JLPT_1 JLPT,"/_,K_?OrN{",長い報告書から重要な部分だけを抜粋した。,ながいほうこくしょからじゅうようなぶぶんだけをばっすいした。,긴 보고서에서 중요한 부분만 발췌했다.
鼻をつく,はなをつく,코를 찌르다,JLPT_1 JLPT,zwR|w*y=cq,部屋に入ると薬品の臭いが鼻をついた。,へやにはいるとやくひんのにおいがはなをついた。,방에 들어가자 약품 냄새가 코를 찔렀다.
幅広い,はばひろい,폭넓다,JLPT_1 JLPT,Hu.4Ov+bMH,この図書館は幅広い分野の本をそろえている。,このとしょかんははばひろいぶんやのほんをそろえている。,이 도서관은 폭넓은 분야의 책을 갖추고 있다.
生やす,はやす,(수염·초목 등) 기르다,JLPT_1 JLPT,pd0z~k8;I=,彼は役作りのために長い髭を生やした。,かれはやくづくりのためにながいひげをはやした。,그는 배역 준비를 위해 긴 수염을 길렀다.
はらはら,はらはら,조마조마,JLPT_1 JLPT,"b>cx<,V66g",子供が道路へ飛び出さないかとはらはらした。,こどもがどうろへとびださないかとはらはらした。,아이가 도로로 뛰어나가지 않을까 조마조마했다.
反応,はんのう,반응,JLPT_1 JLPT,nD-.1^0/2%,新製品に対する客の反応は予想以上によかった。,しんせいひんにたいするきゃくのはんのうはよそういじょうによかった。,신제품에 대한 고객 반응은 예상보다 좋았다.
非,ひ,잘못,JLPT_1 JLPT,w9%_>gU/#E,彼の行為の非を責めるだけでは解決しない。,かれのこういのひをせめるだけではかいけつしない。,그의 행위가 잘못됐다고 탓하기만 해서는 해결되지 않는다.
ひいては,ひいては,(더) 나아가서는,JLPT_1 JLPT,B/`4n~#vF2,節電は家計を助け、ひいては環境保護にもなる。,せつでんはかけいをたすけ、ひいてはかんきょうほごにもなる。,절전은 가계에 도움이 되고 더 나아가 환경 보호에도 기여한다.
ひしひしと,ひしひしと,절실히,JLPT_1 JLPT,R/(o[bP$}`,離れて暮らし、家族のありがたさをひしひしと感じた。,はなれてくらし、かぞくのありがたさをひしひしとかんじた。,떨어져 살면서 가족의 고마움을 절실히 느꼈다.
一息,ひといき,한숨 돌림,JLPT_1 JLPT,Aiq7pV#kv2,荷物を置いて一息ついてから出発しよう。,にもつをおいてひといきついてからしゅっぱつしよう。,짐을 놓고 한숨 돌린 뒤 출발하자.
人出,ひとで,나들이 인파,JLPT_1 JLPT,a|rGbn{-<V,祭りの日は駅前も大変な人出だった。,まつりのひはえきまえもたいへんなひとでだった。,축제 날에는 역 앞도 엄청난 인파로 붐볐다.
ひとまず,ひとまず,"일단, 우선",JLPT_1 JLPT,+)$o!~Tvur,ひとまず応急処置をして病院へ向かった。,ひとまずおうきゅうしょちをしてびょういんへむかった。,일단 응급 처치를 하고 병원으로 향했다.
表明,ひょうめい,표명,JLPT_1 JLPT,/B<DUyCi1i,市長は次の選挙に出馬する意向を表明した。,しちょうはつぎのせんきょにしゅつばするいこうをひょうめいした。,시장은 다음 선거에 출마할 뜻을 표명했다.
貧弱,ひんじゃく,빈약함,JLPT_1 JLPT,h+S>?`g@us,根拠が貧弱な主張には説得力がない。,こんきょがひんじゃくなしゅちょうにはせっとくりょくがない。,근거가 빈약한 주장에는 설득력이 없다.
ピント,ピント,"핀트, 초점",JLPT_1 JLPT,F+LvQcg3TX,写真のピントが合わず顔がぼやけてしまった。,しゃしんのぴんとがあわずかおがぼやけてしまった。,사진의 초점이 맞지 않아 얼굴이 흐릿해졌다.
頻繁,ひんぱん,빈번함,JLPT_1 JLPT,s%F?U$)3{!,この路線は事故で頻繁に遅れる。,このろせんはじこでひんぱんにおくれる。,이 노선은 사고로 자주 지연된다.
ファイト,ファイト,"파이팅, 투지",JLPT_1 JLPT,{Z~pwQ<pd<,最後まで諦めるな、ファイト！,さいごまであきらめるな、ふぁいと！,"끝까지 포기하지 마, 파이팅!"
風習,ふうしゅう,풍습,JLPT_1 JLPT,`+Z.JmyQ/=,正月に餅を食べる風習が今も残っている。,しょうがつにもちをたべるふうしゅうがいまものこっている。,설날에 떡을 먹는 풍습이 지금도 남아 있다.
フォーム,フォーム,"폼, 모양",JLPT_1 JLPT,furEkK`dL),けがを防ぐため正しいフォームで走る。,けがをふせぐためただしいふぉーむではしる。,부상을 막기 위해 올바른 자세로 달린다.
フォロー,フォロー,지원,JLPT_1 JLPT,[Br6E$)J;*,新人が困らないよう先輩がフォローする。,しんじんがこまらないようせんぱいがふぉろーする。,신입이 곤란하지 않도록 선배가 지원한다.
深まる,ふかまる,깊어지다,JLPT_1 JLPT,S|=;R#K6fz,交流を重ねるうちに両国の理解が深まった。,こうりゅうをかさねるうちにりょうこくのりかいがふかまった。,교류를 거듭하면서 양국의 이해가 깊어졌다.
ふさわしい,ふさわしい,어울리다,JLPT_1 JLPT,*0{8u_<?GB,この落ち着いた色は式典にふさわしい。,このおちついたいろはしきてんにふさわしい。,이 차분한 색은 기념식에 어울린다.
払拭,ふっしょく,불식,JLPT_1 JLPT,G<Od&79ke`,新社長は会社への不安を払拭しようと努めた。,しんしゃちょうはかいしゃへのふあんをふっしょくしようとつとめた。,신임 사장은 회사에 대한 불안을 불식하려고 노력했다.
無難,ぶなん,무난함,JLPT_1 JLPT,+iFcq(v1n4,初対面なら政治の話題は避けるのが無難だ。,しょたいめんならせいじのわだいはさけるのがぶなんだ。,첫 만남이라면 정치 이야기는 피하는 것이 무난하다.
不備,ふび,충분히 갖추어지지 않음,JLPT_1 JLPT,DsZ>2_^UmT,書類に不備があり申請を受理できなかった。,しょるいにふびがありしんせいをじゅりできなかった。,서류에 미비한 점이 있어 신청을 접수할 수 없었다.
ふらふら,ふらふら,"휘청휘청, 비틀비틀",JLPT_1 JLPT,}+u3Xdw|Rd,高熱で足元がふらふらしてまっすぐ歩けない。,こうねつであしもとがふらふらしてまっすぐあるけない。,고열로 다리가 휘청거려 똑바로 걸을 수 없다.
ぶらぶら,ぶらぶら,① 어슬렁어슬렁 ② 빈둥빈둥,JLPT_1 JLPT,s@zz(G?bO1,休日は商店街をぶらぶら歩いて過ごした。,きゅうじつはしょうてんがいをぶらぶらあるいてすごした。,휴일에는 상점가를 어슬렁거리며 보냈다.
ブランク,ブランク,"공백, 경력 단절",JLPT_1 JLPT,U[g3@fWN$=,十年のブランクを経て舞台に復帰した。,じゅうねんのぶらんくをへてぶたいにふっきした。,10년의 공백을 거쳐 무대에 복귀했다.
振り出し,ふりだし,"출발점, 처음 상태",JLPT_1 JLPT,?:3riUi]Hh,交渉が決裂し、話は振り出しに戻った。,こうしょうがけつれつし、はなしはふりだしにもどった。,협상이 결렬되어 이야기는 원점으로 돌아갔다.
付録,ふろく,부록,JLPT_1 JLPT,%8D!A~vmAm,巻末の付録に用語一覧が載っている。,かんまつのふろくにようごいちらんがのっている。,책 끝의 부록에 용어 목록이 실려 있다.
並行,へいこう,병행,JLPT_1 JLPT,@&jc|{~J6`,大学での勉強と仕事を並行して続けた。,だいがくでのべんきょうとしごとをへいこうしてつづけた。,대학 공부와 일을 병행했다.
へとへと,へとへと,몹시 지쳐서 힘이 없는 모양,JLPT_1 JLPT,wTXp;i<eur,一日中引っ越し作業をしてへとへとになった。,いちにちじゅうひっこしさぎょうをしてへとへとになった。,하루 종일 이사 작업을 해서 녹초가 되었다.
便宜,べんぎ,편의,JLPT_1 JLPT,=QS0?8pV_2,参加者の便宜を図り、駅から送迎バスを出す。,さんかしゃのべんぎをはかり、えきからそうげいばすをだす。,참가자의 편의를 위해 역에서 셔틀버스를 운행한다.
返却,へんきゃく,"반납, 반환",JLPT_1 JLPT,o{N^.PU;b},借りた本は二週間以内に返却してください。,かりたほんはにしゅうかんいないにへんきゃくしてください。,빌린 책은 2주 이내에 반납해 주세요.
返上,へんじょう,"반납, 반환",JLPT_1 JLPT,TzdANrW<L1,選手はけがのため今季のタイトルを返上した。,せんしゅはけがのためこんきのたいとるをへんじょうした。,선수는 부상 때문에 이번 시즌 타이틀을 반납했다.
報じる,ほうじる,알리다,JLPT_1 JLPT,QWS*(GpM@y,各社は事件の発生を一斉に報じた。,かくしゃはじけんのはっせいをいっせいにほうじた。,각 언론사는 사건 발생을 일제히 보도했다.
ほぐれる,ほぐれる,"풀리다, 누그러지다",JLPT_1 JLPT,mg$b?>uFQ],温泉につかると肩の筋肉がほぐれた。,おんせんにつかるとかたのきんにくがほぐれた。,온천에 몸을 담그자 어깨 근육이 풀렸다.
保護,ほご,보호,JLPT_1 JLPT,&)wf4tW:cD,希少な野生動物を密猟から保護する。,きしょうなやせいどうぶつをみつりょうからほごする。,희귀 야생동물을 밀렵으로부터 보호한다.
補充,ほじゅう,보충,JLPT_1 JLPT,OZ*(E|830S,売り切れる前に棚の商品を補充した。,うりきれるまえにたなのしょうひんをほじゅうした。,다 팔리기 전에 진열대 상품을 보충했다.
募集,ぼしゅう,모집,JLPT_1 JLPT,.buhagB68.,夏祭りを手伝うボランティアを募集している。,なつまつりをてつだうぼらんてぃあをぼしゅうしている。,여름 축제를 도울 자원봉사자를 모집하고 있다.
没収,ぼっしゅう,몰수,JLPT_1 JLPT,kMGN51}n8l,試験中に使った携帯電話は監督に没収された。,しけんちゅうにつかったけいたいでんわはかんとくにぼっしゅうされた。,시험 중 사용한 휴대전화는 감독관에게 몰수당했다.
発足,ほっそく,발족,JLPT_1 JLPT,"A3,Tb8nyh}",新しい支援団体が四月に発足した。,あたらしいしえんだんたいがしがつにほっそくした。,새 지원 단체가 4월에 발족했다.
施す,ほどこす,"행하다, 장식하다",JLPT_1 JLPT,/ery60k$)@,職人が箱の表面に美しい装飾を施した。,しょくにんがはこのひょうめんにうつくしいそうしょくをほどこした。,장인이 상자 표면에 아름다운 장식을 했다.
ぼやける,ぼやける,"흐려지다, 희미해지다",JLPT_1 JLPT,^^-a[5Wzq#,霧で遠くの山並みがぼやけて見える。,きりでとおくのやまなみがぼやけてみえる。,안개 때문에 먼 산줄기가 흐릿하게 보인다.
本音,ほんね,"본심, 속마음",JLPT_1 JLPT,l$Kx;{@pO8,酒が入るとつい本音が出てしまう。,さけがはいるとついほんねがでてしまう。,술이 들어가면 그만 속마음이 나와 버린다.
紛れる,まぎれる,"헷갈리다, (비슷해서) 분간 못하다",JLPT_1 JLPT,V-Hpqi0kO!,暗闇では黒い服が周囲に紛れて見えない。,くらやみではくろいふくがしゅういにまぎれてみえない。,어둠 속에서는 검은 옷이 주변에 섞여 보이지 않는다.
まく,まく,뿌리다,JLPT_1 JLPT,*[&DPQ/AVP,乾いた畑にじょうろで水をまく。,かわいたはたけにじょうろでみずをまく。,마른 밭에 물뿌리개로 물을 뿌린다.
まじわる,まじわる,① 교차하다 ② 뒤섞이다,JLPT_1 JLPT,voV%^vrp``,二本の道が村の入口でまじわる。,にほんのみちがむらのいりぐちでまじわる。,두 갈래 길이 마을 입구에서 교차한다.
まちまち,まちまち,"제각각, 각기 다름",JLPT_1 JLPT,:B>na_WJMM,参加者の服装は制服から私服までまちまちだ。,さんかしゃのふくそうはせいふくからしふくまでまちまちだ。,참가자들의 복장은 교복부터 사복까지 제각각이다.
まぬがれる,まぬがれる,"면하다, 피하다",JLPT_1 JLPT,-Pviw*NgEO,早期発見のおかげで手術をまぬがれた。,そうきはっけんのおかげでしゅじゅつをまぬがれた。,조기 발견 덕분에 수술을 피했다.
～まみれ,～まみれ,~투성이,JLPT_1 JLPT,Z0}3c|J]G*,雨の中を走り回って全身泥まみれになった。,あめのなかをはしりまわってぜんしんどろまみれになった。,빗속을 뛰어다녀 온몸이 진흙투성이가 되었다.
満場(一致),まんじょう(いっち),만장(일치),JLPT_1 JLPT,"`dLk,r7AP[",提案は満場一致で可決された。,ていあんはまんじょういっちでかけつされた。,제안은 만장일치로 가결되었다.
見合わせる,みあわせる,보류하다,JLPT_1 JLPT,]xjxAbBXp),悪天候のため試合の開催を見合わせた。,あくてんこうのためしあいのかいさいをみあわせた。,악천후 때문에 경기 개최를 보류했다.
見返り,みかえり,"대가, 보상",JLPT_1 JLPT,6<tHGI:/#w,親切に見返りを求めてはいけない。,しんせつにみかえりをもとめてはいけない。,친절에 대가를 바라서는 안 된다.
見かける,みかける,언뜻 보다,JLPT_1 JLPT,`K|M&I~.H2,今朝、駅で高校時代の先生を見かけた。,けさ、えきでこうこうじだいのせんせいをみかけた。,오늘 아침 역에서 고등학교 시절 선생님을 언뜻 보았다.
見苦しい,みぐるしい,보기 흉하다,JLPT_1 JLPT,`DYe?%LJk6,人前で責任を押し付け合う姿は見苦しい。,ひとまえでせきにんをおしつけあうすがたはみぐるしい。,남들 앞에서 서로 책임을 떠넘기는 모습은 보기 흉하다.
見込み,みこみ,"전망, 예정",JLPT_1 JLPT,zQcJ5bdg1U,この計画なら年内に完成する見込みだ。,このけいかくならねんないにかんせいするみこみだ。,이 계획이라면 연내에 완성될 전망이다.
密接,みっせつ,밀접함,JLPT_1 JLPT,Ym8+uHxjoC,生活習慣と健康には密接な関係がある。,せいかつしゅうかんとけんこうにはみっせつなかんけいがある。,생활 습관과 건강에는 밀접한 관계가 있다.
みっちり,みっちり,착실히,JLPT_1 JLPT,B`_(~(P$In,合宿では朝から晩までみっちり練習した。,がっしゅくではあさからばんまでみっちりれんしゅうした。,합숙에서는 아침부터 밤까지 착실히 연습했다.
見積もる,みつもる,어림잡다,JLPT_1 JLPT,<CqM].*%ME,修理費は少なくとも十万円と見積もられた。,しゅうりひはすくなくともじゅうまんえんとみつもられた。,수리비는 적어도 10만 엔으로 추산되었다.
身なり,みなり,옷차림,JLPT_1 JLPT,m~0#m-2@h-,面接では清潔な身なりを心掛けよう。,めんせつではせいけつなみなりをこころがけよう。,면접에서는 단정한 옷차림을 신경 쓰자.
身の回り,みのまわり,신변,JLPT_1 JLPT,2#Q]eqL8im,避難する前に身の回りの物をまとめた。,ひなんするまえにみのまわりのものをまとめた。,대피하기 전에 주변 물건을 챙겼다.
未練,みれん,미련,JLPT_1 JLPT,x=l8?l|g?r,卒業しても故郷への未練を断ち切れなかった。,そつぎょうしてもこきょうへのみれんをたちきれなかった。,졸업하고도 고향에 대한 미련을 끊지 못했다.
ムード,ムード,"무드, 분위기",JLPT_1 JLPT,"yp,zqKoV&W",照明を落とすと店内が静かなムードになった。,しょうめいをおとすとてんないがしずかなむーどになった。,조명을 낮추자 가게 안이 차분한 분위기가 되었다.
無計画,むけいかく,무계획,JLPT_1 JLPT,MqlRyD{=vq,無計画に借金を重ねれば生活が苦しくなる。,むけいかくにしゃっきんをかさねればせいかつがくるしくなる。,무계획하게 빚을 늘리면 생활이 어려워진다.
無効,むこう,무효,JLPT_1 JLPT,.!$.y@oqG7,期限を過ぎた入場券は無効です。,きげんをすぎたにゅうじょうけんはむこうです。,기한이 지난 입장권은 무효입니다.
むしゃくしゃする,むしゃくしゃする,"짜증나다, 언짢다",JLPT_1 JLPT,y-{Cbhc52Q,電車が何度も遅れて朝からむしゃくしゃする。,でんしゃがなんどもおくれてあさからむしゃくしゃする。,전철이 몇 번이나 늦어 아침부터 짜증이 난다.
無性に,むしょうに,"몹시, 공연히, 무턱대고",JLPT_1 JLPT,vDr}o$_is.,夜中に無性に甘い物が食べたくなった。,よなかにむしょうにあまいものがたべたくなった。,한밤중에 몹시 단것이 먹고 싶어졌다.
無茶,むちゃ,"터무니 없음, 당치 않음",JLPT_1 JLPT,"tyRR,g@z_t",初心者が一人で冬山に登るのは無茶だ。,しょしんしゃがひとりでふゆやまにのぼるのはむちゃだ。,초보자가 혼자 겨울 산에 오르는 것은 무모하다.
むなしい,むなしい,"공허하다, 허무하다",JLPT_1 JLPT,4}+sm`3~ik,努力が何の成果にもつながらずむなしかった。,どりょくがなんのせいかにもつながらずむなしかった。,노력이 아무 성과로도 이어지지 않아 허무했다.
無謀,むぼう,무모함,JLPT_1 JLPT,"A8s,NJUZd9",十分な装備もなく航海に出るのは無謀だ。,じゅうぶんなそうびもなくこうかいにでるのはむぼうだ。,충분한 장비도 없이 항해에 나서는 것은 무모하다.
明白,めいはく,명백함,JLPT_1 JLPT,?#>gqDG`N3,記録を見れば彼の説明が嘘なのは明白だ。,きろくをみればかれのせつめいがうそなのはめいはくだ。,기록을 보면 그의 설명이 거짓임은 명백하다.
明朗,めいろう,명랑함,JLPT_1 JLPT,oV8zRks}:j,彼女の明朗な性格が職場を明るくする。,かのじょのめいろうなせいかくがしょくばをあかるくする。,그녀의 명랑한 성격이 직장을 밝게 만든다.
めきめき,めきめき,"눈에 띄게, 두드러지게",JLPT_1 JLPT,!3q1:e`.lG,毎日泳ぐうちに記録がめきめき伸びた。,まいにちおよぐうちにきろくがめきめきのびた。,매일 수영하면서 기록이 눈에 띄게 향상됐다.
目先,めさき,"눈앞, 현재, 당장",JLPT_1 JLPT,/N|6v}#y*|,目先の利益にとらわれて信用を失った。,めさきのりえきにとらわれてしんようをうしなった。,눈앞의 이익에 사로잡혀 신용을 잃었다.
めざましい,めざましい,눈부시다,JLPT_1 JLPT,u=<lq`{[x(,この町は戦後めざましい発展を遂げた。,このまちはせんごめざましいはってんをとげた。,이 도시는 전후 눈부신 발전을 이루었다.
メディア,メディア,"미디어, 매체",JLPT_1 JLPT,>1{;em>m!o,事件は海外のメディアにも大きく報じられた。,じけんはかいがいのめでぃあにもおおきくほうじられた。,사건은 해외 매체에도 크게 보도되었다.
めど,めど,"목표, 전망",JLPT_1 JLPT,&H@pb!Cx6n,工事は来月中に終わるめどが立った。,こうじはらいげつちゅうにおわるめどがたった。,공사를 다음 달 안에 끝낼 수 있을 것으로 보인다.
面倒を見る,めんどうをみる,돌봐 주다,JLPT_1 JLPT,0{TptxWcQv,留守の間、隣人が猫の面倒を見てくれた。,るすのあいだ、りんじんがねこのめんどうをみてくれた。,집을 비운 동안 이웃이 고양이를 돌봐 주었다.
綿密,めんみつ,면밀함,JLPT_1 JLPT,QwGL::?U2C,医師は検査結果を綿密に分析した。,いしはけんさけっかをめんみつにぶんせきした。,의사는 검사 결과를 면밀히 분석했다.
猛(反対),もう(はんたい),맹(반대),JLPT_1 JLPT,7Zd=8SS7SM,住民は工場の建設に猛反対している。,じゅうみんはこうじょうのけんせつにもうはんたいしている。,주민들은 공장 건설에 맹렬히 반대하고 있다.
模型,もけい,모형,JLPT_1 JLPT,fqr]sfTkcp,建築家が木製の模型で新庁舎を示した。,けんちくかがもくせいのもけいでしんちょうしゃをしめした。,건축가가 목제 모형으로 새 청사를 보여 주었다.
目下,もっか,"목하, 현재",JLPT_1 JLPT,Rme`thec;R,目下、事故の原因を詳しく調査している。,もっか、じこのげんいんをくわしくちょうさしている。,현재 사고 원인을 자세히 조사하고 있다.
もっぱら,もっぱら,"오로지, 한결같이",JLPT_1 JLPT,"Qj[,x#-]Sb",退職後はもっぱら畑仕事をしている。,たいしょくごはもっぱらはたけしごとをしている。,퇴직 후에는 오로지 밭일을 하고 있다.
もてなす,もてなす,"대접하다, 환대하다",JLPT_1 JLPT,_n}}m&iftQ,主人は手料理で客をもてなした。,しゅじんはてりょうりできゃくをもてなした。,주인은 손수 만든 요리로 손님을 대접했다.
もどかしい,もどかしい,"애가 타다, 안타깝다",JLPT_1 JLPT,btfsep#Wh*,思いをうまく言葉にできずもどかしい。,おもいをうまくことばにできずもどかしい。,마음을 말로 잘 표현하지 못해 답답하다.
もろい,もろい,"약하다, 여리다",JLPT_1 JLPT,$;J6(J!nz5,古い紙はもろく、触れただけで破れた。,ふるいかみはもろく、ふれただけでやぶれた。,오래된 종이는 약해서 건드리기만 해도 찢어졌다.
もろに,もろに,"정면으로, 직접",JLPT_1 JLPT,a`uIsV;IWQ,海岸の町は台風の直撃をもろに受けた。,かいがんのまちはたいふうのちょくげきをもろにうけた。,해안 도시는 태풍의 직격탄을 그대로 맞았다.
焼け石に水,やけいしにみず,언 발에 오줌누기(임시방편),JLPT_1 JLPT,w!nAr7#`T},少額の援助では膨大な赤字には焼け石に水だ。,しょうがくのえんじょではぼうだいなあかじにはやけいしにみずだ。,소액의 지원으로는 막대한 적자를 메우기에 턱없이 부족하다.
野心,やしん,야심,JLPT_1 JLPT,yiL(EbfA/s,彼は世界市場に進出する野心を抱いている。,かれはせかいしじょうにしんしゅつするやしんをいだいている。,그는 세계 시장에 진출하려는 야심을 품고 있다.
ややこしい,ややこしい,까다롭다,JLPT_1 JLPT,0A!:V?X>x_,税金の手続きは複雑でややこしい。,ぜいきんのてつづきはふくざつでややこしい。,세금 절차는 복잡하고 까다롭다.
和らげる,やわらげる,완화시키다,JLPT_1 JLPT,$zM}5w}SkP,薬で関節の痛みを和らげる。,くすりでかんせつのいたみをやわらげる。,약으로 관절 통증을 완화한다.
やんわり,やんわり,"부드럽게, 살며시",JLPT_1 JLPT,7dBJfF5/#c,誘いをやんわり断る言い方を考えた。,さそいをやんわりことわるいいかたをかんがえた。,권유를 부드럽게 거절할 표현을 생각했다.
ユーモア,ユーモア,유머,JLPT_1 JLPT,#I90eF!I?9,緊張した会場を彼のユーモアが和ませた。,きんちょうしたかいじょうをかれのゆーもあがなごませた。,긴장된 행사장을 그의 유머가 누그러뜨렸다.
誘惑,ゆうわく,유혹,JLPT_1 JLPT,xoK>+J;Y7A,目先の利益の誘惑に負けてはいけない。,めさきのりえきのゆうわくにまけてはいけない。,눈앞의 이익이라는 유혹에 넘어가서는 안 된다.
行き違い,ゆきちがい,"오해, 착오(いきちがい로도 읽음)",JLPT_1 JLPT,zV#@`Lb>~Y,連絡の行き違いで二人とも会場に遅れた。,れんらくのゆきちがいでふたりともかいじょうにおくれた。,연락 착오로 두 사람 모두 행사장에 늦었다.
行き届く,ゆきとどく,구석구석까지 미치다,JLPT_1 JLPT,X:&&uv4vS*,細かいところまで清掃が行き届いている。,こまかいところまでせいそうがゆきとどいている。,세세한 곳까지 청소가 잘 되어 있다.
ゆとり,ゆとり,여유,JLPT_1 JLPT,[K8G:rI`9j,予定にゆとりを持たせて早めに出発した。,よていにゆとりをもたせてはやめにしゅっぱつした。,일정에 여유를 두고 일찍 출발했다.
揺らぐ,ゆらぐ,흔들리다,JLPT_1 JLPT,$6Z4/sZO7J,不祥事によって政権への信頼が揺らいだ。,ふしょうじによってせいけんへのしんらいがゆらいだ。,불미스러운 일로 정권에 대한 신뢰가 흔들렸다.
ゆるめる,ゆるめる,늦추다,JLPT_1 JLPT,/dB!c|f%E4,苦しくなったので首元のボタンをゆるめた。,くるしくなったのでくびもとのぼたんをゆるめた。,답답해져서 목 부분의 단추를 풀었다.
抑制,よくせい,억제,JLPT_1 JLPT,?N#>o^gCLC,塩分を控えることで血圧の上昇を抑制する。,えんぶんをひかえることでけつあつのじょうしょうをよくせいする。,염분을 줄여 혈압 상승을 억제한다.
養成,ようせい,양성,JLPT_1 JLPT,VrRt50i~I:,大学は地域医療を担う人材を養成している。,だいがくはちいきいりょうをになうじんざいをようせいしている。,대학은 지역 의료를 담당할 인재를 양성하고 있다.
予断,よだん,예측,JLPT_1 JLPT,^Lh2AfdEh|,予断を許さない状況が今も続いている。,よだんをゆるさないじょうきょうがいまもつづいている。,한 치 앞을 내다볼 수 없는 상황이 지금도 이어지고 있다.
余波,よは,여파,JLPT_1 JLPT,:%>hd4kvTz,値上げの余波が飲食店にも広がっている。,ねあげのよはがいんしょくてんにもひろがっている。,가격 인상의 여파가 음식점에도 퍼지고 있다.
よみがえる,よみがえる,되살아나다,JLPT_1 JLPT,@&6MbKDA]h,懐かしい曲を聞くと学生時代の記憶がよみがえる。,なつかしいきょくをきくとがくせいじだいのきおくがよみがえる。,그리운 노래를 들으면 학창 시절의 기억이 되살아난다.
楽観的,らっかんてき,낙관적,JLPT_1 JLPT,z&cu^Tr8/(,根拠もなく楽観的に考えるのは危険だ。,こんきょもなくらっかんてきにかんがえるのはきけんだ。,근거도 없이 낙관적으로 생각하는 것은 위험하다.
リード,リード,리드,JLPT_1 JLPT,0T1m9oYw}%,主将の一打でチームが一点リードした。,しゅしょうのいちだでちーむがいってんりーどした。,주장의 한 방으로 팀이 1점 앞섰다.
リスク,リスク,위험,JLPT_1 JLPT,pdv;)Z-VDr,海外投資には為替変動のリスクが伴う。,かいがいとうしにはかわせへんどうのりすくがともなう。,해외 투자에는 환율 변동 위험이 따른다.
リストアップ,リストアップ,"나열, 열거",JLPT_1 JLPT,kt;E{GlsCL,訪問したい店を十軒リストアップした。,ほうもんしたいみせをじゅっけんりすとあっぷした。,방문하고 싶은 가게 열 곳을 목록으로 뽑았다.
理性的,りせいてき,이성적,JLPT_1 JLPT,ZED42x;3H*,感情に流されず理性的に話し合おう。,かんじょうにながされずりせいてきにはなしあおう。,감정에 휩쓸리지 말고 이성적으로 대화하자.
流出,りゅうしゅつ,유출,JLPT_1 JLPT,I|>G0I)$1P,顧客情報の流出を防ぐ対策が必要だ。,こきゃくじょうほうのりゅうしゅつをふせぐたいさくがひつようだ。,고객 정보 유출을 막을 대책이 필요하다.
領域,りょういき,영역,JLPT_1 JLPT,0t}tySa;?|,その問題は医学だけで扱える領域を超えている。,そのもんだいはいがくだけであつかえるりょういきをこえている。,그 문제는 의학만으로 다룰 수 있는 영역을 넘어선다.
良識,りょうしき,양식,JLPT_1 JLPT,RscUuHIs53,公共の場では良識ある行動が求められる。,こうきょうのばではりょうしきあるこうどうがもとめられる。,공공장소에서는 양식 있는 행동이 요구된다.
類推,るいすい,유추,JLPT_1 JLPT,"=P8i4M@,B,",過去の事例から事故の原因を類推した。,かこのじれいからじこのげんいんをるいすいした。,과거 사례에서 사고 원인을 유추했다.
ルーズ,ルーズ,"단정치 못함, 허술함",JLPT_1 JLPT,":)0,I+<L~A",時間にルーズな彼は今日も遅刻した。,じかんにるーずなかれはきょうもちこくした。,시간 관념이 허술한 그는 오늘도 지각했다.
レイアウト,レイアウト,레이아웃,JLPT_1 JLPT,y4QtY]Cm:A,家具を動かして部屋のレイアウトを変えた。,かぐをうごかしてへやのれいあうとをかえた。,가구를 옮겨 방의 배치를 바꾸었다.
(歴史)上,(れきし)じょう,(역사)상,JLPT_1 JLPT,"9(,C]#>(i[",この発見は医学史上きわめて重要だ。,このはっけんはいがくしじょうきわめてじゅうようだ。,이 발견은 의학 역사상 매우 중요하다.
歴然と,れきぜんと,또렷하게,JLPT_1 JLPT,T?aWTDfyDM,練習量の差が結果に歴然と表れた。,れんしゅうりょうのさがけっかにれきぜんとあらわれた。,연습량의 차이가 결과에 뚜렷이 나타났다.
レベル,レベル,"레벨, 수준",JLPT_1 JLPT,T*s31&ntDL,初心者のレベルに合わせて説明する。,しょしんしゃのれべるにあわせてせつめいする。,초보자의 수준에 맞춰 설명한다.
連帯,れんたい,연대,JLPT_1 JLPT,"}e,05N1JlO",災害を機に地域の連帯が強まった。,さいがいをきにちいきのれんたいがつよまった。,재해를 계기로 지역의 연대가 강해졌다.
浪費,ろうひ,낭비,JLPT_1 JLPT,Z}-#9S/NE],誰もいない部屋の照明をつけておくのは電気の浪費だ。,だれもいないへやのしょうめいをつけておくのはでんきのろうひだ。,아무도 없는 방의 조명을 켜 두는 것은 전기 낭비다.
ろくに,ろくに,"제대로, 변변히",JLPT_1 JLPT,d|G2YB[8[N,徹夜したので朝食もろくに食べられなかった。,てつやしたのでちょうしょくもろくにたべられなかった。,밤을 새워서 아침밥도 제대로 먹지 못했다.
ロマンチック,ロマンチック,"로맨틱함, 낭만적임",JLPT_1 JLPT,4o1*rO3$gY,海辺のホテルでロマンチックな夕食を楽しんだ。,うみべのほてるでろまんちっくなゆうしょくをたのしんだ。,해변 호텔에서 낭만적인 저녁 식사를 즐겼다.
論理,ろんり,논리,JLPT_1 JLPT,1w?*m5{7Xy,感情ではなく論理に基づいて結論を出した。,かんじょうではなくろんりにもとづいてけつろんをだした。,감정이 아니라 논리에 근거해 결론을 내렸다.
わざわざ,わざわざ,"일부러, 특별히",JLPT_1 JLPT,]6#@&VKi{w,雨の中をわざわざ届けてくれてありがとう。,あめのなかをわざわざとどけてくれてありがとう。,빗속에 일부러 가져다줘서 고마워.
わずらわしい,わずらわしい,"귀찮다, 성가시다",JLPT_1 JLPT,QdA$PdzOm+,毎朝満員電車に乗るのはわずらわしい。,まいあさまんいんでんしゃにのるのはわずらわしい。,매일 아침 만원 전철을 타는 것은 성가시다.
割り当てる,わりあてる,분배하다,JLPT_1 JLPT,B:I$D{joXC,部長は新人にも重要な仕事を割り当てた。,ぶちょうはしんじんにもじゅうようなしごとをわりあてた。,부장은 신입에게도 중요한 일을 배정했다.
割り込む,わりこむ,끼어들다,JLPT_1 JLPT,Z{p5Jki@rs,列に割り込む人を係員が注意した。,れつにわりこむひとをかかりいんがちゅういした。,줄에 끼어드는 사람을 직원이 주의시켰다.
間柄,あいだがら,관계,JLPT_1 JLPT,-FzL`(WT%F,二人は何でも相談できる間柄だ。,ふたりはなんでもそうだんできるあいだがらだ。,두 사람은 무엇이든 의논할 수 있는 사이다.
あざやか,あざやか,선명함,JLPT_1 JLPT,;MR~@Sr1h;,雨上がりの空にあざやかな虹が架かった。,あめあがりのそらにあざやかなにじがかかった。,비가 갠 하늘에 선명한 무지개가 걸렸다.
当てはめる,あてはめる,"꼭 들어 맞추다, 적용시키다",JLPT_1 JLPT,F:fy4}]TA5,学んだ公式を実際の問題に当てはめる。,まなんだこうしきをじっさいのもんだいにあてはめる。,배운 공식을 실제 문제에 적용한다.
ありきたりだ,ありきたりだ,"흔하다, 평범하다",JLPT_1 JLPT,"aW~+sUS,F3",その映画はありきたりな結末で物足りなかった。,そのえいがはありきたりなけつまつでものたりなかった。,그 영화는 흔한 결말이라 아쉬웠다.
案の定,あんのじょう,"예상대로, 아니나다를까",JLPT_1 JLPT,87b+MbpYPp,案の定、午後から激しい雨が降り出した。,あんのじょう、ごごからはげしいあめがふりだした。,예상대로 오후부터 거센 비가 내리기 시작했다.
意地,いじ,고집,JLPT_1 JLPT,`2bM@GP^LH,意地を張らずに自分の間違いを認めなさい。,いじをはらずにじぶんのまちがいをみとめなさい。,고집부리지 말고 자신의 잘못을 인정해라.
一律,いちりつ,일률,JLPT_1 JLPT,L0SI+!WHs#,年齢に関係なく料金は一律千円です。,ねんれいにかんけいなくりょうきんはいちりつせんえんです。,나이와 관계없이 요금은 일률적으로 천 엔입니다.
一括,いっかつ,"일괄, 한데 묶음",JLPT_1 JLPT,R|2p+?1Tx&,支払いは月末に一括でお願いします。,しはらいはげつまつにいっかつでおねがいします。,결제는 월말에 일괄로 부탁드립니다.
一見,いっけん,언뜻 보기에,JLPT_1 JLPT,SL_kuD:5uu,一見簡単そうだが、解くには工夫が要る。,いっけんかんたんそうだが、とくにはくふうがいる。,언뜻 간단해 보이지만 풀려면 궁리가 필요하다.
今更,いまさら,이제와서,JLPT_1 JLPT,W|3lrQR9dv,今更謝っても失った信用は戻らない。,いまさらあやまってもうしなったしんようはもどらない。,이제 와서 사과해도 잃어버린 신뢰는 돌아오지 않는다.
いやに,いやに,"이상하게, 묘하게",JLPT_1 JLPT,0:qH.2v4+?,今日はいやに電車が空いている。,きょうはいやにでんしゃがすいている。,오늘은 이상하게 전철이 한산하다.
内訳,うちわけ,"내역, 명세",JLPT_1 JLPT,^F`1{zHQiZ,請求額の内訳を明細書で確認した。,せいきゅうがくのうちわけをめいさいしょでかくにんした。,청구액의 내역을 명세서로 확인했다.
うなだれる,うなだれる,고개를 숙이다,JLPT_1 JLPT,5RX7#fcd%s,敗戦した選手は黙ってうなだれた。,はいせんしたせんしゅはだまってうなだれた。,패배한 선수는 말없이 고개를 숙였다.
裏腹,うらはら,"정반대, 모순이 됨",JLPT_1 JLPT,hp|_s>A9=r,厳しい言葉とは裏腹に彼の表情は優しかった。,きびしいことばとはうらはらにかれのひょうじょうはやさしかった。,엄한 말과는 반대로 그의 표정은 다정했다.
押収,おうしゅう,압수,JLPT_1 JLPT,Akb~7n60KL,警察は容疑者の自宅から証拠品を押収した。,けいさつはようぎしゃのじたくからしょうこひんをおうしゅうした。,경찰은 용의자의 자택에서 증거품을 압수했다.
おごる,おごる,한턱내다,JLPT_1 JLPT,"x?tXiV*,q^",昇進祝いに今日は私がおごるよ。,しょうしんいわいにきょうはわたしがおごるよ。,승진 축하로 오늘은 내가 한턱낼게.
帯びる,おびる,"(성질, 경향) 띠다",JLPT_1 JLPT,orFy|d|2UW,夕暮れの空が赤みを帯びてきた。,ゆうぐれのそらがあかみをおびてきた。,해 질 무렵 하늘이 붉은빛을 띠기 시작했다.
思い詰める,おもいつめる,골똘히 생각하다,JLPT_1 JLPT,}fq^4Bdu-A,一人で思い詰めず家族に相談しなさい。,ひとりでおもいつめずかぞくにそうだんしなさい。,혼자 골똘히 고민하지 말고 가족에게 의논해라.
（～は）おろか,（～は）おろか,"(~은) 고사하고, (~은) 물론",JLPT_1 JLPT,v(3*dPFc+C,彼は漢字はおろか、ひらがなも読めない。,かれはかんじはおろか、ひらがなもよめない。,그는 한자는 고사하고 히라가나도 읽지 못한다.
解明,かいめい,"해명, 밝힘",JLPT_1 JLPT,Prtk:7(3u5,研究班が感染経路の解明に乗り出した。,けんきゅうはんがかんせんけいろのかいめいにのりだした。,연구팀이 감염 경로 규명에 나섰다.
解約,かいやく,해약,JLPT_1 JLPT,.5Gj/U%:6%,転居に伴い電気の契約を解約した。,てんきょにともないでんきのけいやくをかいやくした。,이사하면서 전기 계약을 해지했다.
抱え込む,かかえこむ,① (양팔로) 껴안다 ② 떠맡다,JLPT_1 JLPT,"Eum6h,Y1gp",仕事を一人で抱え込まず仲間に頼ろう。,しごとをひとりでかかえこまずなかまにたよろう。,일을 혼자 떠안지 말고 동료에게 의지하자.
かすれる,かすれる,"(목이) 쉬다, (글씨가) 흐릿하게 써지다",JLPT_1 JLPT,{21ts2UtRj,叫び続けたせいで声がかすれてしまった。,さけびつづけたせいでこえがかすれてしまった。,계속 소리친 탓에 목소리가 쉬어 버렸다.
かたくな,かたくな,"완고함, 막무가내임",JLPT_1 JLPT,"o6ERS$I$@,",彼は謝罪を求められてもかたくなに拒んだ。,かれはしゃざいをもとめられてもかたくなにこばんだ。,그는 사과를 요구받고도 완강히 거부했다.
合致,がっち,"합치, 일치",JLPT_1 JLPT,OWk+w4ML~v,双方の証言は細部まで合致している。,そうほうのしょうげんはさいぶまでがっちしている。,양측의 증언은 세부까지 일치한다.
かなう,かなう,"희망대로 되다, 이루어지다",JLPT_1 JLPT,aQ;ML2u{=J,長年の夢がかなって自分の店を持てた。,ながねんのゆめがかなってじぶんのみせをもてた。,오랜 꿈이 이루어져 내 가게를 갖게 되었다.
かばう,かばう,"(남의 죄, 잘못) 감싸주다",JLPT_1 JLPT,O)dOSR-y|W,母親は子供をかばって前に立った。,ははおやはこどもをかばってまえにたった。,어머니는 아이를 감싸며 앞에 섰다.
加味,かみ,"(맛, 다른 요소) 더함, 가미",JLPT_1 JLPT,jA@~O5@6pI,利用者の意見も加味して設計を見直した。,りようしゃのいけんもかみしてせっけいをみなおした。,이용자의 의견도 감안해 설계를 재검토했다.
仮に,かりに,"가령, 임시로",JLPT_1 JLPT,.DyW]&|I0`,仮に失敗しても経験は無駄にならない。,かりにしっぱいしてもけいけんはむだにならない。,가령 실패하더라도 경험은 헛되지 않는다.
閑静,かんせい,"조용함, 고요함",JLPT_1 JLPT,"$[g<E,w6^x",駅から離れた閑静な住宅街に引っ越した。,えきからはなれたかんせいなじゅうたくがいにひっこした。,역에서 떨어진 조용한 주택가로 이사했다.
簡素,かんそ,간소,JLPT_1 JLPT,7`CP^E>RPP,式は身内だけで簡素に執り行われた。,しきはみうちだけでかんそにとりおこなわれた。,식은 가족끼리만 간소하게 치러졌다.
かんぺき,かんぺき,완벽함,JLPT_1 JLPT,eEVL3{5<:S,準備はかんぺきだったのに本番で失敗した。,じゅんびはかんぺきだったのにほんばんでしっぱいした。,준비는 완벽했는데 실전에서 실패했다.
ぎこちない,ぎこちない,"어색하다, 딱딱하다",JLPT_1 JLPT,5~W2JAyy(F,初対面の二人は会話がどこかぎこちない。,しょたいめんのふたりはかいわがどこかぎこちない。,처음 만난 두 사람은 대화가 어딘가 어색하다.
きざ,きざ,"불쾌함, 아니꼬움",JLPT_1 JLPT,aF^{F~S[_0,彼のきざな褒め方がどうも鼻につく。,かれのきざなほめかたがどうもはなにつく。,그의 느끼한 칭찬 방식이 아무래도 거슬린다.
兆し,きざし,"조짐, 징조",JLPT_1 JLPT,Xx-H+NIB2`,木々の芽に春の兆しを感じた。,きぎのめにはるのきざしをかんじた。,나무의 새싹에서 봄의 조짐을 느꼈다.
基調,きちょう,"기조, 바탕",JLPT_1 JLPT,J;]%F=QP3~,今年も緊縮路線を基調とする予算が組まれた。,ことしもきんしゅくろせんをきちょうとするよさんがくまれた。,올해도 긴축 노선을 기조로 한 예산이 편성됐다.
軌道,きどう,궤도,JLPT_1 JLPT,2Sy{gzGBP;,事業はようやく軌道に乗り始めた。,じぎょうはようやくきどうにのりはじめた。,사업은 마침내 궤도에 오르기 시작했다.
極端,きょくたん,극단적임,JLPT_1 JLPT,fu=uLW-`xN,食事を極端に減らす減量法は危険だ。,しょくじをきょくたんにへらすげんりょうほうはきけんだ。,식사를 극단적으로 줄이는 감량법은 위험하다.
拠点,きょてん,거점,JLPT_1 JLPT,n<(m5dCF@G,港町を海外展開の拠点に選んだ。,みなとまちをかいがいてんかいのきょてんにえらんだ。,항구 도시를 해외 진출의 거점으로 선택했다.
均等に,きんとうに,균등하게,JLPT_1 JLPT,:r-:9kNDRB,生地を八人分に均等に分ける。,きじをはちにんぶんにきんとうにわける。,반죽을 여덟 사람 몫으로 균등하게 나눈다.
緊密,きんみつ,긴밀함,JLPT_1 JLPT,sYX~f;=rA8,両社は緊密に連携して新製品を開発した。,りょうしゃはきんみつにれんけいしてしんせいひんをかいはつした。,두 회사는 긴밀히 협력해 신제품을 개발했다.
食い違う,くいちがう,"어긋나다, 엇갈리다",JLPT_1 JLPT,Ypft!lK>IV,二人の証言は時間の点で食い違っている。,ふたりのしょうげんはじかんのてんでくいちがっている。,두 사람의 증언은 시간 면에서 엇갈린다.
くじける,くじける,(기세가) 꺾이다,JLPT_1 JLPT,@X{|S-[Ru&,何度失敗しても彼女はくじけなかった。,なんどしっぱいしてもかのじょはくじけなかった。,몇 번 실패해도 그녀는 기가 꺾이지 않았다.
口出し,くちだし,말참견,JLPT_1 JLPT,d}%Z$kT^vs,夫婦の問題に他人が口出しするべきではない。,ふうふのもんだいにたにんがくちだしするべきではない。,부부 문제에 남이 참견해서는 안 된다.
くまなく,くまなく,"분명히, 뚜렷하게, 빠짐없이",JLPT_1 JLPT,^<;BYfEh-3,捜索隊は山中をくまなく捜した。,そうさくたいはさんちゅうをくまなくさがした。,수색대는 산속을 빠짐없이 찾아보았다.
工面,くめん,"변통, 주머니 사정",JLPT_1 JLPT,dK4q{R+b8%,旅費を工面するため週末も働いた。,りょひをくめんするためしゅうまつもはたらいた。,여비를 마련하려고 주말에도 일했다.
欠如,けつじょ,결여,JLPT_1 JLPT,@?(-;*Hp|5,その制度には公平性が欠如している。,そのせいどにはこうへいせいがけつじょしている。,그 제도에는 공평성이 결여되어 있다.
結末,けつまつ,결말,JLPT_1 JLPT,6b8%2Hxv#L,最後まで予想できない結末に驚いた。,さいごまでよそうできないけつまつにおどろいた。,끝까지 예상할 수 없는 결말에 놀랐다.
高尚,こうしょう,고상함,JLPT_1 JLPT,^p_^-hUg6N,彼は高尚な理想を語るが行動が伴わない。,かれはこうしょうなりそうをかたるがこうどうがともなわない。,그는 고상한 이상을 말하지만 행동이 따르지 않는다.
広大,こうだい,광대함,JLPT_1 JLPT,nYCO>CgW`U,眼下には広大な平原が広がっていた。,がんかにはこうだいなへいげんがひろがっていた。,눈 아래에는 광대한 평원이 펼쳐져 있었다.
交付,こうふ,교부,JLPT_1 JLPT,9#~lK_^r#l,市役所で住民票を交付してもらった。,しやくしょでじゅうみんひょうをこうふしてもらった。,시청에서 주민표를 발급받았다.
巧妙,こうみょう,교묘함,JLPT_1 JLPT,"QN,AxOaoh-",巧妙に仕組まれた詐欺に気づかなかった。,こうみょうにしくまれたさぎにきづかなかった。,교묘하게 꾸며진 사기라는 것을 알아차리지 못했다.
心当たり,こころあたり,짐작 가는 곳,JLPT_1 JLPT,Km6}gZ&`0o,鍵の置き場所に心当たりはありませんか。,かぎのおきばしょにこころあたりはありませんか。,열쇠를 둔 곳에 짐작 가는 데가 없습니까?
心構え,こころがまえ,"마음가짐, 각오",JLPT_1 JLPT,CYhfqBl[-U,災害時に備える心構えを忘れてはいけない。,さいがいじにそなえるこころがまえをわすれてはいけない。,재해에 대비하는 마음가짐을 잊어서는 안 된다.
細心,さいしん,세심함,JLPT_1 JLPT,RHW@3Xb8US,危険な薬品なので細心の注意を払う。,きけんなやくひんなのでさいしんのちゅういをはらう。,위험한 약품이므로 세심한 주의를 기울인다.
作動,さどう,작동,JLPT_1 JLPT,Nwx<<./xk@,非常ボタンを押すと警報装置が作動する。,ひじょうぼたんをおすとけいほうそうちがさどうする。,비상 버튼을 누르면 경보 장치가 작동한다.
しがみつく,しがみつく,매달리다,JLPT_1 JLPT,~Mi6L)pQ/6,幼い子供が母親の腕にしがみついた。,おさないこどもがははおやのうでにしがみついた。,어린아이가 어머니의 팔에 매달렸다.
資質,ししつ,자질,JLPT_1 JLPT,"FW0E_6,o]%",彼女には指導者としての資質がある。,かのじょにはしどうしゃとしてのししつがある。,그녀에게는 지도자로서의 자질이 있다.
失脚する,しっきゃくする,실각하다,JLPT_1 JLPT,>Jyt#QJp=8,汚職疑惑で大臣が失脚した。,おしょくぎわくでだいじんがしっきゃくした。,부패 의혹으로 장관이 실각했다.
質素,しっそ,검소함,JLPT_1 JLPT,SkWNhz0W&/,祖母は質素だが満ち足りた生活を送った。,そぼはしっそだがみちたりたせいかつをおくった。,할머니는 검소하지만 만족스러운 삶을 살았다.
実に,じつに,실로,JLPT_1 JLPT,rN?7U?0cME,頂上からの眺めは実に見事だった。,ちょうじょうからのながめはじつにみごとだった。,정상에서 본 경치는 실로 훌륭했다.
しなやか,しなやか,탄력이 있고 유연함,JLPT_1 JLPT,KF6dOQWRJ$,この竹は強い風にも耐えるほどしなやかだ。,このたけはつよいかぜにもたえるほどしなやかだ。,이 대나무는 강풍에도 견딜 만큼 유연하다.
辞任,じにん,사임,JLPT_1 JLPT,q~j)cnp;^7,社長は業績悪化の責任を取り辞任した。,しゃちょうはぎょうせきあっかのせきにんをとりじにんした。,사장은 실적 악화의 책임을 지고 사임했다.
遮断する,しゃだんする,차단하다,JLPT_1 JLPT,Ga*E~kJ>)j,大雪で山間部への道路が遮断された。,おおゆきでさんかんぶへのどうろがしゃだんされた。,폭설로 산간 지역으로 가는 도로가 차단되었다.
終日,しゅうじつ,종일,JLPT_1 JLPT,"srA{,8BJ/L",台風のため終日すべての便が欠航した。,たいふうのためしゅうじつすべてのびんがけっこうした。,태풍 때문에 종일 모든 항공편이 결항했다.
重複,じゅうふく,중복,JLPT_1 JLPT,p![gg$W+^E,名簿に同じ名前が重複して登録されている。,めいぼにおなじなまえがじゅうふくしてとうろくされている。,명부에 같은 이름이 중복 등록되어 있다.
収容する,しゅうようする,수용하다,JLPT_1 JLPT,"=Z%kD6S,14",救助された住民を体育館に収容した。,きゅうじょされたじゅうみんをたいいくかんにしゅうようした。,구조된 주민들을 체육관에 수용했다.
出荷,しゅっか,출하,JLPT_1 JLPT,b3>eENi22@,収穫した野菜を早朝に市場へ出荷する。,しゅうかくしたやさいをそうちょうにいちばへしゅっかする。,수확한 채소를 이른 아침 시장으로 출하한다.
照合,しょうごう,대조,JLPT_1 JLPT,z#zrL2tny),伝票と商品の番号を一つずつ照合した。,でんぴょうとしょうひんのばんごうをひとつずつしょうごうした。,전표와 상품 번호를 하나씩 대조했다.
昇進,しょうしん,승진,JLPT_1 JLPT,LJu7ed`w@0,彼は来月、支店長に昇進する。,かれはらいげつ、してんちょうにしょうしんする。,그는 다음 달 지점장으로 승진한다.
ショック,しょっく,"쇼크, 충격",JLPT_1 JLPT,DPvijcf.pP,突然の解雇に大きなショックを受けた。,とつぜんのかいこにおおきなしょっくをうけた。,갑작스러운 해고에 큰 충격을 받았다.
退く,しりぞく,"물러나다, 후퇴하다",JLPT_1 JLPT,"|xpj,1g}cY",敵の猛攻を受けて部隊は一時退いた。,てきのもうこうをうけてぶたいはいちじしりぞいた。,적의 맹공을 받아 부대는 잠시 후퇴했다.
仕業,しわざ,"소행, 짓",JLPT_1 JLPT,X|nv0F-@ZE,机の落書きは弟の仕業だった。,つくえのらくがきはおとうとのしわざだった。,책상의 낙서는 남동생의 짓이었다.
親善,しんぜん,친선,JLPT_1 JLPT,uGyrS44[-%,両国の選手が親善試合で交流した。,りょうこくのせんしゅがしんぜんじあいでこうりゅうした。,양국 선수들이 친선 경기에서 교류했다.
素早い,すばやい,재빠르다,JLPT_1 JLPT,.c)~a]q4i=,猫は物音に驚いて素早く逃げた。,ねこはものおとにおどろいてすばやくにげた。,고양이는 소리에 놀라 재빨리 달아났다.
ずばりと,ずばりと,딱(정곡을 정확히 찌르는 모양),JLPT_1 JLPT,MLwSih)fee,彼は計画の欠点をずばりと指摘した。,かれはけいかくのけってんをずばりとしてきした。,그는 계획의 결점을 정확히 지적했다.
ずらっと,ずらっと,"늘어선 모양, 주욱",JLPT_1 JLPT,W^-^*w]i;7,店先には新鮮な果物がずらっと並んでいる。,みせさきにはしんせんなくだものがずらっとならんでいる。,가게 앞에는 신선한 과일이 쭉 늘어서 있다.
正当な,せいとうな,정당한,JLPT_1 JLPT,3LMABJ@LUt,正当な理由なく欠席すれば減点される。,せいとうなりゆうなくけっせきすればげんてんされる。,정당한 이유 없이 결석하면 감점된다.
絶滅,ぜつめつ,"절멸, 멸종",JLPT_1 JLPT,}N5km1Gp5/,乱獲によって多くの魚種が絶滅の危機にある。,らんかくによっておおくのぎょしゅがぜつめつのききにある。,남획으로 많은 어종이 멸종 위기에 놓여 있다.
相応,そうおう,"상응, 어울림",JLPT_1 JLPT,LljRR]uUAg,会社は能力相応の給与を提示した。,かいしゃはのうりょくそうおうのきゅうよをていじした。,회사는 능력에 상응하는 급여를 제시했다.
総じて,そうじて,"대체로, 일반적으로",JLPT_1 JLPT,"mK6N,9zECt",この地域の住民は総じて防災意識が高い。,このちいきのじゅうみんはそうじてぼうさいいしきがたかい。,이 지역 주민들은 대체로 방재 의식이 높다.
底力,そこぢから,저력,JLPT_1 JLPT,MZ$-H-|g5A,苦しい試合でチームの底力が発揮された。,くるしいしあいでちーむのそこぢからがはっきされた。,힘든 경기에서 팀의 저력이 발휘되었다.
そそる,そそる,(식욕 등을) 돋우다,JLPT_1 JLPT,1uhYq.>1fO,香ばしい匂いが食欲をそそる。,こうばしいにおいがしょくよくをそそる。,고소한 냄새가 식욕을 돋운다.
備え付ける,そなえつける,"비치하다, 설비하다",JLPT_1 JLPT,`$op~F^X[J,各客室に小型の冷蔵庫を備え付けた。,かくきゃくしつにこがたのれいぞうこをそなえつけた。,각 객실에 소형 냉장고를 비치했다.
そらす,そらす,"(딴 데로) 돌리다, 빗나가게 하다",JLPT_1 JLPT,S#{Grp[gdq,彼は都合の悪い質問から目をそらした。,かれはつごうのわるいしつもんからめをそらした。,그는 곤란한 질문에서 시선을 돌렸다.
耐えがたい,たえがたい,"(괴로움, 자극) 견디기 힘들다",JLPT_1 JLPT,"fZjY)T}s,d",真夏の工事現場は耐えがたい暑さだった。,まなつのこうじげんばはたえがたいあつさだった。,한여름 공사 현장은 견디기 힘든 더위였다.
巧み,たくみ,솜씨가 좋음,JLPT_1 JLPT,"O:}9*2zVw,",職人は巧みな手つきで魚をさばいた。,しょくにんはたくみなてつきでさかなをさばいた。,장인은 능숙한 손놀림으로 생선을 손질했다.
携わる,たずさわる,"(어떤 일) 관계하다, 종사하다",JLPT_1 JLPT,i8u#X]V6IW,父は長年、橋の建設に携わってきた。,ちちはながねん、はしのけんせつにたずさわってきた。,아버지는 오랫동안 다리 건설에 종사해 왔다.
脱却する,だっきゃくする,"탈피하다, 벗어나다",JLPT_1 JLPT,EbvT-tnU%@,古い慣習から脱却するには勇気が要る。,ふるいかんしゅうからだっきゃくするにはゆうきがいる。,낡은 관습에서 벗어나려면 용기가 필요하다.
たやすい,たやすい,"쉽다, 용이하다",JLPT_1 JLPT,X$SmOV<#Nh,基本を理解すれば操作はたやすい。,きほんをりかいすればそうさはたやすい。,기본을 이해하면 조작은 쉽다.
単一,たんいつ,단일,JLPT_1 JLPT,6.bagGX/$8,この機械は単一の電池で動く。,このきかいはたんいつのでんちでうごく。,이 기계는 단일 배터리로 작동한다.
断じて,だんじて,결코,JLPT_1 JLPT,dMT*>_OIpj,暴力による解決は断じて認められない。,ぼうりょくによるかいけつはだんじてみとめられない。,폭력에 의한 해결은 결코 인정할 수 없다.
緻密な,ちみつな,치밀한,JLPT_1 JLPT,F$|sW.hI(P,犯人は緻密な計画を立てていた。,はんにんはちみつなけいかくをたてていた。,범인은 치밀한 계획을 세우고 있었다.
忠実,ちゅうじつ,충실함,JLPT_1 JLPT,to{N0ekNyB,原作に忠実な映画だと評価された。,げんさくにちゅうじつなえいがだとひょうかされた。,원작에 충실한 영화라는 평가를 받았다.
中毒,ちゅうどく,중독,JLPT_1 JLPT,afXxDxan^a,彼はアルコール中毒の治療を受けている。,かれはあるこーるちゅうどくのちりょうをうけている。,그는 알코올 중독 치료를 받고 있다.
調達,ちょうたつ,조달,JLPT_1 JLPT,N?wwpuV45G,海外から必要な部品を調達した。,かいがいからひつようなぶひんをちょうたつした。,해외에서 필요한 부품을 조달했다.
痛烈な,つうれつな,통렬한,JLPT_1 JLPT,Ar5`N2cxDX,首相の発言に野党から痛烈な批判が相次いだ。,しゅしょうのはつげんにやとうからつうれつなひはんがあいついだ。,총리의 발언에 야당의 통렬한 비판이 잇따랐다.
つぶやく,つぶやく,"중얼거리다, 투덜거리다",JLPT_1 JLPT,0emQZMBIJ),彼は結果を見て「信じられない」とつぶやいた。,かれはけっかをみて「しんじられない」とつぶやいた。,그는 결과를 보고 “믿을 수 없어”라고 중얼거렸다.
手厚い,てあつい,"극진하다, 융숭하다",JLPT_1 JLPT,8cTa(5!2)d,被災者には手厚い支援が必要だ。,ひさいしゃにはてあついしえんがひつようだ。,이재민에게는 두터운 지원이 필요하다.
提起,ていき,제기,JLPT_1 JLPT,LS<U<r?a^U,住民が騒音問題を市議会に提起した。,じゅうみんがそうおんもんだいをしぎかいにていきした。,주민이 소음 문제를 시의회에 제기했다.
手痛い,ていたい,"뼈아프다, 타격이 크다",JLPT_1 JLPT,ji0|r=Ld9w,主力選手の離脱はチームに手痛い打撃だ。,しゅりょくせんしゅのりだつはちーむにていたいだげきだ。,주전 선수의 이탈은 팀에 뼈아픈 타격이다.
撤回,てっかい,철회,JLPT_1 JLPT,<`zkW/JWq2,批判を受けて会社は新方針を撤回した。,ひはんをうけてかいしゃはしんほうしんをてっかいした。,비판을 받고 회사는 새 방침을 철회했다.
デマ,でま,"헛소문, 유언비어",JLPT_1 JLPT,YaP+~b0N11,根拠のないデマを広めてはいけない。,こんきょのないでまをひろめてはいけない。,근거 없는 헛소문을 퍼뜨려서는 안 된다.
問い詰める,といつめる,"추궁하다, 힐난하다",JLPT_1 JLPT,_tv(nez{Qg,母親は帰宅が遅れた理由を息子に問い詰めた。,ははおやはきたくがおくれたりゆうをむすこにといつめた。,어머니는 귀가가 늦은 이유를 아들에게 추궁했다.
どうやら,どうやら,"어쩐지, 아무래도",JLPT_1 JLPT,ucBIj2.l6q,雨音がしないので、どうやら雨はやんだらしい。,あまおとがしないので、どうやらあめはやんだらしい。,빗소리가 나지 않는 걸 보니 아무래도 비가 그친 모양이다.
とく,とく,같다,JLPT_1 JLPT,9F@p0JI{Q=,飲み物は先に冷蔵庫へ入れとくね。,のみものはさきにれいぞうこへいれとくね。,음료는 미리 냉장고에 넣어 둘게.
特産,とくさん,특산,JLPT_1 JLPT,eh++L6#2x5,この地方はみかんの特産地として知られる。,このちほうはみかんのとくさんちとしてしられる。,이 지방은 귤 특산지로 알려져 있다.
遂げる,とげる,이루다,JLPT_1 JLPT,dWz~z;f>#$,彼女は史上初の三連覇を遂げた。,かのじょはしじょうはつのさんれんぱをとげた。,그녀는 사상 최초의 3연패를 이루었다.
とっくに,とっくに,"훨씬 전에, 벌써",JLPT_1 JLPT,2Tc;Cb_e^G,頼まれた仕事ならとっくに終わっている。,たのまれたしごとならとっくにおわっている。,부탁받은 일이라면 벌써 끝났다.
突如,とつじょ,"갑자기, 별안간",JLPT_1 JLPT,*/NRp!kFjT,突如、大きな音とともに照明が消えた。,とつじょ、おおきなおととともにしょうめいがきえた。,갑자기 큰 소리와 함께 조명이 꺼졌다.
なつく,なつく,따르다,JLPT_1 JLPT,WQ1TD^0vw},毎日餌をやると野良猫が私になついた。,まいにちえさをやるとのらねこがわたしになついた。,매일 먹이를 주자 길고양이가 나를 따르게 됐다.
なんとか,なんとか,"어떻게든, 그럭저럭",JLPT_1 JLPT,sD&twE;>oM,締め切りまでになんとか原稿を書き上げた。,しめきりまでになんとかげんこうをかきあげた。,마감까지 어떻게든 원고를 완성했다.
にぎわう,にぎわう,"활기차다, 붐비다",JLPT_1 JLPT,=$0tncQ2Yq,週末の市場は観光客でにぎわう。,しゅうまつのいちばはかんこうきゃくでにぎわう。,주말 시장은 관광객으로 붐빈다.
抜き打ち,ぬきうち,"갑자기, 불시에",JLPT_1 JLPT,W2x2N2?VAS,税務署が店に抜き打ちで検査に入った。,ぜいむしょがみせにぬきうちでけんさにはいった。,세무서가 가게에 불시 검사를 나왔다.
入手,にゅうしゅ,"입수, 손에 넣음",JLPT_1 JLPT,79/nmgBaW5,発売日に限定版を入手できた。,はつばいびにげんていばんをにゅうしゅできた。,발매일에 한정판을 손에 넣을 수 있었다.
望ましい,のぞましい,바람직하다,JLPT_1 JLPT,}nhLiu(z|Z,双方が納得できる解決が望ましい。,そうほうがなっとくできるかいけつがのぞましい。,양측이 납득할 수 있는 해결이 바람직하다.
乗り出す,のりだす,"적극적으로 나서다, 착수하다",JLPT_1 JLPT,pH)8^>-<Z9,自治体は観光客の誘致に乗り出した。,じちたいはかんこうきゃくのゆうちにのりだした。,지자체는 관광객 유치에 적극 나섰다.
ののしる,ののしる,"욕을 퍼붓다, 매도하다",JLPT_1 JLPT,"KMy1,/2LP)",観客は反則した選手を激しくののしった。,かんきゃくははんそくしたせんしゅをはげしくののしった。,관중은 반칙한 선수를 심하게 욕했다.
配属,はいぞく,배속,JLPT_1 JLPT,E&GZ:=wgkN,新入社員は来月から大阪支店に配属される。,しんにゅうしゃいんはらいげつからおおさかしてんにはいぞくされる。,신입 사원은 다음 달부터 오사카 지점에 배속된다.
配布,はいふ,배포,JLPT_1 JLPT,"W06-@z:,ht",駅前で災害時の避難地図を配布した。,えきまえでさいがいじのひなんちずをはいふした。,역 앞에서 재해 시 대피 지도를 배포했다.
はがす,はがす,"벗기다, 떼다",JLPT_1 JLPT,|`J[~1fbzA,値札をはがしてから贈り物を包んだ。,ねふだをはがしてからおくりものをつつんだ。,가격표를 떼고 나서 선물을 포장했다.
はかどる,はかどる,진척되다,JLPT_1 JLPT,o&.&Gu5;]`,静かな場所では勉強がよくはかどる。,しずかなばしょではべんきょうがよくはかどる。,조용한 곳에서는 공부가 잘된다.
迫力,はくりょく,"박력, 압도적인 힘",JLPT_1 JLPT,#$T@>dT8Dq,舞台で聞いた生演奏は迫力があった。,ぶたいできいたなまえんそうははくりょくがあった。,무대에서 들은 라이브 연주는 박력이 있었다.
はなはだしい,はなはだしい,"매우 심하다, 대단하다",JLPT_1 JLPT,KuahNKWoHP,今年は地域による気温差がはなはだしい。,ことしはちいきによるきおんさがはなはだしい。,올해는 지역에 따른 기온 차가 매우 심하다.
腹が立つ,はらがたつ,화가 나다,JLPT_1 JLPT,}S@_:WfF>1,約束を何度も破られて腹が立った。,やくそくをなんどもやぶられてはらがたった。,약속을 몇 번이나 어겨서 화가 났다.
煩雑,はんざつ,번잡함(번거롭고 복잡함),JLPT_1 JLPT,y9a*.SA<h],申請の手続きが煩雑で時間がかかる。,しんせいのてつづきがはんざつでじかんがかかる。,신청 절차가 번거롭고 복잡해서 시간이 걸린다.
繁盛,はんじょう,"번성, 번창",JLPT_1 JLPT,f#R$+FHmsr,駅前に移転してから店が繁盛している。,えきまえにいてんしてからみせがはんじょうしている。,역 앞으로 이전한 뒤 가게가 번창하고 있다.
ひたむき,ひたむき,"외곬으로, 한결같이",JLPT_1 JLPT,jBZl:b.0j3,彼女のひたむきな姿勢が周囲の心を動かした。,かのじょのひたむきなしせいがしゅういのこころをうごかした。,그녀의 한결같은 자세가 주변 사람들의 마음을 움직였다.
人一倍,ひといちばい,"두 배, 갑절, 한층 더",JLPT_1 JLPT,:5E4F:3R]c,兄は人一倍努力して代表選手になった。,あにはひといちばいどりょくしてだいひょうせんしゅになった。,형은 남보다 훨씬 더 노력해 국가대표 선수가 되었다.
人手,ひとで,일손,JLPT_1 JLPT,Q1gYMEWg/!,人手が足りず店長も厨房を手伝った。,ひとでがたりずてんちょうもちゅうぼうをてつだった。,일손이 부족해 점장도 주방 일을 도왔다.
秘める,ひめる,① 숨기다 ② (속에) 간직하다,JLPT_1 JLPT,1BsF$V}!X=,この小さな種は強い生命力を秘めている。,このちいさなたねはつよいせいめいりょくをひめている。,이 작은 씨앗은 강한 생명력을 품고 있다.
拍子,ひょうし,① 박자 ② ~하는 바람에,JLPT_1 JLPT,)8bvmy:.q5,立ち上がった拍子に棚に頭をぶつけた。,たちあがったひょうしにたなにあたまをぶつけた。,일어서는 바람에 선반에 머리를 부딪쳤다.
品種,ひんしゅ,품종,JLPT_1 JLPT,s}=Jl_^BJ?,病気に強い米の品種が開発された。,びょうきにつよいこめのひんしゅがかいはつされた。,병에 강한 쌀 품종이 개발되었다.
風潮,ふうちょう,풍조,JLPT_1 JLPT,hDnpKG2iTn,若者の間で転職を前向きに捉える風潮が広がった。,わかもののあいだでてんしょくをまえむきにとらえるふうちょうがひろがった。,젊은이들 사이에서 이직을 긍정적으로 보는 풍조가 퍼졌다.
ぶかぶか,ぶかぶか,헐렁헐렁,JLPT_1 JLPT,QR{m~yWRQV,この靴は大きすぎてぶかぶかだ。,このくつはおおきすぎてぶかぶかだ。,이 신발은 너무 커서 헐렁하다.
不順,ふじゅん,불순함,JLPT_1 JLPT,6*LltxBw/_,天候不順で野菜の価格が上がった。,てんこうふじゅんでやさいのかかくがあがった。,고르지 못한 날씨로 채소 가격이 올랐다.
復旧,ふっきゅう,복구,JLPT_1 JLPT,w_t4?!iNO(,大雨で止まった鉄道は翌朝復旧した。,おおあめでとまったてつどうはよくあさふっきゅうした。,폭우로 멈춘 철도는 다음 날 아침 복구되었다.
不服,ふふく,"불만, 납득이 가지 않음",JLPT_1 JLPT,#$BK`cb1bO,判定を不服として選手側が抗議した。,はんていをふふくとしてせんしゅがわがこうぎした。,판정에 불복해 선수 측이 항의했다.
不満,ふまん,불만,JLPT_1 JLPT,K^6;ey~P9G,客は料理が冷たいと不満を漏らした。,きゃくはりょうりがつめたいとふまんをもらした。,손님은 음식이 차갑다며 불만을 터뜨렸다.
ぺこぺこ,ぺこぺこ,굽실굽실,JLPT_1 JLPT,6HN[IvB|vv,彼は上司に会うたびぺこぺこ頭を下げる。,かれはじょうしにあうたびぺこぺこあたまをさげる。,그는 상사를 만날 때마다 굽실거리며 고개를 숙인다.
へりくだる,へりくだる,자기를 낮추다,JLPT_1 JLPT,7q4WRC-hEl,必要以上にへりくだる話し方はかえって不自然だ。,ひつよういじょうにへりくだるはなしかたはかえってふしぜんだ。,필요 이상으로 자신을 낮추는 말투는 오히려 부자연스럽다.
ボイコット,ぼいこっと,"보이콧, 불매 동맹",JLPT_1 JLPT,kBm>q{Qy4s,人権侵害に抗議して大会をボイコットした。,じんけんしんがいにこうぎしてたいかいをぼいこっとした。,인권 침해에 항의해 대회를 보이콧했다.
没頭,ぼっとう,몰두,JLPT_1 JLPT,==_%M!m5kC,時間を忘れて研究に没頭した。,じかんをわすれてけんきゅうにぼっとうした。,시간을 잊고 연구에 몰두했다.
ぽつぽつ,ぽつぽつ,"슬슬, 조금씩",JLPT_1 JLPT,ab#b(>ZB#(,春になると観光客がぽつぽつ訪れ始める。,はるになるとかんこうきゃくがぽつぽつおとずれはじめる。,봄이 되면 관광객이 조금씩 찾아오기 시작한다.
補填する,ほてんする,"보충하다, 채우다",JLPT_1 JLPT,"3I6,k9+Oak",予備費で工事費の不足分を補填した。,よびひでこうじひのふそくぶんをほてんした。,예비비로 공사비 부족분을 충당했다.
ほどける,ほどける,(저절로) 풀어지다,JLPT_1 JLPT,"tOK},4N=Kw",歩いているうちに靴ひもがほどけた。,あるいているうちにくつひもがほどけた。,걷는 사이에 신발 끈이 풀렸다.
程遠い,ほどとおい,"동떨어지다, 차이가 많이 나다",JLPT_1 JLPT,Op%[t8fKV3,現在の成績は優勝には程遠い。,げんざいのせいせきはゆうしょうにはほどとおい。,현재 성적은 우승과는 거리가 멀다.
ほほえましい,ほほえましい,흐뭇하다,JLPT_1 JLPT,mhbIrblXso,幼い兄妹が手をつないで歩く姿はほほえましい。,おさないきょうだいがてをつないであるくすがたはほほえましい。,어린 남매가 손을 잡고 걷는 모습은 흐뭇하다.
滅びる,ほろびる,"멸망하다, 쇠퇴하다",JLPT_1 JLPT,:ALmct*1O],水源を失えばこの村はいずれ滅びる。,すいげんをうしなえばこのむらはいずれほろびる。,수원을 잃으면 이 마을은 언젠가 사라질 것이다.
保留,ほりゅう,보류,JLPT_1 JLPT,w+4mqBtSQc,詳細が決まるまで契約するかどうかの判断を保留した。,しょうさいがきまるまでけいやくするかどうかのはんだんをほりゅうした。,세부 사항이 정해질 때까지 계약 여부에 대한 판단을 보류했다.
交える,まじえる,"섞다, 교차시키다, 주고받다",JLPT_1 JLPT,0Y(({$D$Me,冗談を交えながら新入社員を紹介した。,じょうだんをまじえながらしんにゅうしゃいんをしょうかいした。,농담을 섞어 가며 신입 사원을 소개했다.
真っ先,まっさき,맨 먼저,JLPT_1 JLPT,%43Cn^r4Pc,事故の知らせを聞いて真っ先に現場へ向かった。,じこのしらせをきいてまっさきにげんばへむかった。,사고 소식을 듣고 가장 먼저 현장으로 향했다.
まるまる,まるまる,"전부, 완전히",JLPT_1 JLPT,2wpaZbeZ%l,夏休みをまるまる一か月海外で過ごした。,なつやすみをまるまるいっかげつかいがいですごした。,여름 방학 한 달 전부를 해외에서 보냈다.
まろやかな,まろやかな,"부드러운, 순한",JLPT_1 JLPT,]h+?Zx%|^9,このワインは酸味が少なくまろやかな味わいだ。,このわいんはさんみがすくなくまろやかなあじわいだ。,이 와인은 신맛이 적고 부드러운 맛이다.
満喫,まんきつ,만끽,JLPT_1 JLPT,TVTbKvfYo7,温泉と郷土料理を存分に満喫した。,おんせんときょうどりょうりをぞんぶんにまんきつした。,온천과 향토 요리를 마음껏 만끽했다.
見失う,みうしなう,보던 것을 놓치다,JLPT_1 JLPT,WF/ir_zK;c,雑踏の中で友人を見失った。,ざっとうのなかでゆうじんをみうしなった。,붐비는 인파 속에서 친구를 놓쳤다.
見落とす,みおとす,"간과하다, 빠뜨리고 보다",JLPT_1 JLPT,R{M(BFA:N3,急いで確認したため誤字を見落とした。,いそいでかくにんしたためごじをみおとした。,서둘러 확인한 탓에 오자를 놓쳤다.
満たない,みたない,(기준·한도에 차지 않아) 부족하다,JLPT_1 JLPT,1<h+meLPgx,会場に集まったのは百人に満たなかった。,かいじょうにあつまったのはひゃくにんにみたなかった。,행사장에 모인 사람은 백 명이 채 되지 않았다.
密集,みっしゅう,밀집,JLPT_1 JLPT,7&RvGf>aQd,狭い地域に工場が密集している。,せまいちいきにこうじょうがみっしゅうしている。,좁은 지역에 공장이 밀집해 있다.
無造作に,むぞうさに,"손쉽게, 간단히, 아무렇게나",JLPT_1 JLPT,LwKy%`tJ]Q,彼は届いた手紙を無造作に机に置いた。,かれはとどいたてがみをむぞうさにつくえにおいた。,그는 도착한 편지를 아무렇게나 책상에 놓았다.
目がさえる,めがさえる,"잠이 안 오다, 눈이 말똥말똥하다",JLPT_1 JLPT,]iimZ3z#VB,濃いコーヒーを飲んだせいで目がさえて眠れない。,こいこーひーをのんだせいでめがさえてねむれない。,진한 커피를 마신 탓에 눈이 말똥말똥해 잠들 수 없다.
目覚ましい,めざましい,"눈부시다, 놀랍다",JLPT_1 JLPT,)t/0J~=BLf,新薬の開発で目覚ましい成果を上げた。,しんやくのかいはつでめざましいせいかをあげた。,신약 개발에서 눈부신 성과를 거두었다.
目まぐるしい,めまぐるしい,"눈이 핑핑 돌다, 변화가 빠르다",JLPT_1 JLPT,`[sH)W]BaB,流行が目まぐるしく変わる業界で働いている。,りゅうこうがめまぐるしくかわるぎょうかいではたらいている。,유행이 빠르게 바뀌는 업계에서 일하고 있다.
目安,めやす,"목표, 기준",JLPT_1 JLPT,+*^pOQ0rLo,一日二千歩を運動の目安にしている。,いちにちにせんぽをうんどうのめやすにしている。,하루 2천 보를 운동 기준으로 삼고 있다.
面識,めんしき,"면식, 안면",JLPT_1 JLPT,Jkr%0W|ZK-,彼とは面識があるが話したことはない。,かれとはめんしきがあるがはなしたことはない。,그와는 안면은 있지만 이야기한 적은 없다.
免除,めんじょ,면제,JLPT_1 JLPT,"N*m,n=[D9@",一定の条件を満たせば入学金が免除される。,いっていのじょうけんをみたせばにゅうがくきんがめんじょされる。,일정한 조건을 충족하면 입학금이 면제된다.
もたらす,もたらす,"가져오다, 초래하다",JLPT_1 JLPT,SX|okG43X&,技術革新は私たちの生活に大きな変化をもたらした。,ぎじゅつかくしんはわたしたちのせいかつにおおきなへんかをもたらした。,기술 혁신은 우리 생활에 큰 변화를 가져왔다.
もはや,もはや,"이제는, 벌써",JLPT_1 JLPT,FBroOEE`r+,この建物はもはや修復できない状態だ。,このたてものはもはやしゅうふくできないじょうたいだ。,이 건물은 이제는 복구할 수 없는 상태다.
養う,やしなう,"양육하다, 기르다",JLPT_1 JLPT,.|&ry1Y0{-,読書は想像力を養うのに役立つ。,どくしょはそうぞうりょくをやしなうのにやくだつ。,독서는 상상력을 기르는 데 도움이 된다.
優位,ゆうい,우위(다른 것보다 유리한 입장),JLPT_1 JLPT,C*H1}{CYS+,後半は体力のある選手が優位に立った。,こうはんはたいりょくのあるせんしゅがゆういにたった。,후반에는 체력이 좋은 선수가 우위를 점했다.
有数,ゆうすう,"유수, 손꼽힘",JLPT_1 JLPT,q*I}4IdB8c,京都は国内有数の観光都市だ。,きょうとはこくないゆうすうのかんこうとしだ。,교토는 국내에서 손꼽히는 관광 도시다.
誘致,ゆうち,(공장이나 기업의) 유치,JLPT_1 JLPT,t2hc9#iMiK,市は郊外に工場を誘致する計画だ。,しはこうがいにこうじょうをゆうちするけいかくだ。,시는 교외에 공장을 유치할 계획이다.
譲る,ゆずる,"넘겨주다, 양도하다",JLPT_1 JLPT,*^VKs@f4+W,妊婦に席を譲る学生を見かけた。,にんぷにせきをゆずるがくせいをみかけた。,임신부에게 자리를 양보하는 학생을 보았다.
要請,ようせい,요청,JLPT_1 JLPT,",*i^z^`WB6",政府は住民に速やかな避難を要請した。,せいふはじゅうみんにすみやかなひなんをようせいした。,정부는 주민들에게 신속한 대피를 요청했다.
要望,ようぼう,"요망, 간절히 바람",JLPT_1 JLPT,&SXkXx-.i),利用者から営業時間延長の要望が寄せられた。,りようしゃからえいぎょうじかんえんちょうのようぼうがよせられた。,이용자들로부터 영업시간 연장 요구가 접수되었다.
よほど,よほど,"훨씬, 상당히",JLPT_1 JLPT,";(@0U8sS5,",外は室内よりよほど寒かった。,そとはしつないよりよほどさむかった。,밖은 실내보다 훨씬 추웠다.
リタイア,りたいあ,① 기권 ② 은퇴,JLPT_1 JLPT,Y%Oc7x/-4H,足を痛めた選手が途中でリタイアした。,あしをいためたせんしゅがとちゅうでりたいあした。,다리를 다친 선수가 도중에 기권했다.
両立,りょうりつ,"양립, 병행",JLPT_1 JLPT,?Adb>xd4ZX,育児と仕事を無理なく両立させたい。,いくじとしごとをむりなくりょうりつさせたい。,육아와 일을 무리 없이 병행하고 싶다.
連携,れんけい,제휴,JLPT_1 JLPT,W_VL4bA0>P,病院と消防が連携して救助訓練を行った。,びょういんとしょうぼうがれんけいしてきゅうじょくんれんをおこなった。,병원과 소방이 협력해 구조 훈련을 실시했다.
露骨,ろこつ,노골적임,JLPT_1 JLPT,>!t:wD%>Gk,彼は嫌悪感を露骨に顔に出した。,かれはけんおかんをろこつにかおにだした。,그는 혐오감을 노골적으로 얼굴에 드러냈다.
